customerID,Contract,tenure,MonthlyCharges,InternetService,churn_probability,risk_tier
9300-AGZNL,Month-to-month,1,94.0,Fiber optic,0.924244354001118,High
9497-QCMMS,Month-to-month,1,93.55,Fiber optic,0.9238284191843841,High
4910-GMJOT,Month-to-month,1,94.6,Fiber optic,0.9178063911130503,High
8149-RSOUN,Month-to-month,1,93.85,Fiber optic,0.9178063911130503,High
1069-XAIEM,Month-to-month,1,85.05,Fiber optic,0.9171389144784052,High
5178-LMXOP,Month-to-month,1,95.1,Fiber optic,0.9162037715201866,High
0295-PPHDO,Month-to-month,1,95.45,Fiber optic,0.9154350861754195,High
5192-EBGOV,Month-to-month,1,85.7,Fiber optic,0.9149355883275068,High
7216-EWTRS,Month-to-month,1,100.8,Fiber optic,0.912912322760457,High
9282-IZGQK,Month-to-month,1,85.0,Fiber optic,0.9117569603977607,High
3068-OMWZA,Month-to-month,1,88.8,Fiber optic,0.911754288448027,High
7024-OHCCK,Month-to-month,2,93.85,Fiber optic,0.9102436453763668,High
9248-OJYKK,Month-to-month,1,76.45,Fiber optic,0.9100651149935138,High
8603-IJWDN,Month-to-month,1,86.6,Fiber optic,0.9099449919347619,High
2720-WGKHP,Month-to-month,2,94.0,Fiber optic,0.909534885302923,High
6894-LFHLY,Month-to-month,1,75.75,Fiber optic,0.9091823060492931,High
4424-TKOPW,Month-to-month,2,93.85,Fiber optic,0.9090809064759565,High
4826-XTSOH,Month-to-month,1,86.05,Fiber optic,0.9088765433153202,High
5419-JPRRN,Month-to-month,1,101.45,Fiber optic,0.9085729182963455,High
4912-PIGUY,Month-to-month,1,84.6,Fiber optic,0.9081843610344392,High
4988-IQIGL,Month-to-month,1,75.35,Fiber optic,0.9078002058018151,High
5240-IJOQT,Month-to-month,1,74.7,Fiber optic,0.9075105368064207,High
3551-HUAZH,Month-to-month,1,74.4,Fiber optic,0.9069895309383917,High
8473-VUVJN,Month-to-month,1,73.65,Fiber optic,0.9068161779056484,High
6567-HOOPW,Month-to-month,1,79.2,Fiber optic,0.9054314364007644,High
1374-DMZUI,Month-to-month,4,94.3,Fiber optic,0.9052113653821892,High
3988-RQIXO,Month-to-month,1,91.3,Fiber optic,0.9051915099957479,High
2609-IAICY,Month-to-month,1,77.15,Fiber optic,0.9051789989135807,High
5150-ITWWB,Month-to-month,3,94.85,Fiber optic,0.9047244144953015,High
1833-VGRUM,Month-to-month,1,74.2,Fiber optic,0.9046882636123806,High
8775-LHDJH,Month-to-month,1,90.6,Fiber optic,0.9042810230205305,High
8098-LLAZX,Month-to-month,4,95.45,Fiber optic,0.9041994680220284,High
8580-AECUZ,Month-to-month,1,79.1,Fiber optic,0.9033798121352373,High
0021-IKXGC,Month-to-month,1,72.1,Fiber optic,0.9032917547384468,High
9787-XVQIU,Month-to-month,1,75.3,Fiber optic,0.9030489520687144,High
6358-LYNGM,Month-to-month,1,74.9,Fiber optic,0.9027210653155057,High
1157-BQCUW,Month-to-month,1,74.95,Fiber optic,0.9027210653155057,High
3158-MOERK,Month-to-month,2,96.0,Fiber optic,0.9025933809066097,High
6521-YYTYI,Month-to-month,1,93.3,Fiber optic,0.9023289323466689,High
8058-INTPH,Month-to-month,1,79.65,Fiber optic,0.9022660585566941,High
1415-YFWLT,Month-to-month,1,89.3,Fiber optic,0.9021206159846374,High
1452-VOQCH,Month-to-month,1,75.1,Fiber optic,0.9020090274385151,High
5834-ASPWA,Month-to-month,1,75.45,Fiber optic,0.9017315904212782,High
4102-OQUPX,Month-to-month,1,74.4,Fiber optic,0.9015174270983535,High
5960-WPXQM,Month-to-month,1,79.05,Fiber optic,0.9013830929180073,High
1761-AEZZR,Month-to-month,1,79.55,Fiber optic,0.9013830929180073,High
2514-GINMM,Month-to-month,1,79.5,Fiber optic,0.9013830929180073,High
8740-CRYFY,Month-to-month,1,78.95,Fiber optic,0.9013830929180073,High
4415-IJZTP,Month-to-month,1,74.5,Fiber optic,0.9013629485410621,High
5494-HECPR,Month-to-month,1,80.25,Fiber optic,0.901286706268023,High
7851-WZEKY,Month-to-month,2,95.15,Fiber optic,0.9011916273336508,High
6513-EECDB,Month-to-month,1,73.55,Fiber optic,0.9011465375742294,High
5567-WSELE,Month-to-month,3,94.6,Fiber optic,0.9010070248371514,High
0723-DRCLG,Month-to-month,1,74.45,Fiber optic,0.9009172398064341,High
8816-VXNZD,Month-to-month,1,75.1,Fiber optic,0.9007330706636355,High
2636-ALXXZ,Month-to-month,1,69.6,Fiber optic,0.9005987054051949,High
8375-DKEBR,Month-to-month,1,69.6,Fiber optic,0.9005987054051949,High
4871-JTKJF,Month-to-month,1,69.65,Fiber optic,0.9005987054051949,High
9300-RENDD,Month-to-month,1,79.95,Fiber optic,0.900403740629336,High
0495-RVCBF,Month-to-month,1,79.7,Fiber optic,0.8998618834386427,High
3027-ZTDHO,Month-to-month,1,89.9,Fiber optic,0.8994745689924795,High
0107-YHINA,Month-to-month,1,99.75,Fiber optic,0.8990500896140914,High
7493-TPUWZ,Month-to-month,1,79.15,Fiber optic,0.8988671867982847,High
0970-ETWGE,Month-to-month,1,89.55,Fiber optic,0.8988582754948912,High
5550-VFRLC,Month-to-month,1,69.85,Fiber optic,0.8988335661602552,High
7274-RTAPZ,Month-to-month,1,90.55,Fiber optic,0.8988266726480962,High
3722-WPXTK,Month-to-month,1,88.35,Fiber optic,0.8985120345350699,High
8062-YBDOE,Month-to-month,1,69.65,Fiber optic,0.8983684096043056,High
5539-TMZLF,Month-to-month,1,69.75,Fiber optic,0.8981527377274815,High
1455-ESIQH,Month-to-month,1,89.1,Fiber optic,0.8979388450503663,High
9057-SIHCH,Month-to-month,3,96.6,Fiber optic,0.8978946474625574,High
4614-NUVZD,Month-to-month,1,81.1,Fiber optic,0.8976962162210085,High
2004-OCQXK,Month-to-month,1,81.95,Fiber optic,0.8976494620909402,High
2868-MZAGQ,Month-to-month,1,79.25,Fiber optic,0.8973646922413091,High
8000-REIQB,Month-to-month,1,69.95,Fiber optic,0.8969943878614838,High
9681-OXGVC,Month-to-month,5,100.5,Fiber optic,0.8968359648318291,High
7439-DKZTW,Month-to-month,1,80.55,Fiber optic,0.8966873873429811,High
7577-SWIFR,Month-to-month,1,89.25,Fiber optic,0.8966679219729305,High
7206-GZCDC,Month-to-month,1,69.25,Fiber optic,0.8964198939153668,High
2446-BEGGB,Month-to-month,6,98.25,Fiber optic,0.8959320104193838,High
6861-XWTWQ,Month-to-month,7,99.25,Fiber optic,0.8957992027792497,High
2545-EBUPK,Month-to-month,2,84.05,Fiber optic,0.8957889987000751,High
6457-USBER,Month-to-month,1,80.8,Fiber optic,0.8955747566016705,High
6023-YEBUP,Month-to-month,3,100.95,Fiber optic,0.8953352004848375,High
7254-IQWOZ,Month-to-month,1,69.65,Fiber optic,0.895269985781422,High
1846-XWOQN,Month-to-month,1,70.15,Fiber optic,0.895040768884359,High
7665-TOALD,Month-to-month,1,69.6,Fiber optic,0.895004852113171,High
6502-MJQAE,Month-to-month,1,69.6,Fiber optic,0.8949706268491978,High
8051-HJRLT,Month-to-month,1,70.55,Fiber optic,0.8944198738488357,High
9605-WGJVW,Month-to-month,1,70.2,Fiber optic,0.8944068512241378,High
9488-HGMJH,Month-to-month,1,71.15,Fiber optic,0.8943837507770513,High
3878-AVSOQ,Month-to-month,1,71.25,Fiber optic,0.8943837507770513,High
4822-RVYBB,Month-to-month,8,100.6,Fiber optic,0.8943024387244666,High
8372-JUXUI,Month-to-month,1,74.35,Fiber optic,0.8939371308763936,High
4510-HIMLV,Month-to-month,1,69.8,Fiber optic,0.8937178444206029,High
4603-JANFB,Month-to-month,1,69.85,Fiber optic,0.8937178444206029,High
9804-ICWBG,Month-to-month,1,69.9,Fiber optic,0.8934792127157283,High
5542-TBBWB,Month-to-month,1,69.9,Fiber optic,0.8934792127157283,High
5875-YPQFJ,Month-to-month,1,69.9,Fiber optic,0.8934792127157283,High
9603-OAIHC,Month-to-month,1,70.05,Fiber optic,0.8933284939486985,High
5277-ZLOOR,Month-to-month,2,85.55,Fiber optic,0.8932440310512975,High
0488-GSLFR,Month-to-month,1,69.5,Fiber optic,0.8930599641256833,High
1820-TQVEV,Month-to-month,1,69.55,Fiber optic,0.8930257388617099,High
3049-SOLAY,Month-to-month,3,95.2,Fiber optic,0.8928355620928208,High
4695-WJZUE,Month-to-month,2,88.55,Fiber optic,0.8925237949312697,High
7594-RQHXR,Month-to-month,1,79.6,Fiber optic,0.892217099754022,High
8644-XLFBW,Month-to-month,1,71.65,Fiber optic,0.8922016926206893,High
8884-ADFVN,Month-to-month,7,101.95,Fiber optic,0.8920865399832885,High
5597-GLBUC,Month-to-month,1,85.45,Fiber optic,0.8919886902085797,High
6230-BSUXY,Month-to-month,1,85.0,Fiber optic,0.8919587125027966,High
6457-GIRWB,Month-to-month,1,69.35,Fiber optic,0.8915082729364702,High
3428-XZMAZ,Month-to-month,1,69.35,Fiber optic,0.8915082729364702,High
4626-GYCZP,Month-to-month,7,93.85,Fiber optic,0.891383142638691,High
9305-CDSKC,Month-to-month,8,99.65,Fiber optic,0.8909306331453837,High
7660-HDPJV,Month-to-month,1,69.2,Fiber optic,0.8909037580749906,High
9728-FTTVZ,Month-to-month,1,69.2,Fiber optic,0.8909037580749906,High
8161-QYMTT,Month-to-month,7,94.1,Fiber optic,0.8907858956711833,High
2506-TNFCO,Month-to-month,1,69.55,Fiber optic,0.8906981177362955,High
9124-LHCJQ,Month-to-month,1,85.45,Fiber optic,0.8905993523092923,High
6653-CBBOM,Month-to-month,1,70.3,Fiber optic,0.8904441132179944,High
0328-GRPMV,Month-to-month,1,70.1,Fiber optic,0.8904009135308869,High
4702-IOQDC,Month-to-month,1,70.1,Fiber optic,0.8904009135308869,High
3494-JCHRQ,Month-to-month,1,70.05,Fiber optic,0.8902300701258148,High
1143-NMNQJ,Month-to-month,2,85.7,Fiber optic,0.8902063762724822,High
2446-PLQVO,Month-to-month,1,70.3,Fiber optic,0.8901928486128249,High
1031-IIDEO,Month-to-month,1,70.85,Fiber optic,0.890145765068277,High
4750-ZRXIU,Month-to-month,4,84.6,Fiber optic,0.890134519380052,High
9546-CQJSU,Month-to-month,2,91.4,Fiber optic,0.8899247491432516,High
2660-EMUBI,Month-to-month,10,95.35,Fiber optic,0.8899142517361108,High
0781-LKXBR,Month-to-month,9,100.5,Fiber optic,0.8898497166380482,High
6474-FVJLC,Month-to-month,2,86.0,Fiber optic,0.8898076118021083,High
2202-CUYXZ,Month-to-month,1,84.85,Fiber optic,0.8897795871121161,High
4844-JJWUY,Month-to-month,1,86.0,Fiber optic,0.8894906329199076,High
1640-PLFMP,Month-to-month,1,70.25,Fiber optic,0.889450880347632,High
3244-DCJWY,Month-to-month,1,70.25,Fiber optic,0.889450880347632,High
7465-ZZRVX,Month-to-month,1,70.35,Fiber optic,0.8893679299089468,High
5376-DEQCP,Month-to-month,1,70.6,Fiber optic,0.8893654665757638,High
0318-QUUOB,Month-to-month,1,80.55,Fiber optic,0.8892736033784551,High
5919-TMRGD,Month-to-month,1,79.35,Fiber optic,0.8889564972701924,High
2725-KXXWT,Month-to-month,1,90.75,Fiber optic,0.8888595913925216,High
4550-EVXNY,Month-to-month,1,69.65,Fiber optic,0.8880193770923247,High
0259-GBZSH,Month-to-month,2,85.65,Fiber optic,0.88798441560144,High
3716-BDVDB,Month-to-month,1,69.1,Fiber optic,0.8872999856992677,High
2656-TABEH,Month-to-month,4,100.2,Fiber optic,0.8871315114148867,High
7180-PISOG,Month-to-month,1,74.5,Fiber optic,0.8867083108648612,High
9725-SCPZG,Month-to-month,1,90.85,Fiber optic,0.8866731343717835,High
7409-KIUTL,Month-to-month,1,71.0,Fiber optic,0.8866696863325746,High
1624-NALOJ,Month-to-month,5,89.8,Fiber optic,0.886656347944414,High
3811-VBYBZ,Month-to-month,7,99.8,Fiber optic,0.886560320897713,High
1363-TXLSL,Month-to-month,1,70.3,Fiber optic,0.8861427198233333,High
2012-NWRPA,Month-to-month,11,99.55,Fiber optic,0.8856727891741087,High
0196-VULGZ,Month-to-month,6,84.35,Fiber optic,0.8855716700032049,High
1273-MTETI,Month-to-month,4,88.85,Fiber optic,0.8854020600498376,High
2462-XIIJB,Month-to-month,5,92.5,Fiber optic,0.8852742814117386,High
2865-TCHJW,Month-to-month,4,89.2,Fiber optic,0.8849146165735742,High
7503-ZGUZJ,Month-to-month,1,84.65,Fiber optic,0.8844255819465933,High
4273-MBHYA,Month-to-month,1,89.35,Fiber optic,0.8842532142270049,High
8593-WHYHV,Month-to-month,3,85.3,Fiber optic,0.8839225933243525,High
2968-SSGAA,Month-to-month,10,100.6,Fiber optic,0.8838445419208042,High
0697-ZMSWS,Month-to-month,4,85.65,Fiber optic,0.8836610489580956,High
7943-RQCHR,Month-to-month,9,94.75,Fiber optic,0.882866857849002,High
1628-BIZYP,Month-to-month,1,85.0,Fiber optic,0.8825536334560462,High
7330-WZLNC,Month-to-month,5,90.8,Fiber optic,0.8824997811069617,High
6496-SLWHQ,Month-to-month,3,105.0,Fiber optic,0.8824357520786589,High
0564-JJHGS,Month-to-month,9,95.5,Fiber optic,0.8823154098055214,High
2982-IHMFT,Month-to-month,1,74.45,Fiber optic,0.8823017713926917,High
8380-PEFPE,Month-to-month,1,71.65,Fiber optic,0.8822995622484494,High
2205-YMZZJ,Month-to-month,7,84.8,Fiber optic,0.8819440972007718,High
7120-RFMVS,Month-to-month,1,84.5,Fiber optic,0.8817796695287177,High
4927-WWOOZ,Month-to-month,2,91.45,Fiber optic,0.881772440622124,High
7488-MXJIV,Month-to-month,4,85.65,Fiber optic,0.8813484802835422,High
1447-GIQMR,Month-to-month,1,69.15,Fiber optic,0.8812321145807399,High
8972-HJWNV,Month-to-month,7,84.55,Fiber optic,0.8810785760793384,High
6892-EZDTG,Month-to-month,4,91.65,Fiber optic,0.8809433954798556,High
6630-UJZMY,Month-to-month,4,83.25,Fiber optic,0.8808542988183103,High
3276-HDUEG,Month-to-month,1,75.05,Fiber optic,0.8805882408538941,High
9885-CSMWE,Month-to-month,1,78.45,Fiber optic,0.8804780956224774,High
6996-KNSML,Month-to-month,1,74.9,Fiber optic,0.880294170147548,High
8780-IXSTS,Month-to-month,6,90.1,Fiber optic,0.8797751736224031,High
0679-IDSTG,Month-to-month,1,69.25,Fiber optic,0.8797155189683783,High
5196-SGOAK,Month-to-month,1,75.7,Fiber optic,0.8795160168653509,High
1455-UGQVH,Month-to-month,10,98.5,Fiber optic,0.8789722286899899,High
2018-QKYGT,Month-to-month,1,81.05,Fiber optic,0.8787284534225317,High
3489-HHPFY,Month-to-month,2,84.05,Fiber optic,0.878569302214344,High
4548-SDBKE,Month-to-month,5,85.2,Fiber optic,0.8785064097802849,High
4228-ZGYUW,Month-to-month,4,90.05,Fiber optic,0.8784834385269729,High
1977-STDKI,Month-to-month,1,73.0,Fiber optic,0.8780926688888078,High
5797-APWZC,Month-to-month,1,90.6,Fiber optic,0.8780856106224068,High
7294-TMAOP,Month-to-month,1,90.55,Fiber optic,0.8780856106224068,High
9019-QVLZD,Month-to-month,1,79.55,Fiber optic,0.8779883672702166,High
2034-GDRCN,Month-to-month,2,90.4,Fiber optic,0.8778287959222896,High
8739-XNIKG,Month-to-month,5,84.0,Fiber optic,0.8778085116604853,High
8622-ZLFKO,Month-to-month,6,90.75,Fiber optic,0.8776877966226704,High
3006-XIMLN,Month-to-month,2,94.2,Fiber optic,0.877466703343877,High
6960-HVYXR,Month-to-month,1,76.0,Fiber optic,0.8772580320809934,High
5134-IKDAY,Month-to-month,1,69.8,Fiber optic,0.8770166012217713,High
3765-JXVKY,Month-to-month,1,74.7,Fiber optic,0.8768771566412666,High
2777-PHDEI,Month-to-month,1,78.05,Fiber optic,0.8763095804184754,High
4806-HIPDW,Month-to-month,1,68.95,Fiber optic,0.8762488671325347,High
3727-RJMEO,Month-to-month,6,82.85,Fiber optic,0.8762377702819938,High
4951-UKAAQ,Month-to-month,4,88.95,Fiber optic,0.8761991758003269,High
4078-SAYYN,Month-to-month,11,100.75,Fiber optic,0.8757400998151055,High
3707-GNWHM,Month-to-month,1,74.25,Fiber optic,0.8756302154321531,High
0334-GDDSO,Month-to-month,3,81.35,Fiber optic,0.8751112330035219,High
0897-FEGMU,Month-to-month,11,99.5,Fiber optic,0.875028770840878,High
1853-UDXBW,Month-to-month,1,70.0,Fiber optic,0.8748675046021384,High
3462-BJQQA,Month-to-month,6,89.75,Fiber optic,0.8747283414831515,High
8258-GSTJK,Month-to-month,3,77.0,Fiber optic,0.8746282666497257,High
9025-AOMKI,Month-to-month,6,93.55,Fiber optic,0.8745188962309294,High
9451-LPGOO,Month-to-month,7,86.8,Fiber optic,0.8744125274772957,High
1941-HOSAM,Month-to-month,1,90.1,Fiber optic,0.8741803905913946,High
4274-OWWYO,Month-to-month,1,74.35,Fiber optic,0.8741535988865181,High
1579-KLYDT,Month-to-month,7,90.45,Fiber optic,0.8739364227020553,High
5383-MMTWC,Month-to-month,8,84.0,Fiber optic,0.8738614083776881,High
7314-OXENN,Month-to-month,2,82.0,Fiber optic,0.8738385065431008,High
1400-MMYXY,Month-to-month,3,105.9,Fiber optic,0.8738171894284104,High
0702-PGIBZ,Month-to-month,4,101.7,Fiber optic,0.8737141177697498,High
3387-VATUS,Month-to-month,5,94.85,Fiber optic,0.8737118691118118,High
7074-IEVOJ,Month-to-month,3,79.4,Fiber optic,0.8736311107322141,High
7576-OYWBN,Month-to-month,3,76.05,Fiber optic,0.8734665678877682,High
6618-RYATB,Month-to-month,1,79.55,Fiber optic,0.8733733452351299,High
7450-NWRTR,Month-to-month,12,99.45,Fiber optic,0.873204061269047,High
3422-LYEPQ,Month-to-month,1,71.0,Fiber optic,0.8728523429101243,High
5299-SJCZT,Month-to-month,3,101.55,Fiber optic,0.8727352208332332,High
2642-DTVCO,Month-to-month,9,85.05,Fiber optic,0.8726149773700015,High
5380-AFSSK,Month-to-month,5,93.9,Fiber optic,0.8725782213061901,High
8058-JMEQO,Month-to-month,9,84.45,Fiber optic,0.8724617110372407,High
0754-UKWQP,Month-to-month,2,95.85,Fiber optic,0.8721916333582027,High
1304-NECVQ,Month-to-month,2,78.55,Fiber optic,0.8717763825257365,High
0637-KVDLV,Month-to-month,2,76.5,Fiber optic,0.8712387773745975,High
6108-OQZDQ,Month-to-month,4,97.95,Fiber optic,0.8711930851730295,High
4952-YSOGZ,Month-to-month,4,85.95,Fiber optic,0.8711916254191927,High
1925-TIBLE,Month-to-month,7,86.5,Fiber optic,0.8711755203571814,High
5835-BEQEU,Month-to-month,3,76.95,Fiber optic,0.870924597421955,High
8414-MYSHR,Month-to-month,5,91.4,Fiber optic,0.8708857323912205,High
3422-GALYP,Month-to-month,2,79.45,Fiber optic,0.8707838412506544,High
5054-IEXZT,Month-to-month,1,75.35,Fiber optic,0.8705662521596839,High
8309-IEYJD,Month-to-month,1,70.6,Fiber optic,0.8704465864709808,High
1285-OKIPP,Month-to-month,1,79.9,Fiber optic,0.8704058824197278,High
5393-RXQSZ,Month-to-month,1,79.6,Fiber optic,0.8704058824197278,High
3746-EUBYR,Month-to-month,1,74.6,Fiber optic,0.8702504100648532,High
2982-VPSGI,Month-to-month,11,94.0,Fiber optic,0.8702489080693037,High
6969-MVBAI,Month-to-month,9,90.1,Fiber optic,0.8701672757293841,High
8945-GRKHX,Month-to-month,1,78.65,Fiber optic,0.8701264258370734,High
9507-EXLTT,Month-to-month,1,79.35,Fiber optic,0.870051661135801,High
4713-LZDRV,Month-to-month,2,79.6,Fiber optic,0.8700379693050727,High
9965-YOKZB,Month-to-month,9,83.85,Fiber optic,0.8700272765025312,High
0742-NXBGR,Month-to-month,1,82.3,Fiber optic,0.8699008796809752,High
0968-GSIKN,Month-to-month,1,70.8,Fiber optic,0.8697112928428858,High
4795-KTRTH,Month-to-month,5,81.0,Fiber optic,0.8692120226895882,High
5275-SQEIZ,Month-to-month,1,80.85,Fiber optic,0.8690267327209114,High
2672-HUYVI,Month-to-month,6,91.1,Fiber optic,0.8688327060908436,High
3066-RRJIO,Month-to-month,1,69.95,Fiber optic,0.8687429527725006,High
8775-ERLNB,Month-to-month,1,74.3,Fiber optic,0.8686743629310407,High
7779-LGOVN,Month-to-month,10,86.65,Fiber optic,0.8686696063658961,High
1724-BQUHA,Month-to-month,5,89.5,Fiber optic,0.8684425808593943,High
2867-UIMSS,Month-to-month,1,80.5,Fiber optic,0.868410843279869,High
3643-AHCFP,Month-to-month,7,95.6,Fiber optic,0.8683577674058369,High
7526-BEZQB,Month-to-month,12,96.05,Fiber optic,0.8680885505761308,High
6372-RFVNS,Month-to-month,1,78.8,Fiber optic,0.868013394061625,High
3389-YGYAI,Month-to-month,8,105.5,Fiber optic,0.8678486775678083,High
9985-MWVIX,Month-to-month,1,70.15,Fiber optic,0.8677139593255888,High
2619-WFQWU,Month-to-month,1,70.15,Fiber optic,0.8677139593255888,High
5032-MIYKT,Month-to-month,1,70.7,Fiber optic,0.8675963812823977,High
4143-OOBWZ,Month-to-month,5,81.3,Fiber optic,0.8675620298512304,High
3318-NMQXL,Month-to-month,3,92.0,Fiber optic,0.8674662691404611,High
1618-CFHME,Month-to-month,2,75.9,Fiber optic,0.8674547395297607,High
3871-IKPYH,Month-to-month,1,69.1,Fiber optic,0.8673423023971846,High
6350-XFYGW,Month-to-month,4,94.75,Fiber optic,0.8672078725410532,High
0137-OCGAB,Month-to-month,1,80.2,Fiber optic,0.8671728863956545,High
9611-CTWIH,Month-to-month,3,89.45,Fiber optic,0.8669327689333912,High
7153-OANIO,Month-to-month,1,69.95,Fiber optic,0.8668427608521656,High
4587-VVTOX,Month-to-month,6,105.3,Fiber optic,0.8667431355733892,High
9223-UCPVT,Month-to-month,1,94.4,Fiber optic,0.8661010100329711,High
1915-IOFGU,Month-to-month,1,70.5,Fiber optic,0.8658794933923324,High
0722-TROQR,Month-to-month,4,74.9,Fiber optic,0.8657744729462666,High
5519-NPHVG,Month-to-month,12,94.2,Fiber optic,0.8657354445417832,High
5229-PRWKT,Month-to-month,8,86.55,Fiber optic,0.8656457050864528,High
7817-BOQPW,Month-to-month,2,75.55,Fiber optic,0.8656286394772181,High
2262-SLNVK,Month-to-month,1,70.1,Fiber optic,0.8655634142275139,High
3177-LASXD,Month-to-month,1,71.35,Fiber optic,0.8655438414949618,High
5186-SAMNZ,Month-to-month,1,69.5,Fiber optic,0.8654798466890136,High
2254-DLXRI,Month-to-month,1,79.15,Fiber optic,0.8652849971236399,High
0404-SWRVG,Month-to-month,3,74.4,Fiber optic,0.8651595152432452,High
1569-TTNYJ,Month-to-month,5,78.75,Fiber optic,0.8651178975260518,High
8382-SHQEH,Month-to-month,8,84.9,Fiber optic,0.864936123703406,High
4759-TRPLW,Month-to-month,1,70.4,Fiber optic,0.8648984720905468,High
0390-DCFDQ,Month-to-month,1,70.45,Fiber optic,0.8648046439545698,High
3097-NQYSN,Month-to-month,2,86.85,Fiber optic,0.8646678534737497,High
2952-QAYZF,Month-to-month,5,85.3,Fiber optic,0.8644414701777963,High
8337-UPOAQ,Month-to-month,10,89.8,Fiber optic,0.8643790488690333,High
2454-RPBRZ,Month-to-month,12,98.1,Fiber optic,0.8642998223689993,High
1567-DSCIC,Month-to-month,8,94.0,Fiber optic,0.864056837713396,High
8821-XNHVZ,Month-to-month,1,80.05,Fiber optic,0.8639338116333387,High
6688-UZPWD,Month-to-month,11,102.0,Fiber optic,0.8639314163366574,High
1197-BVMVG,Month-to-month,4,74.45,Fiber optic,0.8638901218785744,High
3178-FESZO,Month-to-month,1,100.25,Fiber optic,0.8638168214210412,High
2990-HWIML,Month-to-month,6,89.5,Fiber optic,0.8637981790549609,High
3198-VELRD,Month-to-month,3,84.75,Fiber optic,0.8637042644765835,High
7908-QCBCA,Month-to-month,1,69.4,Fiber optic,0.8635995557570562,High
6140-QNRQQ,Month-to-month,1,71.55,Fiber optic,0.8634895026643657,High
8042-JVNFH,Month-to-month,1,71.35,Fiber optic,0.8634895026643657,High
4847-TAJYI,Month-to-month,6,89.35,Fiber optic,0.8634713550732196,High
8443-ZRDBZ,Month-to-month,4,76.05,Fiber optic,0.8634549505519129,High
1320-HTRDR,Month-to-month,3,75.5,Fiber optic,0.8630952250654991,High
4090-KPJIP,Month-to-month,3,74.95,Fiber optic,0.862987745283011,High
6416-TVAIH,Month-to-month,1,68.5,Fiber optic,0.8628211995855821,High
9399-APLBT,Month-to-month,1,74.7,Fiber optic,0.8627325446601462,High
6857-VWJDT,Month-to-month,1,95.65,Fiber optic,0.8627082505690826,High
8086-OVPWV,Month-to-month,2,80.2,Fiber optic,0.8625688247720791,High
8931-GJJIQ,Month-to-month,9,83.3,Fiber optic,0.8625616444547463,High
1393-IMKZG,Month-to-month,1,95.85,Fiber optic,0.8624824704095558,High
5956-VKDTT,Month-to-month,5,74.35,Fiber optic,0.8624725276175738,High
5564-NEMQO,Month-to-month,1,75.3,Fiber optic,0.8624490178294091,High
8083-YTZES,Month-to-month,4,74.35,Fiber optic,0.8619515183724454,High
9334-GWGOW,Month-to-month,7,74.85,Fiber optic,0.8619352969829966,High
1981-INRFU,Month-to-month,2,79.75,Fiber optic,0.8619083763853913,High
9306-CPCBC,Month-to-month,3,74.25,Fiber optic,0.8618831923458832,High
6979-ZNSFF,Month-to-month,8,87.05,Fiber optic,0.8618424999600173,High
3049-NDXFL,Month-to-month,1,85.8,Fiber optic,0.8617039835243763,High
9878-TNQGW,Month-to-month,2,80.95,Fiber optic,0.8616171031758203,High
4581-SSPWD,Month-to-month,3,75.8,Fiber optic,0.861344896372042,High
7228-OMTPN,Month-to-month,4,88.45,Fiber optic,0.8613270595242877,High
4234-XTNEA,Month-to-month,2,79.95,Fiber optic,0.8612661828634015,High
0655-RBDUG,Month-to-month,7,98.05,Fiber optic,0.8609487432938325,High
2077-MPJQO,Month-to-month,7,75.4,Fiber optic,0.8607679142367162,High
7341-LXCAF,Month-to-month,4,74.65,Fiber optic,0.8606998665555966,High
9617-INGJY,Month-to-month,1,70.6,Fiber optic,0.8606280619261342,High
3398-FSHON,Month-to-month,12,91.3,Fiber optic,0.860611701484115,High
4529-CKBCL,Month-to-month,2,80.2,Fiber optic,0.8605592036884585,High
9689-PTNPG,Month-to-month,2,80.25,Fiber optic,0.8602608667439546,High
7760-OYPDY,Month-to-month,2,80.65,Fiber optic,0.8600817991487522,High
9944-HKVVB,Month-to-month,3,95.1,Fiber optic,0.8600682743207496,High
2024-BASKD,Month-to-month,1,74.6,Fiber optic,0.859992186832781,High
2856-HYAPG,Month-to-month,1,68.65,Fiber optic,0.8599883802275566,High
4749-OJKQU,Month-to-month,4,75.65,Fiber optic,0.8599829712603088,High
7548-SEPYI,Month-to-month,5,96.25,Fiber optic,0.8598904584741276,High
0195-IESCP,Month-to-month,10,85.25,Fiber optic,0.8596333254283811,High
4115-NZRKS,Month-to-month,7,89.15,Fiber optic,0.8595243769903599,High
9134-CEQMF,Month-to-month,7,89.5,Fiber optic,0.8594029267116271,High
4140-MUHUG,Month-to-month,3,86.85,Fiber optic,0.8593674948670611,High
3519-ZKXGG,Month-to-month,3,75.85,Fiber optic,0.8590749565222852,High
6910-HADCM,Month-to-month,1,76.35,Fiber optic,0.8583485238702169,High
1450-GALXR,Month-to-month,10,98.5,Fiber optic,0.8582107691972641,High
8357-EQXFO,Month-to-month,7,95.35,Fiber optic,0.8580492904031106,High
3319-DWOEP,Month-to-month,6,95.75,Fiber optic,0.8580392572743091,High
4229-CZMLL,Month-to-month,6,74.9,Fiber optic,0.8579780462820563,High
8185-UPYBR,Month-to-month,6,75.5,Fiber optic,0.8579373172226564,High
4192-GORJT,Month-to-month,5,94.45,Fiber optic,0.8576525748277664,High
6161-UUUTA,Month-to-month,3,79.9,Fiber optic,0.8574350549538845,High
6877-TJMBR,Month-to-month,1,84.8,Fiber optic,0.8573964338979806,High
3902-FOIGH,Month-to-month,12,101.35,Fiber optic,0.8573658546829376,High
2691-NZETQ,Month-to-month,9,85.35,Fiber optic,0.8571819694505863,High
0231-LXVAP,Month-to-month,1,75.9,Fiber optic,0.8569985856865007,High
0515-YPMCW,Month-to-month,1,70.45,Fiber optic,0.8569805995410354,High
9957-YODKZ,Month-to-month,6,80.8,Fiber optic,0.8569641378087571,High
2516-VQRRV,Month-to-month,2,75.45,Fiber optic,0.8566160296038076,High
5583-SXDAG,Month-to-month,1,70.0,Fiber optic,0.8566102584654481,High
1448-PWKYE,Month-to-month,1,80.0,Fiber optic,0.8566049109505718,High
7249-WBIYX,Month-to-month,10,85.6,Fiber optic,0.8564658922477664,High
2013-SGDXK,Month-to-month,1,84.3,Fiber optic,0.8563442422630044,High
9061-TIHDA,Month-to-month,13,95.25,Fiber optic,0.8562588724731904,High
3045-XETSH,Month-to-month,10,94.85,Fiber optic,0.8562463116963265,High
7693-LCKZL,Month-to-month,5,80.15,Fiber optic,0.8559771118444417,High
2215-ZAFGX,Month-to-month,9,85.5,Fiber optic,0.8557900687215519,High
3296-SILRA,Month-to-month,1,76.4,Fiber optic,0.8556850980400479,High
6711-FLDFB,Month-to-month,7,74.9,Fiber optic,0.8556268450638999,High
0187-QSXOE,Month-to-month,7,89.0,Fiber optic,0.8554047077608633,High
0220-EBGCE,Month-to-month,2,85.85,Fiber optic,0.8550992464807012,High
8752-STIVR,Month-to-month,4,79.0,Fiber optic,0.8549932395570446,High
9940-RHLFB,Month-to-month,1,75.3,Fiber optic,0.8544930271985982,High
4210-QFJMF,Month-to-month,4,79.15,Fiber optic,0.8543578426756089,High
9231-ZJYAM,Month-to-month,4,78.85,Fiber optic,0.8542027748465819,High
4086-YQSNZ,Month-to-month,3,80.4,Fiber optic,0.8541579024963081,High
7398-SKNQZ,Month-to-month,3,94.9,Fiber optic,0.8540203877830559,High
1678-FYZOW,Month-to-month,3,79.4,Fiber optic,0.8539941628959572,High
0325-XBFAC,Month-to-month,8,94.7,Fiber optic,0.8539128882810104,High
2645-QTLMB,Month-to-month,7,94.25,Fiber optic,0.8537640792145867,High
2612-RRIDN,Month-to-month,4,81.0,Fiber optic,0.8533643605328151,High
4145-UQXUQ,Month-to-month,8,92.1,Fiber optic,0.8532762022530039,High
5043-TRZWM,Month-to-month,1,75.55,Fiber optic,0.8528515710609685,High
1875-QIVME,Month-to-month,2,104.4,Fiber optic,0.8526376774474843,High
6856-RAURS,Month-to-month,2,74.9,Fiber optic,0.8523171960001897,High
9837-BMCLM,Month-to-month,3,78.5,Fiber optic,0.8521580024050418,High
6357-JJPQT,Month-to-month,3,80.5,Fiber optic,0.8521436086402768,High
6941-PMGEP,Month-to-month,5,80.0,Fiber optic,0.8519203927679726,High
1062-LHZOD,Month-to-month,1,69.9,Fiber optic,0.8517961599717129,High
2789-HQBOU,Month-to-month,3,80.35,Fiber optic,0.8514886176781572,High
0122-OAHPZ,Month-to-month,7,73.85,Fiber optic,0.8514766656627337,High
7235-NXZCP,Month-to-month,2,74.85,Fiber optic,0.8513286223059182,High
6229-LSCKB,Month-to-month,6,79.7,Fiber optic,0.8512684171267138,High
4806-KEXQR,Month-to-month,4,79.9,Fiber optic,0.8512394269871218,High
7563-BIUPC,Month-to-month,5,80.6,Fiber optic,0.8511881243841858,High
1122-JWTJW,Month-to-month,1,70.65,Fiber optic,0.85117594040818,High
1389-CXMLU,Month-to-month,3,91.05,Fiber optic,0.8509776695206972,High
9317-WZPGV,Month-to-month,2,79.75,Fiber optic,0.8506877704089287,High
5644-PDMZC,Month-to-month,2,89.5,Fiber optic,0.8506528272051168,High
0840-DFEZH,Month-to-month,7,75.35,Fiber optic,0.8506054809740357,High
2959-MJHIC,Month-to-month,4,80.35,Fiber optic,0.8500203014515393,High
2026-TGDHM,Month-to-month,7,79.3,Fiber optic,0.8495801728241408,High
5167-ZFFMM,Month-to-month,1,90.85,Fiber optic,0.8493785670434663,High
8808-ELEHO,Month-to-month,8,81.25,Fiber optic,0.8487389884051431,High
5868-YWPDW,Month-to-month,6,84.2,Fiber optic,0.8483537051061478,High
1960-UYCNN,Month-to-month,10,95.25,Fiber optic,0.8483251966671052,High
6356-ELRKD,Month-to-month,1,95.6,Fiber optic,0.8482854858521885,High
7638-QVMVY,Month-to-month,7,79.0,Fiber optic,0.8479920276125156,High
5052-PNLOS,Month-to-month,3,105.35,Fiber optic,0.8479488092821877,High
2265-CYWIV,Month-to-month,4,99.6,Fiber optic,0.8477338118291572,High
4110-PFEUZ,Month-to-month,1,69.55,Fiber optic,0.8472730545854041,High
9444-JTXHZ,Month-to-month,1,76.2,Fiber optic,0.8471068234483914,High
6015-VVHHE,Month-to-month,5,83.15,Fiber optic,0.8469956587302958,High
7234-FECYN,Month-to-month,8,101.35,Fiber optic,0.84689965026364,High
4112-LUEIZ,Month-to-month,10,89.5,Fiber optic,0.8466312308725467,High
8242-SOQUO,Month-to-month,5,84.7,Fiber optic,0.8465209384889878,High
3138-BKYAV,Month-to-month,6,85.35,Fiber optic,0.8464471998125795,High
4395-PZMSN,Month-to-month,5,85.55,Fiber optic,0.846367926291903,High
7130-VTEWQ,Month-to-month,8,75.75,Fiber optic,0.8460013231848754,High
4501-EQDRN,Month-to-month,1,69.7,Fiber optic,0.845691371906955,High
2379-ENZGV,Month-to-month,6,84.85,Fiber optic,0.8455281698061373,High
6437-UKHMV,Month-to-month,7,79.7,Fiber optic,0.845472777541705,High
0511-JTEOY,Month-to-month,1,71.1,Fiber optic,0.8450221059022451,High
8040-MNRTF,Month-to-month,1,71.1,Fiber optic,0.8450221059022451,High
6328-ZPBGN,Month-to-month,11,95.15,Fiber optic,0.844911193958454,High
0151-ONTOV,Month-to-month,1,70.9,Fiber optic,0.8447917761573593,High
0519-XUZJU,Month-to-month,1,70.75,Fiber optic,0.8447917761573593,High
3793-MMFUH,Month-to-month,13,95.05,Fiber optic,0.8443962640865171,High
8943-URTMR,Month-to-month,2,79.65,Fiber optic,0.8441755451722096,High
3295-YVUSR,Month-to-month,2,72.6,Fiber optic,0.8439163937056565,High
5095-AESKG,Month-to-month,3,91.5,Fiber optic,0.8438696833573455,High
1086-LXKFY,Month-to-month,1,69.1,Fiber optic,0.843814247416268,High
3320-VEOYC,Month-to-month,14,95.6,Fiber optic,0.8434691642545977,High
3074-GQWYX,Month-to-month,5,75.9,Fiber optic,0.8433402605771145,High
2260-USTRB,Month-to-month,2,70.2,Fiber optic,0.8432929086124649,High
5445-UTODQ,Month-to-month,7,81.1,Fiber optic,0.8432737769315984,High
9897-KXHCM,Month-to-month,3,80.3,Fiber optic,0.8429673601616172,High
8087-LGYHQ,Month-to-month,9,94.05,Fiber optic,0.8422992234566882,High
7595-EUIVN,Month-to-month,1,75.8,Fiber optic,0.8422919178954872,High
0495-ZBNGW,Month-to-month,5,79.9,Fiber optic,0.842154424031908,High
0709-TVGUR,Month-to-month,9,74.55,Fiber optic,0.8421175078177717,High
0235-KGSLC,Month-to-month,1,85.55,Fiber optic,0.8418546180985073,High
4060-LDNLU,Month-to-month,7,96.2,Fiber optic,0.8417473363338365,High
9172-ANCRX,Month-to-month,10,98.7,Fiber optic,0.8412288610109064,High
5318-IXUZF,Month-to-month,2,87.15,Fiber optic,0.8410658714912796,High
7209-JCUDS,Month-to-month,10,94.9,Fiber optic,0.840990662005801,High
3030-YDNRM,Month-to-month,8,74.85,Fiber optic,0.840955664218399,High
3834-XUIFC,Month-to-month,7,85.2,Fiber optic,0.8409422841597741,High
5884-GCYMI,Month-to-month,1,69.4,Fiber optic,0.8409211247405695,High
8111-RKSPX,Month-to-month,4,72.2,Fiber optic,0.8408873377715278,High
8361-LTMKD,Month-to-month,4,74.4,Fiber optic,0.8407053473002903,High
1564-NTYXF,Month-to-month,13,82.0,Fiber optic,0.8406425945186742,High
8168-UQWWF,Month-to-month,11,97.85,Fiber optic,0.8404909461004746,High
3199-XGZCY,Month-to-month,8,75.25,Fiber optic,0.8394690191143614,High
0880-TKATG,Month-to-month,4,101.15,Fiber optic,0.8392812465442285,High
4342-HENTK,Month-to-month,2,70.65,Fiber optic,0.8392253135079757,High
6137-NICCO,Month-to-month,6,94.05,Fiber optic,0.839136713429072,High
7613-LLQFO,Month-to-month,12,84.45,Fiber optic,0.8390935795579904,High
7858-GTZSP,Month-to-month,12,86.55,Fiber optic,0.8390341902008742,High
6275-YDUVO,Month-to-month,2,86.2,Fiber optic,0.8389888630364118,High
0219-YTZUE,Month-to-month,4,84.8,Fiber optic,0.838984299991616,High
7005-CCBKV,Month-to-month,6,84.4,Fiber optic,0.8389630243284817,High
6407-UTSLV,Month-to-month,2,83.8,Fiber optic,0.8385151513073575,High
4285-GYRQC,Month-to-month,7,86.25,Fiber optic,0.8383972113414401,High
2123-AGEEN,Month-to-month,7,84.35,Fiber optic,0.8377212059562771,High
5561-NWEVX,Month-to-month,2,79.2,Fiber optic,0.8374584760932856,High
5804-LEPIM,Month-to-month,2,70.35,Fiber optic,0.8374044973866673,High
5276-KQWHG,Month-to-month,2,69.6,Fiber optic,0.8373930748159446,High
2180-DXNEG,Month-to-month,12,96.0,Fiber optic,0.8371555307901045,High
0094-OIFMO,Month-to-month,11,95.0,Fiber optic,0.836781876305886,High
4884-ZTHVF,Month-to-month,8,87.1,Fiber optic,0.8365933209921661,High
5442-UTCVD,Month-to-month,3,91.85,Fiber optic,0.8361826070526424,High
5349-IECLD,Month-to-month,2,94.95,Fiber optic,0.8360139796549345,High
5940-AHUHD,Month-to-month,1,70.6,Fiber optic,0.8358196206034137,High
1173-XZPYF,Month-to-month,11,89.2,Fiber optic,0.8357274359077164,High
6210-KBBPI,Month-to-month,9,99.45,Fiber optic,0.8356745626762715,High
2074-GKOWZ,Month-to-month,2,89.55,Fiber optic,0.8355628078778555,High
5159-YFPKQ,Month-to-month,2,75.8,Fiber optic,0.8350840144951431,High
5889-LFOLL,Month-to-month,13,84.6,Fiber optic,0.8350547614485311,High
5348-CAGXB,Month-to-month,12,89.55,Fiber optic,0.8349549586045285,High
2674-MIAHT,Month-to-month,4,80.3,Fiber optic,0.8347617376268691,High
2688-BHGOG,Month-to-month,9,79.55,Fiber optic,0.8346451955403658,High
4813-HQMGZ,Month-to-month,8,90.25,Fiber optic,0.8346294147386871,High
2761-OCIAX,Month-to-month,2,74.7,Fiber optic,0.8345868882240278,High
8183-ONMXC,Month-to-month,2,80.75,Fiber optic,0.8341966681225879,High
1731-TVIUK,Month-to-month,4,93.5,Fiber optic,0.8338886227482535,High
5698-BQJOH,Month-to-month,9,94.4,Fiber optic,0.8338880589449047,High
1084-UQCHV,Month-to-month,1,69.75,Fiber optic,0.8337338551482159,High
5685-IIXLY,Month-to-month,5,83.6,Fiber optic,0.8335726306906596,High
2055-PDADH,Month-to-month,3,70.4,Fiber optic,0.8335272585971754,High
6860-YRJZP,Month-to-month,9,74.05,Fiber optic,0.8335168235786051,High
0872-NXJYS,Month-to-month,9,79.55,Fiber optic,0.8334241146748407,High
8541-QVFKM,Month-to-month,8,73.5,Fiber optic,0.8330186825693106,High
3191-CSNMG,Month-to-month,3,80.7,Fiber optic,0.8327392693560531,High
5565-FILXA,Month-to-month,16,96.15,Fiber optic,0.832499915463456,High
8225-BTJAU,Month-to-month,10,79.25,Fiber optic,0.8324470040039765,High
0306-JAELE,Month-to-month,5,96.1,Fiber optic,0.8322865093239531,High
7218-HKQFK,Month-to-month,2,94.2,Fiber optic,0.8319754458330079,High
5429-LWCMV,Month-to-month,12,89.15,Fiber optic,0.8316096162495038,High
7181-BQYBV,Month-to-month,1,102.45,Fiber optic,0.8314756724307608,High
2737-YNGYW,Month-to-month,2,80.55,Fiber optic,0.831367244668828,High
0684-AOSIH,Month-to-month,1,95.0,Fiber optic,0.831323468712167,High
9185-TQCVP,Month-to-month,14,85.15,Fiber optic,0.8311996207429098,High
7938-OUHIO,Month-to-month,3,98.7,Fiber optic,0.8311947566725306,High
6786-OBWQR,Month-to-month,5,80.85,Fiber optic,0.8311669064415929,High
2612-RANWT,Month-to-month,12,100.15,Fiber optic,0.8310934434225234,High
3721-CNEYS,Month-to-month,2,70.95,Fiber optic,0.8309323745721543,High
6060-DRTNL,Month-to-month,5,84.85,Fiber optic,0.8309206726215824,High
4282-YMKNA,Month-to-month,9,74.75,Fiber optic,0.8309084263874786,High
7363-QTBIW,Month-to-month,9,79.75,Fiber optic,0.8308730747829774,High
8065-YKXKD,Month-to-month,10,74.75,Fiber optic,0.8308489393140338,High
1219-NNDDO,Month-to-month,9,76.85,Fiber optic,0.8307099080152361,High
9840-EFJQB,Month-to-month,1,74.35,Fiber optic,0.830689425910201,High
6168-WFVVF,Month-to-month,3,70.3,Fiber optic,0.8306809782816952,High
9894-EZEWG,Month-to-month,1,74.3,Fiber optic,0.8306640230229402,High
2472-OVKUP,Month-to-month,6,91.0,Fiber optic,0.830561998540042,High
9237-HQITU,Month-to-month,2,70.7,Fiber optic,0.8305245168461781,High
6000-APYLU,Month-to-month,9,80.8,Fiber optic,0.8303587550074565,High
7198-GLXTC,Month-to-month,2,79.0,Fiber optic,0.830231356687056,High
0812-WUPTB,Month-to-month,1,70.85,Fiber optic,0.8300820734218533,High
1704-NRWYE,Month-to-month,9,80.85,Fiber optic,0.8300416856592376,High
3801-HMYNL,Month-to-month,1,89.15,Fiber optic,0.8299576811874843,High
8873-GLDMH,Month-to-month,6,73.85,Fiber optic,0.8298558627687775,High
5928-QLDHB,Month-to-month,9,76.25,Fiber optic,0.829655019487688,High
7354-OIJLX,Month-to-month,9,75.85,Fiber optic,0.829655019487688,High
6772-KSATR,Month-to-month,1,81.7,Fiber optic,0.8296216365570097,High
1980-KXVPM,Month-to-month,3,75.05,Fiber optic,0.8294102786414403,High
6435-SRWBJ,Month-to-month,5,82.75,Fiber optic,0.8293078709868431,High
1184-PJVDB,Month-to-month,10,79.95,Fiber optic,0.8292746456997728,High
9717-QEBGU,Month-to-month,2,70.3,Fiber optic,0.8291815598100764,High
6432-TWQLB,Month-to-month,5,85.4,Fiber optic,0.8291123740454387,High
9747-DDZOS,Month-to-month,1,73.5,Fiber optic,0.8290606562023808,High
2897-DOVND,Month-to-month,2,69.8,Fiber optic,0.8289833067334132,High
5168-MSWXT,Month-to-month,8,94.75,Fiber optic,0.8287583367333186,High
4132-KALRO,Month-to-month,4,100.85,Fiber optic,0.8287424676376384,High
7994-UYIVZ,Month-to-month,8,85.65,Fiber optic,0.8284108209227639,High
4636-QRJKY,Month-to-month,6,80.5,Fiber optic,0.82833318064141,High
7394-LWLYN,Month-to-month,2,70.15,Fiber optic,0.8282881451790535,High
4445-ZJNMU,Month-to-month,9,99.3,Fiber optic,0.8281706373425621,High
2929-ERCFZ,Month-to-month,8,94.2,Fiber optic,0.8281040484736928,High
3621-CEOVK,Month-to-month,14,100.2,Fiber optic,0.8280912548042251,High
4770-UEZOX,Month-to-month,2,74.75,Fiber optic,0.8280369485899624,High
4482-EWFMI,Month-to-month,2,69.7,Fiber optic,0.827900209467081,High
2276-YDAVZ,Month-to-month,3,75.1,Fiber optic,0.8277491866848816,High
3750-CKVKH,Month-to-month,2,67.75,Fiber optic,0.8274629631286357,High
6326-MTTXK,Month-to-month,8,100.85,Fiber optic,0.827354473710489,High
7156-MHUGY,Month-to-month,13,90.5,Fiber optic,0.8270893981568945,High
1195-OIYEJ,Month-to-month,13,91.1,Fiber optic,0.8269745231070427,High
6424-ELEYH,Month-to-month,3,74.75,Fiber optic,0.8269676605496398,High
6615-NGGZJ,Month-to-month,14,100.55,Fiber optic,0.8269195246480159,High
6086-ESGRL,Month-to-month,1,80.15,Fiber optic,0.8268445050667435,High
5570-PTWEH,Month-to-month,3,75.15,Fiber optic,0.8263814438960622,High
7903-CMPEY,Month-to-month,1,80.3,Fiber optic,0.826088378151607,High
3420-YJLQT,Month-to-month,2,79.55,Fiber optic,0.8260545245431659,High
8835-VSDSE,Month-to-month,2,70.7,Fiber optic,0.825355489152291,High
6077-BDPXA,Month-to-month,3,70.15,Fiber optic,0.8253165526989187,High
8699-ASUFO,Month-to-month,7,74.4,Fiber optic,0.8252853111950991,High
7321-VGNKU,Month-to-month,2,70.35,Fiber optic,0.8252417517072803,High
8413-VONUO,Month-to-month,2,95.65,Fiber optic,0.8252235824277524,High
9850-OWRHQ,Month-to-month,3,74.1,Fiber optic,0.8247067814097454,High
8779-QRDMV,Month-to-month,1,39.65,DSL,0.8246537424141006,High
2424-WVHPL,Month-to-month,1,74.7,Fiber optic,0.8245774858010294,High
2880-FPNAE,Month-to-month,2,74.2,Fiber optic,0.8245086992292779,High
7479-NITWS,Month-to-month,7,89.35,Fiber optic,0.824368031145115,High
0841-NULXI,Month-to-month,1,35.55,DSL,0.8243412158113107,High
3091-FYHKI,Month-to-month,1,35.45,DSL,0.8243412158113107,High
0236-HFWSV,Month-to-month,15,93.35,Fiber optic,0.8241026813314638,High
4822-NGOCH,Month-to-month,13,84.45,Fiber optic,0.8241011957242871,High
4059-IIEBK,Month-to-month,7,78.55,Fiber optic,0.8238854722461832,High
0345-HKJVM,Month-to-month,6,89.3,Fiber optic,0.8237715091038442,High
0644-OQMDK,Month-to-month,4,70.65,Fiber optic,0.8236965234999484,High
9799-CAYJJ,Month-to-month,2,69.3,Fiber optic,0.8234344907289385,High
0722-SVSFK,Month-to-month,7,100.4,Fiber optic,0.8232068155178738,High
9696-RMYBA,Month-to-month,5,80.1,Fiber optic,0.8231179600171368,High
1965-AKTSX,Month-to-month,14,78.95,Fiber optic,0.8228927972881042,High
3776-EKTKM,Month-to-month,1,36.45,DSL,0.8227941678996787,High
0680-DFNNY,Month-to-month,15,101.1,Fiber optic,0.8222253625921,High
2568-BRGYX,Month-to-month,4,70.2,Fiber optic,0.8220390659848574,High
8245-UMPYT,Month-to-month,16,96.4,Fiber optic,0.822023919225753,High
6221-AVQYL,Month-to-month,2,73.25,Fiber optic,0.8220000291897537,High
9094-AZPHK,Month-to-month,15,100.15,Fiber optic,0.8218592812511318,High
9633-XQABV,Month-to-month,3,70.25,Fiber optic,0.8218486358433668,High
7912-SYRQT,Month-to-month,7,75.1,Fiber optic,0.8217290331605783,High
9274-CNFMO,Month-to-month,4,74.95,Fiber optic,0.8216350881721017,High
7245-NIIWQ,Month-to-month,3,69.85,Fiber optic,0.8214529544791123,High
3370-HXOPH,Month-to-month,3,76.1,Fiber optic,0.8213079704545398,High
2868-SNELZ,Month-to-month,2,80.6,Fiber optic,0.821177418575165,High
3855-ONCAR,Month-to-month,4,78.9,Fiber optic,0.8211469479088936,High
7379-POKDZ,Month-to-month,3,70.3,Fiber optic,0.8210072128650555,High
2754-SDJRD,Month-to-month,8,100.15,Fiber optic,0.8209795781536207,High
7823-JSOAG,Month-to-month,3,74.5,Fiber optic,0.8209523858522275,High
5399-ZIMKF,Month-to-month,5,74.65,Fiber optic,0.8207804178421452,High
0023-HGHWL,Month-to-month,1,25.1,DSL,0.8207334185496841,High
1342-JPNKI,Month-to-month,10,86.05,Fiber optic,0.8206999218568837,High
9408-SSNVZ,Month-to-month,4,70.15,Fiber optic,0.820370831974235,High
0329-GTIAJ,Month-to-month,3,97.9,Fiber optic,0.8203075001766532,High
0925-VYDLG,Month-to-month,3,75.25,Fiber optic,0.8201315229668643,High
2135-DQWAQ,Month-to-month,5,85.3,Fiber optic,0.8200745209381493,High
2984-AFWNC,Month-to-month,3,95.4,Fiber optic,0.8199960429698785,High
9846-GKXAS,Month-to-month,9,90.8,Fiber optic,0.8199725989385099,High
2058-DCJBE,Month-to-month,5,69.75,Fiber optic,0.8197092342131502,High
3372-KWFBM,Month-to-month,16,86.6,Fiber optic,0.8196043045626167,High
1602-IJQQE,Month-to-month,4,75.35,Fiber optic,0.8193743534103008,High
6047-YHPVI,Month-to-month,5,69.7,Fiber optic,0.8193150984982441,High
7044-YAACC,Month-to-month,4,70.2,Fiber optic,0.819281184312857,High
0947-IDHRQ,Month-to-month,7,80.3,Fiber optic,0.8192037746259703,High
1075-BGWOH,Month-to-month,16,98.75,Fiber optic,0.8189140272200419,High
4929-XIHVW,Month-to-month,2,95.5,Fiber optic,0.8187597598276842,High
4290-BSXUX,Month-to-month,3,79.65,Fiber optic,0.8184630723495032,High
9290-SHCMB,Month-to-month,13,96.85,Fiber optic,0.8177930836911774,High
3376-BMGFE,Month-to-month,4,70.9,Fiber optic,0.81762773394355,High
3874-EQOEP,Month-to-month,7,95.0,Fiber optic,0.8176028520482439,High
3473-XIIIT,Month-to-month,16,100.0,Fiber optic,0.8174226846592776,High
2876-GZYZC,Month-to-month,13,85.95,Fiber optic,0.8173609969655009,High
6734-GMPVK,Month-to-month,5,105.3,Fiber optic,0.8173063513766535,High
2468-SJFLM,Month-to-month,1,74.3,Fiber optic,0.8173018829111863,High
0004-TLHLJ,Month-to-month,4,73.9,Fiber optic,0.8172004762073322,High
8132-YPVBX,Month-to-month,6,85.95,Fiber optic,0.8171448489339074,High
4566-NECEV,Month-to-month,5,96.55,Fiber optic,0.81688514840822,High
8687-BAFGU,Month-to-month,1,74.0,Fiber optic,0.81687709549848,High
0508-OOLTO,Month-to-month,2,71.65,Fiber optic,0.8168148800510425,High
9221-OTIVJ,Month-to-month,14,104.85,Fiber optic,0.8167284010509073,High
9565-DJPIB,Month-to-month,4,89.6,Fiber optic,0.8163751193166168,High
7508-MYBOG,Month-to-month,14,86.1,Fiber optic,0.8163708161822446,High
2920-RNCEZ,Month-to-month,1,69.95,Fiber optic,0.8159112916773658,High
5419-CONWX,Month-to-month,4,99.8,Fiber optic,0.8158970267355418,High
3186-BAXNB,Month-to-month,1,91.7,Fiber optic,0.815884787746124,High
1200-TUZHR,Month-to-month,8,85.2,Fiber optic,0.8156907365189322,High
9250-WYPLL,Month-to-month,5,75.55,Fiber optic,0.8154512673092339,High
6110-OHIHY,Month-to-month,3,79.25,Fiber optic,0.8154042992044434,High
9050-IKDZA,Month-to-month,2,81.5,Fiber optic,0.815305560453311,High
5299-RULOA,Month-to-month,10,100.25,Fiber optic,0.8152837901531232,High
8325-QRPZR,Month-to-month,7,75.15,Fiber optic,0.8151410826380944,High
1768-ZAIFU,Month-to-month,1,25.2,DSL,0.8149757342958078,High
2027-FECZV,Month-to-month,12,106.7,Fiber optic,0.8149647590306643,High
6689-TCZHQ,Month-to-month,5,78.95,Fiber optic,0.8149146069861033,High
6198-ZFIOJ,Month-to-month,5,75.6,Fiber optic,0.8148134234773091,High
3106-ULWFW,Month-to-month,8,85.2,Fiber optic,0.8142491059756193,High
2154-KVJFF,Month-to-month,15,79.75,Fiber optic,0.8141888626090179,High
1475-VWVDO,Month-to-month,7,74.9,Fiber optic,0.8140319123991163,High
9685-WKZGT,Month-to-month,14,74.95,Fiber optic,0.8140116893861576,High
5569-KGJHX,Month-to-month,9,85.35,Fiber optic,0.8138180699406573,High
3585-ISXZP,Month-to-month,8,95.65,Fiber optic,0.8137326526705396,High
6376-GAHQE,Month-to-month,4,77.85,Fiber optic,0.8137008814223402,High
2800-VEQXM,Month-to-month,3,74.75,Fiber optic,0.8135665262739292,High
4514-GFCFI,Month-to-month,16,84.75,Fiber optic,0.8133703218197128,High
2657-VPXTA,Month-to-month,10,88.85,Fiber optic,0.8132265660773744,High
2919-HBCJO,Month-to-month,4,76.65,Fiber optic,0.8131787038737092,High
9095-HFAFX,Month-to-month,5,81.0,Fiber optic,0.8129673289908611,High
5949-XIKAE,Month-to-month,8,83.55,Fiber optic,0.812866984382727,High
2983-ZANRP,Month-to-month,2,73.55,Fiber optic,0.8126781579045118,High
4439-JMPMT,Month-to-month,5,85.75,Fiber optic,0.8125383733830305,High
2272-QAGFO,Month-to-month,14,74.3,Fiber optic,0.8124827412062978,High
0916-QOFDP,Month-to-month,14,95.8,Fiber optic,0.8124570293575427,High
6993-OHLXR,Month-to-month,2,68.95,Fiber optic,0.8124553343467318,High
1024-VRZHF,Month-to-month,11,74.95,Fiber optic,0.8123372158258407,High
6683-VLCTZ,Month-to-month,20,98.55,Fiber optic,0.8123150387420428,High
0822-GAVAP,Month-to-month,2,34.7,DSL,0.812267799388843,High
3411-WLRSQ,Month-to-month,3,74.6,Fiber optic,0.8121813177529152,High
3249-ZPQRG,Month-to-month,4,78.45,Fiber optic,0.8121720672887147,High
0685-MLYYM,Month-to-month,2,70.75,Fiber optic,0.812043251184009,High
0135-NMXAP,Month-to-month,12,89.75,Fiber optic,0.8116344517599611,High
9809-IMGCQ,Month-to-month,22,96.7,Fiber optic,0.81155911139201,High
8510-AWCXC,Month-to-month,13,100.8,Fiber optic,0.8114967932812812,High
5729-KLZAR,Month-to-month,4,80.85,Fiber optic,0.81137840149993,High
8800-JOOCF,Month-to-month,12,84.05,Fiber optic,0.8108675500503164,High
3217-FZDMN,Month-to-month,8,94.45,Fiber optic,0.8104999223475227,High
0432-CAJZV,Month-to-month,3,90.7,Fiber optic,0.8103340703245967,High
2799-ARNLO,Month-to-month,5,69.35,Fiber optic,0.8102276213932587,High
8010-EZLOU,Month-to-month,15,80.2,Fiber optic,0.8101743334427153,High
0011-IGKFF,Month-to-month,13,98.0,Fiber optic,0.8099470759396151,High
9741-YLNTD,Month-to-month,6,87.95,Fiber optic,0.809899507586985,High
2754-VDLTR,Month-to-month,10,95.2,Fiber optic,0.8093992997991167,High
9921-ZVRHG,Month-to-month,14,80.45,Fiber optic,0.8092072556777851,High
7365-BVCJH,Month-to-month,1,24.4,DSL,0.8090978432460949,High
1334-FJSVR,Month-to-month,1,24.25,DSL,0.8090978432460949,High
3488-PGMQJ,Month-to-month,8,74.5,Fiber optic,0.8090797989962796,High
9436-ZBZCT,Month-to-month,14,89.95,Fiber optic,0.8089722413572084,High
5935-FCCNB,Month-to-month,17,94.2,Fiber optic,0.8089658723435516,High
1658-BYGOY,Month-to-month,18,95.45,Fiber optic,0.8089006606934833,High
9576-ANLXO,Month-to-month,3,69.55,Fiber optic,0.8088519283604233,High
8035-PWSEV,Month-to-month,6,89.25,Fiber optic,0.8088393282961587,High
4585-HETAI,Month-to-month,4,73.75,Fiber optic,0.8087359880071656,High
8107-KNCIM,Month-to-month,14,75.1,Fiber optic,0.8086092046188086,High
4633-MKHYU,Month-to-month,9,88.4,Fiber optic,0.8083781442712082,High
5378-IKEEG,Month-to-month,1,35.75,DSL,0.808285076089203,High
6918-UMQCG,Month-to-month,5,80.2,Fiber optic,0.8082753646184472,High
7625-XCQRH,Month-to-month,11,76.5,Fiber optic,0.8080718143185817,High
2672-DZUOY,Month-to-month,1,25.15,DSL,0.8080094478956261,High
5357-TZHPP,Month-to-month,9,84.4,Fiber optic,0.8079852576142055,High
7538-GWHML,Month-to-month,2,69.65,Fiber optic,0.8078242981021047,High
3606-TWKGI,Month-to-month,13,106.9,Fiber optic,0.8076516366741275,High
0455-XFASS,Month-to-month,3,69.55,Fiber optic,0.8075922947173659,High
3677-IYRBF,Month-to-month,2,30.4,DSL,0.8075829650541028,High
4029-HPFVY,Month-to-month,3,70.3,Fiber optic,0.8074164290193921,High
5293-WXJAK,Month-to-month,11,104.05,Fiber optic,0.8072255348818922,High
9430-FRQOC,Month-to-month,4,87.1,Fiber optic,0.8071730644755059,High
0375-HVGXO,Month-to-month,1,34.7,DSL,0.8070632379945013,High
1077-HUUJM,Month-to-month,7,71.05,Fiber optic,0.8068461498929005,High
7394-FKDNK,Month-to-month,9,89.45,Fiber optic,0.8068348966204623,High
6680-WKXRZ,Month-to-month,3,74.4,Fiber optic,0.8067153331848564,High
1565-RHDJD,Month-to-month,4,84.05,Fiber optic,0.8067049101619886,High
8266-VBFQL,Month-to-month,4,90.4,Fiber optic,0.8064434477131782,High
0727-IWKVK,Month-to-month,9,79.9,Fiber optic,0.8061027632551884,High
7295-JOMMD,Month-to-month,4,98.1,Fiber optic,0.805982755836005,High
3247-ZVOUO,Month-to-month,10,85.55,Fiber optic,0.8058297936866071,High
7225-CBZPL,Month-to-month,17,94.8,Fiber optic,0.8057085801155255,High
2984-MIIZL,Month-to-month,4,74.8,Fiber optic,0.805621539319508,High
9330-IJWIO,Month-to-month,13,100.35,Fiber optic,0.8055951679373771,High
5712-PTIWW,Month-to-month,2,79.85,Fiber optic,0.8055145352284576,High
5442-BHQNG,Month-to-month,2,70.35,Fiber optic,0.8051352425745512,High
4277-PVRAN,Month-to-month,8,80.1,Fiber optic,0.8051279065922863,High
9391-EOYLI,Month-to-month,12,80.45,Fiber optic,0.8050230752828803,High
5520-FVEWJ,Month-to-month,12,84.5,Fiber optic,0.8048109780578356,High
5883-GTGVD,Month-to-month,19,99.95,Fiber optic,0.8047819082143989,High
8481-YYXWG,Month-to-month,5,89.35,Fiber optic,0.8046724210495916,High
8676-TRMJS,Month-to-month,3,75.0,Fiber optic,0.8044912134343128,High
3420-ZDBMA,Month-to-month,5,71.45,Fiber optic,0.8040767153491903,High
6496-JDSSB,Month-to-month,8,80.0,Fiber optic,0.8036871401742627,High
5027-QPKTE,Month-to-month,7,69.35,Fiber optic,0.8035464793780714,High
2815-CPTUL,Month-to-month,5,70.25,Fiber optic,0.8033270033070659,High
7326-RIGQZ,Month-to-month,6,69.8,Fiber optic,0.8032975135976399,High
2369-UAPKZ,Month-to-month,5,104.1,Fiber optic,0.8032653698278974,High
7969-AULMZ,Month-to-month,21,97.35,Fiber optic,0.8032157043594986,High
4094-NSEDU,Month-to-month,21,94.25,Fiber optic,0.8030817824297075,High
2737-WFVYW,Month-to-month,2,45.25,DSL,0.8030449099792213,High
9840-DVNDC,Month-to-month,6,80.5,Fiber optic,0.8024608553834783,High
3440-JPSCL,Month-to-month,6,99.95,Fiber optic,0.8023705230216064,High
1196-AMORA,Month-to-month,7,73.6,Fiber optic,0.8021736628590663,High
1508-DFXCU,Month-to-month,12,81.45,Fiber optic,0.8016989457076518,High
2038-OEQZH,Month-to-month,4,86.05,Fiber optic,0.8013678454101439,High
0013-EXCHZ,Month-to-month,3,83.9,Fiber optic,0.8013140021463612,High
5119-NZPTV,Month-to-month,2,70.1,Fiber optic,0.8011956458092924,High
4291-SHSBH,Month-to-month,7,69.55,Fiber optic,0.8010565548937455,High
4983-CCWMC,Month-to-month,3,69.6,Fiber optic,0.8010428201792327,High
6127-ISGTU,Month-to-month,16,84.95,Fiber optic,0.8010354585060784,High
1465-VINDH,Month-to-month,10,102.1,Fiber optic,0.8010094026498694,High
8443-WVPSS,Month-to-month,10,99.85,Fiber optic,0.8009722331158777,High
0746-JTRFU,Month-to-month,2,25.05,DSL,0.8008629153421446,High
7932-WPTDS,Month-to-month,1,24.8,DSL,0.8008552057560897,High
4547-KQRTM,Month-to-month,10,80.05,Fiber optic,0.8008073642554198,High
4559-UWIHT,Month-to-month,14,82.65,Fiber optic,0.8005080358232132,High
1626-ERCMM,Month-to-month,20,94.55,Fiber optic,0.8000226140243591,High
5288-AHOUP,Month-to-month,11,78.5,Fiber optic,0.7999334598762168,High
0689-NKYLF,Month-to-month,13,83.2,Fiber optic,0.7997576261951035,High
0940-OUQEC,Month-to-month,10,80.7,Fiber optic,0.7996700238636428,High
0923-PNFUB,Month-to-month,3,83.75,Fiber optic,0.7996565039249636,High
7571-YXDAD,Month-to-month,2,74.9,Fiber optic,0.7993154233448722,High
3453-RTHJQ,Month-to-month,6,69.1,Fiber optic,0.7992655937303059,High
6100-QQHEB,Month-to-month,17,92.55,Fiber optic,0.7991318152949692,High
1907-UBQFC,Month-to-month,10,72.85,Fiber optic,0.7989698298974359,High
7145-FEJWU,Month-to-month,12,105.3,Fiber optic,0.7987624058179499,High
7786-WBJYI,Month-to-month,4,77.95,Fiber optic,0.7983591626719522,High
5976-JCJRH,Month-to-month,10,70.3,Fiber optic,0.7982882761691468,High
3338-CVVEH,Month-to-month,12,94.55,Fiber optic,0.7982025090734962,High
8348-HFYIV,Month-to-month,2,49.25,DSL,0.7981802218463954,High
0302-JOIVN,Month-to-month,8,101.15,Fiber optic,0.7981659710454573,High
7668-XCFYV,Month-to-month,17,92.55,Fiber optic,0.7979222230000035,High
9314-IJWSQ,Month-to-month,14,84.8,Fiber optic,0.7976967301619402,High
9547-ITEFG,Month-to-month,9,102.6,Fiber optic,0.7976201949229815,High
8861-HGGKB,Month-to-month,10,86.45,Fiber optic,0.7974123265350375,High
3999-QGRJH,Month-to-month,8,69.7,Fiber optic,0.7973829075835119,High
8714-CTZJW,Month-to-month,4,82.85,Fiber optic,0.7973369147199075,High
5382-SOYZL,Month-to-month,22,95.1,Fiber optic,0.7967303856741123,High
1379-FRVEB,Month-to-month,15,91.0,Fiber optic,0.7965766977938221,High
6166-ILMNY,Month-to-month,2,69.75,Fiber optic,0.7965485529287628,High
1016-DJTSV,Month-to-month,8,69.7,Fiber optic,0.7965232733682733,High
4854-CIDCF,Month-to-month,3,73.85,Fiber optic,0.7964215361470905,High
7495-OOKFY,Month-to-month,8,80.65,Fiber optic,0.796292262361322,High
1010-DIAUQ,Month-to-month,5,96.5,Fiber optic,0.7962840016393865,High
2485-ITVKB,Month-to-month,2,35.1,DSL,0.7962592439062913,High
7598-UAASY,Month-to-month,2,76.4,Fiber optic,0.7962517332356902,High
4629-NRXKX,Month-to-month,2,70.4,Fiber optic,0.7962014477664955,High
6379-RXJRQ,Month-to-month,10,70.1,Fiber optic,0.795905387163025,High
9734-YWGEX,Month-to-month,9,98.3,Fiber optic,0.7956747686884634,High
3908-BLSYF,Month-to-month,6,83.9,Fiber optic,0.7955198792855636,High
8270-RKSAP,Month-to-month,9,70.5,Fiber optic,0.7952657191194901,High
6986-IXNDM,Month-to-month,14,92.9,Fiber optic,0.7951120799842839,High
0225-ZORZP,Month-to-month,3,84.3,Fiber optic,0.7949119905523292,High
7517-LDMPS,Month-to-month,12,84.6,Fiber optic,0.7947028008312327,High
6087-MVHJH,Month-to-month,16,88.45,Fiber optic,0.7946134501046155,High
3452-GWUIN,Month-to-month,19,94.95,Fiber optic,0.7943388136424502,High
7392-YYPYJ,Month-to-month,22,100.65,Fiber optic,0.7939609583902218,High
4631-OACRM,Month-to-month,15,79.4,Fiber optic,0.7939194609516422,High
4512-ZUIYL,Month-to-month,2,70.0,Fiber optic,0.7938979770411065,High
2482-CZGBB,Month-to-month,10,70.0,Fiber optic,0.7938528422064705,High
5760-IFJOZ,Month-to-month,3,107.95,Fiber optic,0.7938276066911413,High
0365-BZUWY,Month-to-month,17,102.55,Fiber optic,0.7937515838363881,High
1867-BDVFH,Month-to-month,11,74.35,Fiber optic,0.7936649168349493,High
9643-AVVWI,Month-to-month,3,80.0,Fiber optic,0.7936052040755742,High
3717-OEAUQ,Month-to-month,2,70.7,Fiber optic,0.7934802122092027,High
3797-VTIDR,Month-to-month,1,23.45,DSL,0.7934334481828267,High
1571-SAVHK,Month-to-month,12,99.95,Fiber optic,0.7933016096640595,High
4853-OITSN,Month-to-month,5,89.15,Fiber optic,0.7932370794734933,High
2135-RXIHG,Month-to-month,1,45.65,DSL,0.7931361138304117,High
9191-MYQKX,Month-to-month,7,75.15,Fiber optic,0.7930088789139825,High
2905-KFQUV,Month-to-month,2,70.4,Fiber optic,0.7929221056562046,High
2082-CEFLT,Month-to-month,1,45.6,DSL,0.7926882676355387,High
5955-ERIHD,Month-to-month,18,94.7,Fiber optic,0.7926770101884911,High
3096-GKWEB,Month-to-month,18,94.75,Fiber optic,0.7926770101884911,High
1251-STYSZ,Month-to-month,4,80.25,Fiber optic,0.7925652058722931,High
9402-ORRAH,Month-to-month,15,91.5,Fiber optic,0.7923981806201954,High
3904-UKFRE,Month-to-month,4,80.1,Fiber optic,0.7922129791329345,High
6215-NQCPY,Month-to-month,15,99.7,Fiber optic,0.7921514298432032,High
6101-IMRMM,Month-to-month,6,94.5,Fiber optic,0.791782954832167,High
5956-YHHRX,Month-to-month,21,104.35,Fiber optic,0.791672068562263,High
3254-YRILK,Month-to-month,19,88.2,Fiber optic,0.7915564623575375,High
2754-XBHTB,Month-to-month,9,77.65,Fiber optic,0.7912593295780235,High
4572-DVCGN,Month-to-month,10,80.25,Fiber optic,0.7911217090748763,High
0258-NOKBL,Month-to-month,3,90.4,Fiber optic,0.7910201801955455,High
5701-YVSVF,Month-to-month,11,82.9,Fiber optic,0.7908525505049883,High
4450-DLLMH,Month-to-month,2,71.3,Fiber optic,0.7905301034224083,High
7273-TEFQD,Month-to-month,3,41.15,DSL,0.7904822623079752,High
8337-MSSXB,Month-to-month,14,86.3,Fiber optic,0.7904405841073588,High
6339-YPSAH,Month-to-month,9,73.8,Fiber optic,0.7903465220804061,High
4817-QRJSX,Month-to-month,10,81.0,Fiber optic,0.790284328029691,High
8417-FMLZI,Month-to-month,6,83.55,Fiber optic,0.790228235119661,High
4919-MOAVT,Month-to-month,3,69.65,Fiber optic,0.7901343429379646,High
2608-BHKFN,Month-to-month,4,70.05,Fiber optic,0.789997764804896,High
2862-PFNIK,Month-to-month,1,24.7,DSL,0.7898034504038526,High
0928-XUTSN,Month-to-month,13,80.5,Fiber optic,0.7896555605237765,High
5832-XKAES,Month-to-month,2,69.8,Fiber optic,0.7894655894960526,High
7242-QZLXF,Month-to-month,1,25.3,DSL,0.7893837065448851,High
6400-BWQKW,Month-to-month,6,79.05,Fiber optic,0.7891746537819548,High
5931-FLJJF,Month-to-month,7,70.1,Fiber optic,0.7891086721755213,High
4910-AQFFX,Month-to-month,9,79.35,Fiber optic,0.788911448031157,High
5228-EXCET,Month-to-month,13,80.85,Fiber optic,0.7888902814121668,High
7831-QGOXH,Month-to-month,18,85.2,Fiber optic,0.788837428863604,High
0793-TWELN,Month-to-month,4,80.15,Fiber optic,0.7888211905550242,High
6959-UWKHF,Month-to-month,1,42.9,DSL,0.7888003554612084,High
8992-JQYUN,Month-to-month,1,50.35,DSL,0.7885896149452704,High
8485-GJCDN,Month-to-month,5,69.05,Fiber optic,0.7884465374055507,High
3317-VLGQT,Month-to-month,14,78.1,Fiber optic,0.7884296471066121,High
8120-JDCAM,Month-to-month,4,69.55,Fiber optic,0.7883442148554594,High
1689-YQBYY,Month-to-month,12,76.6,Fiber optic,0.7881421885287423,High
9919-KNPOO,Month-to-month,21,94.3,Fiber optic,0.7880449434584325,High
4763-PGDPO,Month-to-month,4,70.4,Fiber optic,0.7878541079025019,High
4597-NUCQV,Month-to-month,24,101.25,Fiber optic,0.7878535717248162,High
1746-TGTWV,Month-to-month,1,75.35,Fiber optic,0.7877435832043881,High
0018-NYROU,Month-to-month,5,68.95,Fiber optic,0.7875948406502045,High
3966-HRMZA,Month-to-month,3,75.05,Fiber optic,0.7865539190499157,High
4301-VVZKA,Month-to-month,16,75.4,Fiber optic,0.7864492533362849,High
8937-RDTHP,Month-to-month,1,84.6,Fiber optic,0.7863795645698143,High
7952-OBOYL,Month-to-month,3,89.85,Fiber optic,0.7863072733922826,High
6128-CZOMY,Month-to-month,1,45.65,DSL,0.785992808709921,High
0772-GYEQQ,Month-to-month,3,88.35,Fiber optic,0.7859026652529166,High
8875-AKBYH,Month-to-month,20,84.35,Fiber optic,0.7858539244722789,High
9102-IAYHT,Month-to-month,17,85.45,Fiber optic,0.7858403515499107,High
8734-DKSTZ,Month-to-month,10,85.95,Fiber optic,0.7857874384613323,High
9947-OTFQU,Month-to-month,15,74.4,Fiber optic,0.785693040057798,High
1918-ZBFQJ,Month-to-month,13,79.25,Fiber optic,0.7855071327896823,High
2845-HSJCY,Month-to-month,14,87.25,Fiber optic,0.7851745102816592,High
1024-GUALD,Month-to-month,1,24.8,DSL,0.7849957896054647,High
3223-DWFIO,Month-to-month,4,69.35,Fiber optic,0.7848758206339087,High
7384-GHBPI,Month-to-month,3,35.15,DSL,0.7847572287617554,High
2079-FBMZK,Month-to-month,6,69.25,Fiber optic,0.784554194356421,High
5091-HFAZW,Month-to-month,2,91.15,Fiber optic,0.7845078504921074,High
6390-DSAZX,Month-to-month,1,73.6,Fiber optic,0.7844454939503381,High
3496-LFSZU,Month-to-month,4,70.5,Fiber optic,0.7843278141245178,High
0506-LVNGN,Month-to-month,5,75.55,Fiber optic,0.784250200347406,High
5077-DXTCG,Month-to-month,1,45.3,DSL,0.783935272689945,High
5405-ZMYXQ,Month-to-month,8,74.6,Fiber optic,0.7835907218490066,High
5605-IYGFG,Month-to-month,7,69.85,Fiber optic,0.7835797030230615,High
6583-KQJLK,Month-to-month,15,94.65,Fiber optic,0.7834636201545774,High
3754-DXMRT,Month-to-month,2,44.15,DSL,0.7828052156396779,High
2430-USGXP,Month-to-month,24,101.05,Fiber optic,0.7827785434245645,High
4816-JBHOV,Month-to-month,2,44.7,DSL,0.7823551123125226,High
8705-WZCYL,Month-to-month,1,44.8,DSL,0.7823500649771677,High
4373-VVHQL,Month-to-month,1,44.75,DSL,0.7823500649771677,High
7089-IVVAZ,Month-to-month,8,103.35,Fiber optic,0.7822891880157746,High
1428-GTBJJ,Month-to-month,11,74.55,Fiber optic,0.7822876788720536,High
6705-LXORM,Month-to-month,5,70.05,Fiber optic,0.7820712278264234,High
2080-GKCWQ,Month-to-month,2,74.95,Fiber optic,0.7820395282632584,High
2081-VEYEH,Month-to-month,3,107.95,Fiber optic,0.7815725937305157,High
1522-VVDMG,Month-to-month,7,89.75,Fiber optic,0.7815395128254843,High
3663-MITLP,Month-to-month,15,101.25,Fiber optic,0.7815188669047488,High
0378-TOVMS,Month-to-month,3,85.8,Fiber optic,0.7814428649579827,High
9625-QSTYE,Month-to-month,13,81.15,Fiber optic,0.7813193013177843,High
7402-EYFXX,Month-to-month,26,93.6,Fiber optic,0.7810982143061599,High
4123-DVHPH,Month-to-month,9,88.05,Fiber optic,0.7809525244369656,High
4236-XPXAV,Month-to-month,5,99.15,Fiber optic,0.7806726506213354,High
3393-FMZPV,Month-to-month,25,100.25,Fiber optic,0.7805798400616282,High
7079-QRCBC,Month-to-month,24,98.75,Fiber optic,0.7802829049826563,High
9360-OMDZZ,Month-to-month,24,94.1,Fiber optic,0.7801643339757552,High
5652-MSDEY,Month-to-month,10,75.75,Fiber optic,0.7801475861469267,High
5138-WVKYJ,Month-to-month,10,98.55,Fiber optic,0.7798017710112746,High
9367-WXLCH,Month-to-month,8,84.5,Fiber optic,0.7797728216858588,High
6331-EWIEB,Month-to-month,20,85.25,Fiber optic,0.7797475837501165,High
6702-OHFWR,Month-to-month,1,43.3,DSL,0.7797018373457515,High
0330-IVZHA,Month-to-month,5,69.95,Fiber optic,0.7794355471505295,High
7854-FOKSF,Month-to-month,1,35.9,DSL,0.7791198793990075,High
8642-GVWRF,Month-to-month,2,79.7,Fiber optic,0.7788469212106522,High
6892-XPFPU,Month-to-month,24,104.25,Fiber optic,0.778838567152874,High
4441-NIHPT,Month-to-month,13,74.3,Fiber optic,0.7786658943953045,High
6821-BUXUX,Month-to-month,13,96.65,Fiber optic,0.7784698014058187,High
4505-EXZHB,Month-to-month,6,74.4,Fiber optic,0.7784635821572321,High
5364-EVNIB,Month-to-month,13,79.8,Fiber optic,0.7784322957658816,High
7206-PQBBZ,Month-to-month,11,70.2,Fiber optic,0.7783248868600301,High
1513-XNPPH,Month-to-month,12,89.4,Fiber optic,0.7783092071412994,High
6034-YMTOB,Month-to-month,5,75.65,Fiber optic,0.7782401000309096,High
0958-YHXGP,Month-to-month,7,69.9,Fiber optic,0.7778792747251931,High
7928-VJYAB,Month-to-month,11,90.6,Fiber optic,0.7778194696284857,High
5940-NFXKV,Month-to-month,19,83.65,Fiber optic,0.7776004828718122,High
8118-TJAFG,Month-to-month,9,101.5,Fiber optic,0.7775600639699721,High
5995-SNNEW,Month-to-month,23,104.45,Fiber optic,0.7771786094501448,High
6818-DJXAA,Month-to-month,10,91.1,Fiber optic,0.7771177107178462,High
5600-KTXFM,Month-to-month,2,69.95,Fiber optic,0.777040421913173,High
4298-OYIFC,Month-to-month,15,103.45,Fiber optic,0.7769393377538976,High
3799-ISUZQ,Month-to-month,7,69.95,Fiber optic,0.7765897953624581,High
5022-JNQEQ,Month-to-month,9,75.85,Fiber optic,0.7765592519461549,High
6692-UDPJC,Month-to-month,14,91.65,Fiber optic,0.7764898938518118,High
2985-FMWYF,Month-to-month,23,93.5,Fiber optic,0.7763290093925256,High
4706-AXVKM,Month-to-month,11,84.8,Fiber optic,0.7763039463075497,High
3070-DVEYC,Month-to-month,7,73.75,Fiber optic,0.7762817037381041,High
7780-OTDSO,Month-to-month,18,99.4,Fiber optic,0.7762289246184937,High
7767-UXAGJ,Month-to-month,1,50.45,DSL,0.7762233927184303,High
8854-CCVSQ,Month-to-month,18,80.65,Fiber optic,0.7761849239368959,High
4735-ASGMA,Month-to-month,26,98.35,Fiber optic,0.776146879284195,High
7410-YTJIK,Month-to-month,7,75.45,Fiber optic,0.7760310092326819,High
6175-IRFIT,Month-to-month,5,78.75,Fiber optic,0.7758843137087357,High
4855-SNKMY,Month-to-month,1,44.1,DSL,0.7755724513538357,High
2575-GFSOE,Month-to-month,7,69.0,Fiber optic,0.7754586581482641,High
2114-MGINA,Month-to-month,14,89.8,Fiber optic,0.7753562300020007,High
6608-QQLVK,Month-to-month,1,50.5,DSL,0.775127756075582,High
1866-OBPNR,Month-to-month,1,74.6,Fiber optic,0.7750745173587066,High
2397-BRLOM,Month-to-month,8,80.45,Fiber optic,0.7748917998376046,High
9189-JWSHV,Month-to-month,24,93.55,Fiber optic,0.7748720073702677,High
2398-YPMUR,Month-to-month,13,70.15,Fiber optic,0.7748491222202231,High
0196-JTUQI,Month-to-month,9,75.2,Fiber optic,0.7747811827568796,High
8080-DDEMJ,Month-to-month,1,45.1,DSL,0.7747451551594499,High
4706-DGAHW,Month-to-month,1,45.2,DSL,0.7747451551594499,High
0168-XZKBB,Month-to-month,19,86.85,Fiber optic,0.7744051073460718,High
5590-BYNII,Month-to-month,22,100.75,Fiber optic,0.7738442330475663,High
8617-ENBDS,Month-to-month,3,73.6,Fiber optic,0.7738262132142416,High
5339-PXDVH,Month-to-month,4,90.65,Fiber optic,0.7737021202057325,High
2740-TVLFN,Month-to-month,1,50.15,DSL,0.7736773899380982,High
5649-ANRML,Month-to-month,2,95.1,Fiber optic,0.773564305151813,High
2962-XPMCQ,Month-to-month,2,45.15,DSL,0.7732943463852386,High
5937-EORGB,Month-to-month,15,96.5,Fiber optic,0.7732518903601213,High
0876-WDUUZ,Month-to-month,5,85.4,Fiber optic,0.7732314495167272,High
6956-SMUCM,Month-to-month,3,99.0,Fiber optic,0.7731400005445097,High
8433-WXGNA,Month-to-month,2,75.7,Fiber optic,0.7730751951058765,High
0224-RLWWD,Month-to-month,2,44.3,DSL,0.7729161642440242,High
7426-RHZGU,Month-to-month,9,95.9,Fiber optic,0.7728687304172859,High
3292-PBZEJ,Month-to-month,11,111.4,Fiber optic,0.7727619859823552,High
4385-GZQXV,Month-to-month,16,94.45,Fiber optic,0.7726736273468079,High
3583-EKAPL,Month-to-month,1,55.0,DSL,0.7726246572648975,High
4480-QQRHC,Month-to-month,8,74.05,Fiber optic,0.7725416791115699,High
0612-RTZZA,Month-to-month,1,25.25,DSL,0.7723502756534981,High
8063-RJYNF,Month-to-month,16,94.25,Fiber optic,0.7719454131630858,High
6185-TASNN,Month-to-month,1,46.3,DSL,0.7719446810306065,High
4919-IKATY,Month-to-month,5,84.5,Fiber optic,0.7719408710943861,High
8999-BOHSE,Month-to-month,11,89.7,Fiber optic,0.7718893292297127,High
5609-CEBID,Month-to-month,20,94.1,Fiber optic,0.7718178462803849,High
0616-ATFGB,Month-to-month,1,25.05,DSL,0.7717270541166631,High
5628-FCGYG,Month-to-month,21,84.1,Fiber optic,0.7714213032070897,High
5501-TVMGM,Month-to-month,1,55.25,DSL,0.7712988166797029,High
4299-SIMNS,Month-to-month,9,81.15,Fiber optic,0.7711288168009948,High
8739-WWKDU,Month-to-month,25,89.5,Fiber optic,0.7708981470624049,High
3671-SHRSP,Month-to-month,4,80.6,Fiber optic,0.7707257161408702,High
6347-DCUIK,Month-to-month,10,74.15,Fiber optic,0.7706655602618137,High
5366-IJEQJ,Month-to-month,20,88.7,Fiber optic,0.770645384703574,High
5028-GZLDO,Month-to-month,2,70.7,Fiber optic,0.7703259107695403,High
4021-RQSNY,Month-to-month,29,98.5,Fiber optic,0.770102383448937,High
0875-CABNR,Month-to-month,10,84.6,Fiber optic,0.7700774735755644,High
0581-BXBUB,Month-to-month,4,72.75,Fiber optic,0.769930327279757,High
5923-GXUOC,Month-to-month,10,104.4,Fiber optic,0.7697400541400139,High
6502-HCJTI,Month-to-month,7,94.7,Fiber optic,0.7694625945518961,High
8625-AZYZY,Month-to-month,24,104.65,Fiber optic,0.7693762009627175,High
7321-PKUYW,Month-to-month,11,90.15,Fiber optic,0.7693383630814987,High
1262-OPMFY,Month-to-month,9,75.75,Fiber optic,0.7689705215359336,High
2495-INZWQ,Month-to-month,4,44.55,DSL,0.7687280163920515,High
5482-PLVPE,Month-to-month,2,24.35,DSL,0.7686896768562611,High
4361-JEIVL,Month-to-month,1,44.4,DSL,0.7686427979132947,High
6519-CFDBX,Month-to-month,2,45.4,DSL,0.7685719129316004,High
6595-YGXIT,Month-to-month,25,88.95,Fiber optic,0.7684781324721696,High
2371-JQHZZ,Month-to-month,24,93.0,Fiber optic,0.7684734351590744,High
2774-LVQUS,Month-to-month,15,83.05,Fiber optic,0.768431329630901,High
2959-FENLU,Month-to-month,9,85.3,Fiber optic,0.7680894715523633,High
3992-YWPKO,Month-to-month,6,109.9,Fiber optic,0.7675080509236565,High
1226-IENZN,Month-to-month,16,78.75,Fiber optic,0.767304165462457,High
3427-GGZZI,Month-to-month,19,89.1,Fiber optic,0.7672251373043476,High
5519-YLDGW,Month-to-month,21,103.9,Fiber optic,0.7668381580108347,High
9992-RRAMN,Month-to-month,22,85.1,Fiber optic,0.7668227917163638,High
9253-QXKBE,Month-to-month,29,94.45,Fiber optic,0.7666005323290797,High
0248-IPDFW,Month-to-month,1,50.1,DSL,0.7662613612971555,High
4283-FUTGF,Month-to-month,19,79.85,Fiber optic,0.7661298690267906,High
6330-JKLPC,Month-to-month,11,80.5,Fiber optic,0.7658387003690581,High
2057-ZBLPD,Month-to-month,21,86.5,Fiber optic,0.7657824254046798,High
8313-NDOIA,Month-to-month,24,104.15,Fiber optic,0.7653472885886254,High
3744-ZRRDZ,Month-to-month,21,82.35,Fiber optic,0.7650339233853596,High
8118-LSUEL,Month-to-month,23,106.4,Fiber optic,0.7649058155695495,High
3629-ZNKXA,Month-to-month,17,101.8,Fiber optic,0.7645682087871709,High
7359-PTSXY,Month-to-month,1,45.75,DSL,0.7644300315152249,High
8356-WUAOJ,Month-to-month,1,45.0,DSL,0.7642433524077645,High
8720-RQSBJ,Month-to-month,1,44.0,DSL,0.7642159968529632,High
7861-UVUFT,Month-to-month,15,84.3,Fiber optic,0.7638834464033034,High
1792-UXAFY,Month-to-month,17,89.15,Fiber optic,0.7638075029302985,High
9506-UXUSK,Month-to-month,13,70.15,Fiber optic,0.763521679601926,High
2325-NBPZG,Month-to-month,3,74.55,Fiber optic,0.7634228841823376,High
0023-XUOPT,Month-to-month,13,94.1,Fiber optic,0.7634103472282969,High
8922-LIEGH,Month-to-month,25,89.7,Fiber optic,0.7629048881753309,High
3365-SAIGS,Month-to-month,17,83.55,Fiber optic,0.762860734013786,High
0388-EOPEX,Month-to-month,2,74.4,Fiber optic,0.7626212957209928,High
5044-LRQAQ,Month-to-month,7,69.2,Fiber optic,0.762533012501706,High
5552-ZNFSJ,Month-to-month,1,45.3,DSL,0.7623899250226053,High
1963-SVUCV,Month-to-month,1,45.3,DSL,0.7623899250226053,High
2951-QOQTK,Month-to-month,4,80.8,Fiber optic,0.7622173908210331,High
3916-NRPAP,Month-to-month,3,85.7,Fiber optic,0.7620447966476126,High
9093-FPDLG,Month-to-month,11,94.2,Fiber optic,0.7618251658755484,High
9734-UYXQI,Month-to-month,2,49.4,DSL,0.761635985824279,High
8878-HMWBV,Month-to-month,3,49.15,DSL,0.7612104282990325,High
8445-DNBAE,Month-to-month,1,50.05,DSL,0.761143386576699,High
9560-ARGQJ,Month-to-month,16,81.0,Fiber optic,0.7609474404468547,High
2528-HFYZX,Month-to-month,17,76.45,Fiber optic,0.7609187531477152,High
6298-QDFNH,Month-to-month,22,79.35,Fiber optic,0.7604786887929408,High
6645-MXQJT,Month-to-month,2,97.1,Fiber optic,0.7601381525655746,High
1740-CSDJP,Month-to-month,1,35.25,DSL,0.7599721777776535,High
1976-CFOCS,Month-to-month,1,46.0,DSL,0.759917210721768,High
8064-RAVOH,Month-to-month,1,49.85,DSL,0.7598322985359136,High
6005-OBZPH,Month-to-month,26,89.15,Fiber optic,0.7597246302504368,High
0480-BIXDE,Month-to-month,19,96.8,Fiber optic,0.7597141274573745,High
1589-AGTLK,Month-to-month,3,45.35,DSL,0.7593751306197386,High
9874-QLCLH,Month-to-month,17,104.2,Fiber optic,0.7589893990085836,High
8263-JQAIK,Month-to-month,2,24.45,DSL,0.7582299865629625,High
7379-FNIUJ,Month-to-month,2,100.2,Fiber optic,0.7580442137295443,High
0674-EYYZV,Month-to-month,1,54.65,DSL,0.7576278291777991,High
6127-IYJOZ,Month-to-month,1,45.85,DSL,0.7573517111221763,High
9773-PEQBZ,Month-to-month,10,79.85,Fiber optic,0.7571212579734922,High
9227-LUNBG,Month-to-month,1,24.6,DSL,0.7571160889545413,High
9540-JYROE,Month-to-month,8,70.1,Fiber optic,0.7569771724478783,High
7028-DVOIQ,Month-to-month,35,99.05,Fiber optic,0.7568559512539925,High
9494-MRNYX,Month-to-month,10,75.05,Fiber optic,0.7568315322989639,High
3841-CONLJ,Month-to-month,1,35.0,DSL,0.7567759101841522,High
3797-FKOGQ,Month-to-month,11,86.2,Fiber optic,0.7566020129988814,High
0067-DKWBL,Month-to-month,2,49.25,DSL,0.7565020886554901,High
3223-WZWJM,Month-to-month,26,83.95,Fiber optic,0.756483874306791,High
4195-NZGTA,Month-to-month,1,25.25,DSL,0.7560276936040728,High
7590-VHVEG,Month-to-month,1,29.85,DSL,0.7560109306529015,High
4369-HTUIF,Month-to-month,6,85.15,Fiber optic,0.755907554033812,High
1866-RZZQS,Month-to-month,41,98.4,Fiber optic,0.7553182916981689,High
3318-OSATS,Month-to-month,35,95.45,Fiber optic,0.7551262870517507,High
4587-NUKOX,Month-to-month,3,79.1,Fiber optic,0.7548787313392695,High
2845-AFFTX,Month-to-month,41,99.8,Fiber optic,0.7547302571410308,High
4729-XKASR,Month-to-month,1,24.75,DSL,0.7547135664961847,High
5261-QSHQM,Month-to-month,4,24.45,DSL,0.7546912276314521,High
5989-PGKJB,Month-to-month,16,86.25,Fiber optic,0.7546789388826513,High
1658-TJVOA,Month-to-month,6,74.1,Fiber optic,0.7546342359188768,High
0125-LZQXK,Month-to-month,15,101.35,Fiber optic,0.7542054690324068,High
8063-GBATB,Month-to-month,27,85.25,Fiber optic,0.754178955948828,High
6923-JHPMP,Month-to-month,2,80.45,Fiber optic,0.7541222871529707,High
5934-RMPOV,Month-to-month,22,84.75,Fiber optic,0.7540472216011572,High
7825-GKXMW,Month-to-month,1,45.8,DSL,0.75394537342244,High
4958-XCBDQ,Month-to-month,35,101.4,Fiber optic,0.753916602064823,High
3538-WZPHD,Month-to-month,3,29.6,DSL,0.7539147547542266,High
3235-ETOOB,Month-to-month,8,74.5,Fiber optic,0.7537653575090715,High
6029-WTIPC,Month-to-month,37,101.1,Fiber optic,0.7537534359595092,High
7587-RZNME,Month-to-month,3,43.3,DSL,0.7537400075620029,High
9692-TUSXH,Month-to-month,18,96.05,Fiber optic,0.7537115055608347,High
1309-BXVOQ,Month-to-month,21,106.1,Fiber optic,0.7536161343090765,High
2696-NARTR,Month-to-month,11,73.85,Fiber optic,0.7535064143688226,High
5183-SNMJQ,Month-to-month,10,95.1,Fiber optic,0.7532325491088312,High
5480-HPRRX,Month-to-month,3,25.3,DSL,0.7531861295079196,High
6899-PPEEA,Month-to-month,37,96.55,Fiber optic,0.7528183102729907,High
9415-DPEWS,Month-to-month,18,88.35,Fiber optic,0.7527751583206195,High
5914-DVBWJ,Month-to-month,18,85.45,Fiber optic,0.7527468186475181,High
2592-SEIFQ,Month-to-month,3,24.75,DSL,0.7526727994593443,High
1496-GGSUK,Month-to-month,1,25.7,DSL,0.7525848729677374,High
0661-XEYAN,Month-to-month,1,25.8,DSL,0.7525848729677374,High
0871-URUWO,Month-to-month,13,102.25,Fiber optic,0.7525614749302418,High
8650-RHRKE,Month-to-month,4,29.65,DSL,0.7524015128869432,High
3063-QFSZL,Month-to-month,1,55.4,DSL,0.7523101145181941,High
5244-IRFIH,Month-to-month,33,94.5,Fiber optic,0.75217243981068,High
4030-VPZBD,Month-to-month,2,30.9,DSL,0.7520473204808457,High
6851-WEFYX,Month-to-month,35,100.8,Fiber optic,0.7519313617073192,High
9822-OAOVB,Month-to-month,1,55.45,DSL,0.751898654821624,High
4822-YCXMX,Month-to-month,25,84.8,Fiber optic,0.7518895660029304,High
3143-JQEGI,Month-to-month,13,88.35,Fiber optic,0.7515725738562604,High
1612-EOHDH,Month-to-month,1,45.15,DSL,0.7513995912638124,High
0928-JMXNP,Month-to-month,4,29.9,DSL,0.7511879193374665,High
8637-XJIVR,Month-to-month,12,78.95,Fiber optic,0.7511301555332731,High
9658-WYUFB,Month-to-month,17,94.4,Fiber optic,0.7510434694412962,High
2344-JMOGN,Month-to-month,9,94.85,Fiber optic,0.7508424522267276,High
5747-PMBSQ,Month-to-month,10,92.5,Fiber optic,0.750833763182143,High
7270-BDIOA,Month-to-month,22,90.0,Fiber optic,0.7504932246807151,High
3884-HCSWG,Month-to-month,17,70.0,Fiber optic,0.750282535208467,High
9828-AOQLM,Month-to-month,1,45.7,DSL,0.7501873477481625,High
1942-OQFRW,Month-to-month,1,44.0,DSL,0.7496946577333881,High
4236-UJPWO,Month-to-month,2,24.5,DSL,0.749615112412959,High
8844-TONUD,Month-to-month,13,96.65,Fiber optic,0.7492949382518294,High
8778-LMWTJ,Month-to-month,9,74.85,Fiber optic,0.7492756153525048,High
9524-EGPJC,Month-to-month,18,90.1,Fiber optic,0.7492298596127699,High
5599-HVLTW,Month-to-month,14,80.35,Fiber optic,0.7490603976902998,High
9054-FOWNV,Month-to-month,22,88.75,Fiber optic,0.7487737176660414,High
3627-FHKBK,Month-to-month,1,75.3,Fiber optic,0.7487096192207501,High
5117-IFGPS,Month-to-month,29,84.3,Fiber optic,0.7486762299053431,High
0322-CHQRU,Month-to-month,2,45.35,DSL,0.7478648612438545,High
4521-YEEHE,Month-to-month,18,88.85,Fiber optic,0.7477952783858036,High
2656-FMOKZ,Month-to-month,15,74.45,Fiber optic,0.7475761345764164,High
8903-XEBGX,Month-to-month,2,55.3,DSL,0.7475542723416818,High
5909-ECHUI,Month-to-month,1,56.25,DSL,0.7472997162903962,High
9588-OZDMQ,Month-to-month,2,45.0,DSL,0.7472560119245699,High
2187-PKZAY,Month-to-month,12,79.95,Fiber optic,0.7472178408114458,High
9763-PDTKK,Month-to-month,4,94.4,Fiber optic,0.7471292134985174,High
9743-DQKQW,Month-to-month,3,25.1,DSL,0.7468191610317232,High
7278-CKDNC,Month-to-month,24,80.5,Fiber optic,0.7466977835341366,High
8104-OSKWT,Month-to-month,12,79.8,Fiber optic,0.746650755541783,High
7801-KICAO,Month-to-month,18,74.15,Fiber optic,0.7461558814619896,High
9752-ZNQUT,Month-to-month,1,48.6,DSL,0.7461479775209398,High
5760-FXFVO,Month-to-month,6,78.95,Fiber optic,0.746125245696903,High
6319-IEJWJ,Month-to-month,20,90.2,Fiber optic,0.7457558756053788,High
4873-ILOLJ,Month-to-month,24,90.35,Fiber optic,0.7456283513632198,High
4325-NFSKC,Month-to-month,19,90.6,Fiber optic,0.7455360558809004,High
7615-ESMYF,Month-to-month,2,44.6,DSL,0.7454864905767663,High
4373-MAVJG,Month-to-month,14,90.9,Fiber optic,0.7452823021251082,High
2018-PZKMU,Month-to-month,9,103.1,Fiber optic,0.74514943902515,High
7568-PODML,Month-to-month,1,45.3,DSL,0.7451155176490848,High
1212-GLHMD,Month-to-month,3,86.05,Fiber optic,0.7448205281725577,High
2831-EBWRN,Month-to-month,4,45.9,DSL,0.7448142159669794,High
1766-GKNMI,Month-to-month,29,84.9,Fiber optic,0.7443428729601133,High
6198-RTPMF,Month-to-month,17,92.6,Fiber optic,0.7442793761902677,High
3001-UNBTL,Month-to-month,29,103.95,Fiber optic,0.7442600070926776,High
8584-KMVXD,Month-to-month,8,75.6,Fiber optic,0.7442531479196604,High
8519-IMDHU,Month-to-month,15,85.6,Fiber optic,0.7442465517761974,High
9136-ALYBR,Month-to-month,1,24.45,DSL,0.7442151551205484,High
3798-EPWRR,Month-to-month,2,43.95,DSL,0.7438931456269309,High
9606-PBKBQ,Month-to-month,32,85.0,Fiber optic,0.7436652128846067,High
4317-VTEOA,Month-to-month,1,50.75,DSL,0.7436173324953479,High
9117-SHLZX,Month-to-month,1,45.7,DSL,0.743476925981653,High
0887-HJGAR,Month-to-month,1,45.7,DSL,0.743476925981653,High
6507-ZJSUR,Month-to-month,23,90.45,Fiber optic,0.7431496869065675,High
8128-YVJRG,Month-to-month,7,79.65,Fiber optic,0.7429749538379675,High
6543-XRMYR,Month-to-month,30,99.7,Fiber optic,0.7429335696389711,High
2372-HWUHI,Month-to-month,2,44.35,DSL,0.7427922611634957,High
8290-YWKHZ,Month-to-month,32,93.2,Fiber optic,0.7427387242392051,High
5133-POWUA,Month-to-month,1,45.8,DSL,0.7427277750141863,High
4237-RLAQD,Month-to-month,1,45.85,DSL,0.7427277750141863,High
4484-CGXFK,Month-to-month,3,55.3,DSL,0.7421493516320344,High
3914-FDRHP,Month-to-month,9,86.25,Fiber optic,0.7420979084146586,High
0420-HLGXF,Month-to-month,39,99.75,Fiber optic,0.7418433053365593,High
9903-LYSAB,Month-to-month,18,73.15,Fiber optic,0.741819448038682,High
6393-WRYZE,Month-to-month,34,97.65,Fiber optic,0.7415928396011489,High
4009-ALQFH,Month-to-month,25,99.5,Fiber optic,0.7413856240316654,High
8397-MVTAZ,Month-to-month,34,100.05,Fiber optic,0.7412447819805774,High
4741-WWJQZ,Month-to-month,2,80.15,Fiber optic,0.7412027508450199,High
1078-TDCRN,Month-to-month,3,30.75,DSL,0.741170097507674,High
5442-XSDCW,Month-to-month,11,79.5,Fiber optic,0.741118952288154,High
0927-LCSMG,Month-to-month,7,74.65,Fiber optic,0.7407643686852619,High
7377-DMMRI,Month-to-month,2,47.8,DSL,0.7406524243931019,High
5842-POCOP,Month-to-month,5,88.9,Fiber optic,0.7406366207464022,High
4315-MURBD,Month-to-month,12,98.9,Fiber optic,0.7404402194783767,High
3627-FCRDW,Month-to-month,9,71.0,Fiber optic,0.7402701968482033,High
5899-MQZZL,Month-to-month,13,75.0,Fiber optic,0.7400570503900062,High
7675-OZCZG,Month-to-month,3,45.0,DSL,0.7399424148954675,High
0988-JRWWP,Month-to-month,3,54.2,DSL,0.7396762267114386,High
1478-VPOAD,Month-to-month,1,43.8,DSL,0.7396569910011274,High
8993-PHFWD,Month-to-month,3,25.25,DSL,0.7396235708231997,High
0315-LVCRK,Month-to-month,11,84.8,Fiber optic,0.7393850683662919,High
6876-ADESB,Month-to-month,1,48.95,DSL,0.7393792174500988,High
9514-JDSKI,Month-to-month,1,40.2,DSL,0.7391896358585488,High
3753-TSEMP,Month-to-month,15,88.15,Fiber optic,0.7390090060767285,High
5968-VXZLG,Month-to-month,2,46.6,DSL,0.7386677755913839,High
4137-BTIKL,Month-to-month,2,90.75,Fiber optic,0.7384783867297864,High
5522-JBWMO,Month-to-month,1,44.0,DSL,0.7384677298605816,High
3566-HJGPK,Month-to-month,1,45.55,DSL,0.7383315159460331,High
2792-LSHWX,Month-to-month,1,83.4,Fiber optic,0.7381634355543544,High
9432-VOFYX,Month-to-month,17,70.8,Fiber optic,0.7379878045558427,High
7890-VYYWG,Month-to-month,3,36.45,DSL,0.7376475303026165,High
2275-RBYQS,Month-to-month,1,45.4,DSL,0.7373701594769508,High
7065-YUNRY,Month-to-month,1,45.3,DSL,0.7373701594769508,High
5692-FPTAH,Month-to-month,1,45.4,DSL,0.7373701594769508,High
0491-KAPQG,Month-to-month,21,73.7,Fiber optic,0.7372991936329105,High
3926-CUQZX,Month-to-month,1,45.1,DSL,0.7372808854569423,High
9389-ACWBI,Month-to-month,5,69.95,Fiber optic,0.7371904080227376,High
3278-FSIXX,Month-to-month,2,45.25,DSL,0.7370848360849916,High
8017-LXHFA,Month-to-month,23,94.75,Fiber optic,0.736828948433848,High
9208-OLGAQ,Month-to-month,18,84.95,Fiber optic,0.7366757021270256,High
8374-XGEJJ,Month-to-month,43,101.0,Fiber optic,0.7363661354934381,High
4537-DKTAL,Month-to-month,2,45.55,DSL,0.7362009236040428,High
0524-IAVZO,Month-to-month,30,85.0,Fiber optic,0.7361819534059604,High
5696-QURRL,Month-to-month,1,45.05,DSL,0.7361720139044091,High
5216-WASFJ,Month-to-month,31,84.85,Fiber optic,0.7361073755394066,High
7142-HVGBG,Month-to-month,43,103.0,Fiber optic,0.735997097057113,High
9279-CJEOJ,Month-to-month,21,95.4,Fiber optic,0.7359618048258234,High
4749-VFKVB,Month-to-month,1,50.1,DSL,0.7358316459458119,High
0133-BMFZO,Month-to-month,2,86.25,Fiber optic,0.735793732116019,High
4598-XLKNJ,Month-to-month,25,98.5,Fiber optic,0.7356246183280254,High
0529-ONKER,Month-to-month,15,75.65,Fiber optic,0.7353342878489348,High
4349-GFQHK,Month-to-month,1,54.35,DSL,0.7351952462905986,High
4817-VYYWS,Month-to-month,30,100.2,Fiber optic,0.7349797740937735,High
0939-YAPAF,Month-to-month,35,100.25,Fiber optic,0.7348226190622562,High
3990-QYKBE,Month-to-month,37,92.5,Fiber optic,0.7348185348520644,High
4847-QNOKA,Month-to-month,1,44.9,DSL,0.7347902301635619,High
0620-DLSLK,Month-to-month,13,81.9,Fiber optic,0.7347731263947873,High
5879-SESNB,Month-to-month,11,75.25,Fiber optic,0.7346071544745304,High
3672-YITQD,Month-to-month,36,84.1,Fiber optic,0.7345983375664983,High
1112-CUNAO,Month-to-month,15,89.85,Fiber optic,0.7345942947559122,High
2439-LYPMQ,Month-to-month,38,102.6,Fiber optic,0.7345607848136598,High
6204-IEUXJ,Month-to-month,3,80.1,Fiber optic,0.7345062526644749,High
3644-QXEHN,Month-to-month,13,97.0,Fiber optic,0.7344383028740955,High
7783-YKGDV,Month-to-month,12,99.7,Fiber optic,0.7344281070628624,High
1660-HSOOQ,Month-to-month,1,49.65,DSL,0.7343868953698622,High
4367-NHWMM,Month-to-month,1,24.9,DSL,0.734328613512472,High
6178-KFNHS,Month-to-month,12,78.3,Fiber optic,0.7343210163975916,High
6352-TWCAU,Month-to-month,35,86.45,Fiber optic,0.7342618788898638,High
4536-PLEQY,Month-to-month,12,85.05,Fiber optic,0.7342306318115571,High
3334-CTHOL,Month-to-month,1,49.95,DSL,0.734100410716352,High
4671-LXRDQ,Month-to-month,2,45.0,DSL,0.7340777695416214,High
2809-ZMYOQ,Month-to-month,32,101.35,Fiber optic,0.7340622468638307,High
5655-JSMZM,Month-to-month,49,96.2,Fiber optic,0.7340264369086779,High
8950-MTZNV,Month-to-month,1,44.95,DSL,0.7339051700612651,High
4074-SJFFA,Month-to-month,1,54.75,DSL,0.7338968282508839,High
5047-LHVLY,Month-to-month,1,50.15,DSL,0.7337103244961048,High
0576-WNXXC,Month-to-month,27,95.55,Fiber optic,0.7336808705477987,High
1254-IZEYF,Month-to-month,31,99.95,Fiber optic,0.7334083168826832,High
6032-IGALN,Month-to-month,1,25.1,DSL,0.7332402181620036,High
7537-RBWEA,Month-to-month,1,25.15,DSL,0.7332402181620036,High
7729-JTEEC,Month-to-month,2,44.5,DSL,0.7332274931912939,High
8182-BJDSI,Month-to-month,28,89.95,Fiber optic,0.7330876928941178,High
7137-RYLPP,Month-to-month,37,85.7,Fiber optic,0.7329251473389885,High
1666-JXLKU,Month-to-month,37,100.05,Fiber optic,0.7328912351200111,High
3329-WDIOK,Month-to-month,3,50.6,DSL,0.732833839867646,High
8212-DJRCH,Month-to-month,5,90.35,Fiber optic,0.7327420547073992,High
0947-MUGVO,Month-to-month,20,73.65,Fiber optic,0.732658015960195,High
3315-TOTBP,Month-to-month,15,76.0,Fiber optic,0.732555703058467,High
0570-BFQHT,Month-to-month,9,80.55,Fiber optic,0.7325100919280497,High
1771-OADNZ,Month-to-month,29,95.9,Fiber optic,0.7324512239617533,High
2386-LAHRK,Month-to-month,1,53.5,DSL,0.7323748779400748,High
7315-WYOAW,Month-to-month,13,100.75,Fiber optic,0.7323120625793385,High
9398-MMQTO,Month-to-month,3,74.45,Fiber optic,0.7321365043408733,High
0139-IVFJG,Month-to-month,2,90.35,Fiber optic,0.7319936782491974,High
8710-YGLWG,Month-to-month,1,44.9,DSL,0.7319837099927168,High
2722-JMONI,Month-to-month,1,49.55,DSL,0.7318921616440112,High
4659-NZRUF,Month-to-month,19,95.15,Fiber optic,0.731820909388892,High
6712-OAWRH,Month-to-month,26,91.25,Fiber optic,0.7315321803965786,High
6116-RFVHN,Month-to-month,34,100.45,Fiber optic,0.7314227375005874,High
2359-KMGLI,Month-to-month,24,80.25,Fiber optic,0.7314121143696355,High
8868-WOZGU,Month-to-month,28,105.7,Fiber optic,0.7313048778818813,High
4929-BSTRX,Month-to-month,1,53.55,DSL,0.7309820735017147,High
7802-EFKNY,Month-to-month,5,24.95,DSL,0.730980807324425,High
9912-GVSEQ,Month-to-month,26,93.85,Fiber optic,0.7307400201646371,High
3550-SAHFP,Month-to-month,33,83.35,Fiber optic,0.7306947261610165,High
4816-LXZYW,Month-to-month,23,79.15,Fiber optic,0.7306637556927071,High
9274-UARKJ,Month-to-month,15,83.2,Fiber optic,0.7305733983763486,High
5673-FSSMF,Month-to-month,1,60.15,DSL,0.7305291226823601,High
9796-BPKIW,Month-to-month,8,69.95,Fiber optic,0.7304835593815838,High
2568-OIADY,Month-to-month,37,99.5,Fiber optic,0.7303366465924422,High
3317-HRTNN,Month-to-month,5,45.7,DSL,0.7301834852983571,High
6595-COKXZ,Month-to-month,1,44.45,DSL,0.729885808953475,High
9824-BEMCV,Month-to-month,17,69.0,Fiber optic,0.7298285932271218,High
9214-EKVXR,Month-to-month,1,44.0,DSL,0.7297634831694714,High
9638-JIQYA,Month-to-month,2,24.9,DSL,0.7296769899955508,High
0654-HMSHN,Month-to-month,21,104.4,Fiber optic,0.7296388214516978,High
0082-LDZUE,Month-to-month,1,44.3,DSL,0.7296364625221076,High
6650-VJONK,Month-to-month,1,43.85,DSL,0.7295487879451953,High
9647-ERGBE,Month-to-month,30,100.05,Fiber optic,0.7295292766192752,High
0396-YCHWO,Month-to-month,36,95.4,Fiber optic,0.729525421319819,High
7480-QNVZJ,Month-to-month,50,95.7,Fiber optic,0.7292852559607356,High
0818-OCPZO,Month-to-month,27,81.45,Fiber optic,0.7291119227623049,High
3961-SXAXY,Month-to-month,1,44.05,DSL,0.7290829045548031,High
5692-ICXLW,Month-to-month,31,90.7,Fiber optic,0.7289699519514616,High
2362-IBOOY,Month-to-month,36,84.75,Fiber optic,0.7289666235397347,High
9620-ENEJV,Month-to-month,6,70.55,Fiber optic,0.7289206771896849,High
2357-COQEK,Month-to-month,28,103.3,Fiber optic,0.7287471826356896,High
2840-XANRC,Month-to-month,24,93.15,Fiber optic,0.7286802887084737,High
7663-RGWBC,Month-to-month,1,44.15,DSL,0.7286229706931051,High
1406-PUQVY,Month-to-month,1,49.9,DSL,0.7283650912772327,High
7841-TZDMQ,Month-to-month,2,46.0,DSL,0.7283408528309766,High
4815-GBTCD,Month-to-month,4,25.15,DSL,0.7281123560634711,High
5019-GQVCR,Month-to-month,43,84.85,Fiber optic,0.7278784516682297,High
8280-MQRQN,Month-to-month,1,50.45,DSL,0.727829504971061,High
0362-ZBZWJ,Month-to-month,36,84.9,Fiber optic,0.7277519341276526,High
5896-NPFWW,Month-to-month,3,50.15,DSL,0.7276469022474049,High
9058-CBREO,Month-to-month,1,50.55,DSL,0.727622589076708,High
6906-ANDWJ,Month-to-month,15,74.9,Fiber optic,0.7273309896337388,High
3130-ICDUP,Month-to-month,2,80.55,Fiber optic,0.7270634199177476,High
8981-FJGLA,Month-to-month,11,78.0,Fiber optic,0.7270429568938426,High
0439-IFYUN,Month-to-month,18,74.7,Fiber optic,0.726993611482048,High
9851-KIELU,Month-to-month,10,110.1,Fiber optic,0.7269645413437477,High
3703-VAVCL,Month-to-month,2,90.0,Fiber optic,0.7268269683823867,High
4184-TJFAN,Month-to-month,3,88.3,Fiber optic,0.7267362865758159,High
9490-DFPMD,Month-to-month,42,84.65,Fiber optic,0.7266883579901433,High
2460-NGXBJ,Month-to-month,11,75.2,Fiber optic,0.7266283871515848,High
3413-BMNZE,Month-to-month,1,45.25,DSL,0.7264856288317251,High
8111-SLLHI,Month-to-month,39,105.65,Fiber optic,0.7263913143970514,High
3716-UVSPD,Month-to-month,1,49.3,DSL,0.7263465449528123,High
4433-JCGCG,Month-to-month,46,101.0,Fiber optic,0.7261202797219523,High
4039-HEUNW,Month-to-month,36,96.5,Fiber optic,0.726097684254398,High
5233-GEEAX,Month-to-month,8,29.4,DSL,0.7257347285938378,High
5960-MVTUK,Month-to-month,3,29.75,DSL,0.7256471473365257,High
5108-ADXWO,Month-to-month,11,73.5,Fiber optic,0.7254867002645355,High
3737-GCSPV,Month-to-month,11,96.2,Fiber optic,0.7254524427657314,High
1723-HKXJQ,Month-to-month,42,101.75,Fiber optic,0.725268017257568,High
2685-SREOM,Month-to-month,25,89.1,Fiber optic,0.7251368141014148,High
8837-VVWLQ,Month-to-month,8,84.95,Fiber optic,0.7248549406847484,High
8436-BJUMM,Month-to-month,26,83.75,Fiber optic,0.7247632432179089,High
2235-DWLJU,Month-to-month,6,44.4,DSL,0.72461626252928,High
1728-BQDMA,Month-to-month,2,44.45,DSL,0.7245644242961471,High
1536-HBSWP,Month-to-month,1,49.9,DSL,0.7245455012613976,High
2025-JKFWI,Month-to-month,13,99.0,Fiber optic,0.7242087409005387,High
9637-EIHEQ,Month-to-month,1,50.8,DSL,0.7238428862030784,High
1028-FFNJK,Month-to-month,30,101.5,Fiber optic,0.7236126465084105,High
0378-NHQXU,Month-to-month,17,88.25,Fiber optic,0.7235106509109184,High
2506-CLAKW,Month-to-month,6,98.15,Fiber optic,0.7234895068963896,High
1302-UHBDD,Month-to-month,20,89.95,Fiber optic,0.7234285181355493,High
4208-UFFGW,Month-to-month,2,44.95,DSL,0.7234276910682402,High
5947-SGKCL,Month-to-month,15,105.35,Fiber optic,0.7232881889121929,High
0650-BWOZN,Month-to-month,18,73.55,Fiber optic,0.7230452475349107,High
5271-DBYSJ,Month-to-month,11,79.15,Fiber optic,0.7228932203916045,High
8180-AKMJV,Month-to-month,1,44.55,DSL,0.7228770352368004,High
5365-LLFYV,Month-to-month,2,45.85,DSL,0.7227800352765644,High
4289-DTDKW,Month-to-month,40,101.3,Fiber optic,0.7225298674692558,High
3951-NJCVI,Month-to-month,42,95.05,Fiber optic,0.7225266716715901,High
1319-YLZJG,Month-to-month,12,84.6,Fiber optic,0.7223829445318045,High
4013-TLDHQ,Month-to-month,19,78.25,Fiber optic,0.722292336782774,High
7442-YGZFK,Month-to-month,1,49.8,DSL,0.7221793627475904,High
1268-ASBGA,Month-to-month,16,85.35,Fiber optic,0.7221701608217367,High
1751-NCDLI,Month-to-month,46,98.85,Fiber optic,0.7220073743583925,High
2903-YYTBW,Month-to-month,1,44.55,DSL,0.7219989161567696,High
5908-QMGOE,Month-to-month,15,74.2,Fiber optic,0.7218081405720582,High
6267-DCFFZ,Month-to-month,30,90.05,Fiber optic,0.7216813180488012,High
8990-ZXLSU,Month-to-month,9,69.05,Fiber optic,0.7216435801531177,High
4612-SSVHJ,Month-to-month,20,81.45,Fiber optic,0.7216131903630981,High
2636-OHFMN,Month-to-month,4,48.55,DSL,0.7215831055564565,High
2107-FBPTK,Month-to-month,30,104.1,Fiber optic,0.7213930467337523,High
8634-MPHTR,Month-to-month,47,100.05,Fiber optic,0.7210424987830594,High
7892-POOKP,Month-to-month,28,104.8,Fiber optic,0.720973079268044,High
3071-VBYPO,Month-to-month,3,89.85,Fiber optic,0.7208708766394308,High
8224-DWCKX,Month-to-month,12,73.3,Fiber optic,0.7208470461347245,High
4678-DVQEO,Month-to-month,1,52.2,DSL,0.7207254544026768,High
5980-NOPLP,Month-to-month,44,96.1,Fiber optic,0.7206437294224097,High
2694-CIUMO,Month-to-month,12,79.55,Fiber optic,0.7206418854444143,High
7029-RPUAV,Month-to-month,17,100.45,Fiber optic,0.7206141956842742,High
0027-KWYKW,Month-to-month,23,83.75,Fiber optic,0.720553733487239,High
3957-LXOLK,Month-to-month,28,106.15,Fiber optic,0.7204807885725344,High
8802-UNOJF,Month-to-month,12,83.8,Fiber optic,0.7203396644928614,High
7534-BFESC,Month-to-month,24,76.1,Fiber optic,0.7201837248930677,High
5868-CZJDR,Month-to-month,1,31.35,DSL,0.720014314862109,High
0224-HJAPT,Month-to-month,5,47.15,DSL,0.7198100274003082,High
8709-KRDVL,Month-to-month,33,100.0,Fiber optic,0.7195290189817645,High
0221-WMXNQ,Month-to-month,4,75.35,Fiber optic,0.7194779077466151,High
3640-PHQXK,Month-to-month,31,89.9,Fiber optic,0.718937839358081,High
9239-ZBZZV,Month-to-month,6,47.95,DSL,0.7188170253801253,High
1624-WOIWJ,Month-to-month,10,84.7,Fiber optic,0.7187171417577699,High
7586-ZATGZ,Month-to-month,40,84.9,Fiber optic,0.718678071787822,High
9572-WUKSB,Month-to-month,3,29.9,DSL,0.7184371936979821,High
4193-ORFCL,Month-to-month,1,45.1,DSL,0.718302961565175,High
9851-QXEEQ,Month-to-month,41,104.7,Fiber optic,0.718125334397569,High
4351-QLCSU,Month-to-month,1,55.0,DSL,0.7180022005058835,High
3877-JRJIP,Month-to-month,1,59.85,DSL,0.7179072091762897,High
7703-ZEKEF,Month-to-month,23,81.0,Fiber optic,0.7178095146563033,High
2842-JTCCU,Month-to-month,2,46.05,DSL,0.7177404171733525,High
4686-UXDML,Month-to-month,21,99.85,Fiber optic,0.7173628799103334,High
4183-MYFRB,Month-to-month,21,90.05,Fiber optic,0.7172538405546166,High
9172-JITSM,Month-to-month,26,90.8,Fiber optic,0.7171728401929673,High
7072-MBHEV,Month-to-month,11,78.1,Fiber optic,0.7169516673546784,High
1092-GANHU,Month-to-month,17,76.65,Fiber optic,0.7169094506443721,High
6017-PPLPX,Month-to-month,20,70.45,Fiber optic,0.7168096823403101,High
5035-BVCXS,Month-to-month,11,75.9,Fiber optic,0.7167143575909719,High
9600-NAXZN,Month-to-month,43,101.4,Fiber optic,0.7165751107858198,High
1902-XBTFB,Month-to-month,22,89.4,Fiber optic,0.7163155622512557,High
6907-NZZIJ,Month-to-month,36,99.15,Fiber optic,0.7158738424468445,High
8630-FJLIB,Month-to-month,18,69.8,Fiber optic,0.7158475152999886,High
1891-UAWWU,Month-to-month,20,90.8,Fiber optic,0.7158078859202426,High
6103-BOCOU,Month-to-month,26,80.7,Fiber optic,0.7158056224819579,High
9714-EDSUC,Month-to-month,4,94.9,Fiber optic,0.7156839260505575,High
3165-HDOEW,Month-to-month,1,45.85,DSL,0.7155809882258292,High
4803-AXVYP,Month-to-month,38,99.55,Fiber optic,0.715515159252073,High
8903-WMRNW,Month-to-month,15,101.75,Fiber optic,0.7153512988807281,High
7967-HYCDE,Month-to-month,8,70.7,Fiber optic,0.715233440581208,High
8993-IZEUX,Month-to-month,7,69.15,Fiber optic,0.7152294813973706,High
1501-SGHBW,Month-to-month,2,45.85,DSL,0.7150965126902561,High
2080-CAZNM,Month-to-month,41,104.4,Fiber optic,0.7150661110123766,High
8393-DLHGA,Month-to-month,25,95.9,Fiber optic,0.7147576943441319,High
6551-GNYDG,Month-to-month,14,80.9,Fiber optic,0.7147027045338481,High
2103-ZRXFN,Month-to-month,1,50.75,DSL,0.7146954898331366,High
4583-PARNH,Month-to-month,16,91.55,Fiber optic,0.7146900342840018,High
1260-TTRXI,Month-to-month,4,54.3,DSL,0.7145779706604057,High
5022-KVDQT,Month-to-month,27,81.3,Fiber optic,0.7145534697231402,High
0848-ZGQIJ,Month-to-month,16,94.65,Fiber optic,0.7143848195457174,High
6032-KRXXO,Month-to-month,30,90.25,Fiber optic,0.7143811490885239,High
2408-WITXK,Month-to-month,10,34.7,DSL,0.7142368394606051,High
1769-GRUIK,Month-to-month,18,71.1,Fiber optic,0.7142329313454702,High
5226-NOZFC,Month-to-month,26,85.75,Fiber optic,0.7135559334151721,High
5219-YIPTK,Month-to-month,33,104.4,Fiber optic,0.7134891178171203,High
0265-EDXBD,Month-to-month,32,74.9,Fiber optic,0.7134655590307349,High
3001-CBHLQ,Month-to-month,32,104.9,Fiber optic,0.7133720716646049,High
7748-UMTRK,Month-to-month,30,101.3,Fiber optic,0.7132985972511124,High
6366-ZGQGL,Month-to-month,1,24.8,DSL,0.7132004724484129,High
7603-USHJS,Month-to-month,12,73.75,Fiber optic,0.7127043953682914,High
2501-XWWTZ,Month-to-month,11,70.2,Fiber optic,0.7126927144350514,High
1335-NTIUC,Month-to-month,9,24.95,DSL,0.712501902025344,High
7593-XFKDI,Month-to-month,1,46.3,DSL,0.7123385839812815,High
7881-EVUAD,Month-to-month,2,42.6,DSL,0.7121530877853418,High
5167-GBFRE,Month-to-month,4,25.2,DSL,0.7119450585678757,High
5666-CYCYZ,Month-to-month,24,89.55,Fiber optic,0.7118647677971977,High
8695-ARGXZ,Month-to-month,34,75.55,Fiber optic,0.7116832369376196,High
0682-USIXD,Month-to-month,21,86.05,Fiber optic,0.7116005422307702,High
3398-ZOUAA,Month-to-month,21,69.1,Fiber optic,0.7115071946195802,High
3858-VOBET,Month-to-month,23,74.95,Fiber optic,0.7115007215791704,High
9940-HPQPG,Month-to-month,9,91.75,Fiber optic,0.7109417230441656,High
1894-IGFSG,Month-to-month,22,89.25,Fiber optic,0.7104944010962222,High
8819-IMISP,Month-to-month,31,80.45,Fiber optic,0.7102152771670838,High
0374-IOEGQ,Month-to-month,3,44.6,DSL,0.7101174519134215,High
8696-JKZNU,Month-to-month,37,76.25,Fiber optic,0.7098763181503109,High
9889-TMAHG,Month-to-month,8,100.3,Fiber optic,0.7096509024886072,High
2800-QQUSO,Month-to-month,42,100.3,Fiber optic,0.7096198002930245,High
3518-PZXZQ,Month-to-month,1,55.3,DSL,0.709598242766643,High
8276-MQBYC,Month-to-month,51,97.8,Fiber optic,0.7093599217887838,High
7511-YMXVQ,Month-to-month,9,45.4,DSL,0.7093412686746167,High
6629-CZTTH,Month-to-month,1,55.7,DSL,0.7093015047069322,High
5449-FIBXJ,Month-to-month,19,103.3,Fiber optic,0.7092761324249346,High
1845-ZLLIG,Month-to-month,1,50.15,DSL,0.7091876923052315,High
6719-OXYBR,Month-to-month,15,85.3,Fiber optic,0.7091088115117996,High
3374-LXDEV,Month-to-month,13,89.4,Fiber optic,0.7090088497190333,High
9244-ZVAPM,Month-to-month,1,45.6,DSL,0.7088859195586537,High
1391-UBDAR,Month-to-month,11,72.9,Fiber optic,0.7088754239900235,High
9801-GDWGV,Month-to-month,39,103.45,Fiber optic,0.7088571512665331,High
6311-UEUME,Month-to-month,29,78.9,Fiber optic,0.7087960393938622,High
9907-SWKKF,Month-to-month,1,25.05,DSL,0.7085871440452455,High
9992-UJOEL,Month-to-month,2,50.3,DSL,0.7083803905874927,High
7054-LGEQW,Month-to-month,1,45.95,DSL,0.7082408699273046,High
0637-YLETY,Month-to-month,16,95.6,Fiber optic,0.7081317271593145,High
0376-YMCJC,Month-to-month,23,90.6,Fiber optic,0.7080151202249081,High
4818-QIUFN,Month-to-month,20,79.15,Fiber optic,0.7080111180503391,High
2626-URJFX,Month-to-month,4,50.9,DSL,0.7080098611009504,High
6142-VSJQO,Month-to-month,1,44.35,DSL,0.7079969568968858,High
2207-NHRJK,Month-to-month,1,50.8,DSL,0.7076254664626522,High
5606-AMZBO,Month-to-month,10,78.15,Fiber optic,0.7075699745494235,High
4546-FOKWR,Month-to-month,16,74.75,Fiber optic,0.7071244832813618,High
8020-BWHYL,Month-to-month,15,75.3,Fiber optic,0.7070073772345702,High
4959-JOSRX,Month-to-month,2,44.6,DSL,0.7065553527509061,High
2082-OJVTK,Month-to-month,29,89.2,Fiber optic,0.7064803468102404,High
2833-SLKDQ,Month-to-month,1,45.05,DSL,0.7063208058801669,High
6365-MTGZX,Month-to-month,24,96.0,Fiber optic,0.706182367242255,High
9283-LZQOH,Month-to-month,13,74.4,Fiber optic,0.7060784720735377,High
9885-AIBVB,Month-to-month,29,85.8,Fiber optic,0.7060562472996896,High
5669-SRAIP,Month-to-month,5,39.5,DSL,0.7060131337054412,High
0641-EVBOJ,Month-to-month,3,82.3,Fiber optic,0.7059844211315466,High
2979-SXESE,Month-to-month,17,94.4,Fiber optic,0.7059450850153985,High
2189-WWOEW,Month-to-month,15,85.9,Fiber optic,0.7058962724018315,High
9121-PHQSR,Month-to-month,16,85.05,Fiber optic,0.7057026277617124,High
5380-WJKOV,Month-to-month,34,106.35,Fiber optic,0.7056867728715953,High
2719-BDAQO,Month-to-month,17,93.85,Fiber optic,0.7056171236715235,High
3439-GVUSX,Month-to-month,1,24.4,DSL,0.7056103017485772,High
9779-DPNEJ,Month-to-month,22,80.15,Fiber optic,0.7055463915471175,High
9821-POOTN,Month-to-month,35,75.2,Fiber optic,0.7054802541093186,High
4154-AQUGT,Month-to-month,13,89.05,Fiber optic,0.7053089019131857,High
6158-HDPXZ,Month-to-month,1,25.35,DSL,0.7051905578896098,High
3669-OYSJI,Month-to-month,1,46.2,DSL,0.7050830306179321,High
5650-YLIBA,Month-to-month,31,81.15,Fiber optic,0.7049142828475113,High
4412-YLTKF,Month-to-month,27,78.05,Fiber optic,0.7048218887815155,High
8486-AYEQH,Month-to-month,31,76.05,Fiber optic,0.7047708407535954,High
4503-BDXBD,Month-to-month,11,74.95,Fiber optic,0.7046365025452753,High
4432-ADRLB,Month-to-month,2,44.65,DSL,0.7044440237788652,High
3946-MHCZW,Month-to-month,1,50.9,DSL,0.7044201948738444,High
3097-NNSPB,Month-to-month,2,49.05,DSL,0.704416821930439,High
2091-RFFBA,Month-to-month,31,73.9,Fiber optic,0.7044080876530846,High
4846-WHAFZ,Month-to-month,37,76.5,Fiber optic,0.7041997241750618,High
2718-GAXQD,Month-to-month,4,46.0,DSL,0.7040106549186693,High
6413-XKKPU,Month-to-month,17,89.4,Fiber optic,0.7035913254798224,High
3934-HXCFZ,Month-to-month,23,99.25,Fiber optic,0.7031836213551077,High
0112-QAWRZ,Month-to-month,16,90.8,Fiber optic,0.7031538011201206,High
6557-BZXLQ,Month-to-month,16,69.65,Fiber optic,0.7022809636836566,High
7754-IXRMC,Month-to-month,1,45.35,DSL,0.7022523795047227,High
6582-OIVSP,Month-to-month,1,45.3,DSL,0.7022523795047227,High
4704-ERYFC,Month-to-month,22,69.25,Fiber optic,0.7020202809968277,High
6833-JMZYP,Month-to-month,15,94.0,Fiber optic,0.701840789606623,High
8519-QJGJD,Month-to-month,14,75.35,Fiber optic,0.7016534239169872,High
4124-MMETB,Month-to-month,22,94.65,Fiber optic,0.7016324999756556,High
1777-JYQPJ,Month-to-month,2,24.3,DSL,0.7016171349428774,High
7339-POGZN,Month-to-month,4,50.7,DSL,0.7015606146723836,High
2933-FILNV,Month-to-month,2,24.4,DSL,0.7014971986254513,High
6242-MBHPK,Month-to-month,23,95.1,Fiber optic,0.7014894030308516,High
8665-UTDHZ,Month-to-month,1,30.2,DSL,0.7014663946308038,High
3096-IZETN,Month-to-month,12,78.1,Fiber optic,0.7014312975154252,High
4547-LYTDD,Month-to-month,16,72.65,Fiber optic,0.701404525776959,High
4065-JJAVA,Month-to-month,1,49.5,DSL,0.7009550495351502,High
3755-JBMNH,Month-to-month,16,71.8,Fiber optic,0.7008136514481258,High
7252-NTGSS,Month-to-month,1,45.15,DSL,0.7007916247714919,High
3751-KTZEL,Month-to-month,1,35.05,DSL,0.7004359012087727,High
9465-RWMXL,Month-to-month,32,78.9,Fiber optic,0.7003595623575132,High
5233-AOZUF,Month-to-month,29,74.95,Fiber optic,0.7003305193764309,High
7020-OZKXZ,Month-to-month,9,75.5,Fiber optic,0.7002941373041377,High
8286-AFUYI,Month-to-month,1,47.95,DSL,0.7001366867701719,High
7825-ECJRF,Month-to-month,19,106.6,Fiber optic,0.6993212035375989,High
8364-TRMMK,Month-to-month,3,50.65,DSL,0.6993146945203453,High
2209-XADXF,Month-to-month,1,25.25,DSL,0.6992521906923671,High
7562-UXTPG,Month-to-month,13,70.15,Fiber optic,0.6992474773830227,High
7018-WBJNK,Month-to-month,13,78.3,Fiber optic,0.6991907380793556,High
6458-CYIDZ,Month-to-month,5,80.7,Fiber optic,0.699131398391095,High
1641-RQDAY,Month-to-month,32,100.4,Fiber optic,0.6990899736186913,High
9026-RNUJS,Month-to-month,5,50.35,DSL,0.6989668196326363,High
9058-MJLZC,Month-to-month,24,94.6,Fiber optic,0.6988842807491181,High
6689-KXGBO,Month-to-month,1,50.55,DSL,0.6987750279899237,High
0411-EZJZE,Month-to-month,3,60.25,DSL,0.698769274608384,High
7240-ETPTR,Month-to-month,9,48.75,DSL,0.6986755419696574,High
0147-ESWWR,Month-to-month,39,101.25,Fiber optic,0.698642653745376,High
2027-CWDNU,Month-to-month,18,85.6,Fiber optic,0.6985154393822679,High
6212-ATMLK,Month-to-month,50,95.7,Fiber optic,0.6984316330767437,High
7296-PIXQY,Month-to-month,14,70.2,Fiber optic,0.6980767367761338,High
9492-TOKRI,Month-to-month,18,90.0,Fiber optic,0.6980484282309112,High
3748-FVMZZ,Month-to-month,4,40.05,DSL,0.6979665926011349,High
4223-WOZCM,Month-to-month,2,49.95,DSL,0.6978117112713342,High
1583-IHQZE,Month-to-month,12,112.95,Fiber optic,0.6978078736077784,High
5103-MHMHY,Month-to-month,1,45.95,DSL,0.6977340105453653,High
3088-LHEFH,Month-to-month,11,79.0,Fiber optic,0.6977089222261033,High
7993-PYKOF,Month-to-month,8,75.0,Fiber optic,0.6973054940033602,High
2832-KJCRD,Month-to-month,38,103.65,Fiber optic,0.6972711896102833,High
2824-MYYBN,Month-to-month,37,95.25,Fiber optic,0.6972124847931626,High
4116-TZAQJ,Month-to-month,9,74.25,Fiber optic,0.6971166103368471,High
6982-SSHFK,Month-to-month,1,44.4,DSL,0.6967421882571333,High
7901-HXJVA,Month-to-month,14,76.45,Fiber optic,0.6966367816733422,High
8708-XPXHZ,Month-to-month,42,94.2,Fiber optic,0.696562968944482,High
3932-CMDTD,One year,4,105.65,Fiber optic,0.6965271549757635,High
2249-YPRNG,Month-to-month,20,105.85,Fiber optic,0.6965229311495549,High
1471-GIQKQ,Month-to-month,1,49.95,DSL,0.696308580568883,High
9866-QEVEE,Month-to-month,19,86.0,Fiber optic,0.6960216091119567,High
0337-CNPZE,Month-to-month,41,106.3,Fiber optic,0.6959203567596578,High
9961-JBNMK,Month-to-month,21,96.8,Fiber optic,0.6957387407408597,High
5858-EAFCZ,Month-to-month,1,44.45,DSL,0.6954142967698147,High
4146-SVFUD,Month-to-month,1,44.6,DSL,0.6954142967698147,High
4077-CROMM,Month-to-month,31,104.2,Fiber optic,0.6953056040027308,High
0952-KMEEH,Month-to-month,13,98.15,Fiber optic,0.6951746503817576,High
7312-XSBAT,Month-to-month,1,49.75,DSL,0.6950408337994124,High
1989-PRJHP,Month-to-month,27,75.5,Fiber optic,0.6949193205516392,High
1226-UDFZR,Month-to-month,2,49.6,DSL,0.6947674498618368,High
3703-KBKZP,Month-to-month,16,74.45,Fiber optic,0.6944807995158815,High
6145-NNPNO,Month-to-month,1,44.15,DSL,0.6942703456149346,High
4201-JMNGR,Month-to-month,1,55.8,DSL,0.6942006910768799,High
5650-VDUDS,Month-to-month,4,24.25,DSL,0.6941189360317693,High
3002-WQZWT,Month-to-month,29,74.2,Fiber optic,0.6940869561789509,High
2955-BJZHG,Month-to-month,17,80.85,Fiber optic,0.6940486538023809,High
6518-LGAOV,Month-to-month,38,105.0,Fiber optic,0.6939802142671532,High
1307-ATKGB,Month-to-month,24,89.55,Fiber optic,0.693771467313707,High
5351-QESIO,Month-to-month,1,24.2,DSL,0.6937204540020822,High
0115-TFERT,Month-to-month,21,111.2,Fiber optic,0.6937179986404791,High
2672-OJQZP,Month-to-month,1,44.75,DSL,0.6932845537748246,High
5895-QSXOD,Month-to-month,9,70.05,Fiber optic,0.693243118049331,High
3677-TNKIO,Month-to-month,14,71.0,Fiber optic,0.6930444802830509,High
0415-MOSGF,Month-to-month,1,44.4,DSL,0.6929344039717497,High
6907-FLBER,Month-to-month,1,54.3,DSL,0.6929114316565983,High
2034-CGRHZ,Month-to-month,24,102.95,Fiber optic,0.6927917759463936,High
0148-DCDOS,Month-to-month,25,94.7,Fiber optic,0.6927804903099335,High
1251-KRREG,Month-to-month,2,54.4,DSL,0.6927527861043691,High
3956-MGXOG,Month-to-month,28,80.6,Fiber optic,0.692668790412458,High
9895-VFOXH,Month-to-month,1,24.4,DSL,0.6925951174063566,High
6338-AVWCY,Month-to-month,3,40.15,DSL,0.6923403888445947,High
9420-LOJKX,Month-to-month,15,99.1,Fiber optic,0.6922723718963768,High
8260-NGFNY,Month-to-month,1,25.2,DSL,0.691506722055888,High
7901-TBKJX,Month-to-month,56,101.05,Fiber optic,0.69139307685296,High
8429-XIBUM,Month-to-month,22,101.35,Fiber optic,0.6913846811121481,High
0886-QGENL,Month-to-month,27,101.25,Fiber optic,0.6912467564913587,High
5364-XYIRR,Month-to-month,51,94.65,Fiber optic,0.6912236457915593,High
6900-PXRMS,Month-to-month,26,105.75,Fiber optic,0.6911647579682011,High
9518-XXBXE,Month-to-month,10,75.3,Fiber optic,0.6911131442665781,High
1754-GKYPY,Month-to-month,22,89.75,Fiber optic,0.6910921769753015,High
3085-QUOZK,Month-to-month,1,43.95,DSL,0.6908086213192104,High
8167-GJLRN,Month-to-month,3,30.4,DSL,0.6902620313819836,High
9133-AYJZG,Month-to-month,23,98.7,Fiber optic,0.6900396633405776,High
6088-BXMRG,Month-to-month,32,98.85,Fiber optic,0.6900290837961542,High
8012-SOUDQ,Month-to-month,43,90.25,Fiber optic,0.6899092751687115,High
3050-GBUSH,Month-to-month,3,34.8,DSL,0.6898558484531292,High
1580-BMCMR,Month-to-month,19,87.3,Fiber optic,0.6898009860732961,High
6877-LGWXO,Month-to-month,18,78.55,Fiber optic,0.6897871599692682,High
2916-BQZLN,Month-to-month,19,84.75,Fiber optic,0.6897168123314195,High
0447-RXSGD,Month-to-month,24,99.65,Fiber optic,0.6894350466626793,High
2969-QWUBZ,Month-to-month,2,51.4,DSL,0.6892555544776257,High
4423-YLHDV,Month-to-month,21,104.4,Fiber optic,0.6892075610889631,High
0434-CSFON,Month-to-month,47,100.5,Fiber optic,0.6885778219182894,High
0921-OHLVP,Month-to-month,22,83.05,Fiber optic,0.6882171397641837,High
0674-DGMAQ,Month-to-month,32,93.5,Fiber optic,0.6878432037962295,High
2665-NPTGL,Month-to-month,26,98.1,Fiber optic,0.687472327109551,High
6633-MPWBS,Month-to-month,5,49.2,DSL,0.6873812769971772,High
2232-DMLXU,Month-to-month,1,55.2,DSL,0.6871572585513491,High
8784-CGILN,Month-to-month,18,99.85,Fiber optic,0.6871367607484241,High
9190-MFJLN,Month-to-month,19,95.9,Fiber optic,0.6870131208805345,High
2507-QZPQS,Month-to-month,15,95.7,Fiber optic,0.6869740008936868,High
3536-IQCTX,Month-to-month,32,85.3,Fiber optic,0.6868657802114971,High
1236-WFCDV,Month-to-month,14,90.45,Fiber optic,0.6864011748955573,High
9053-EJUNL,Month-to-month,41,89.2,Fiber optic,0.6863347614696849,High
4716-HHKQH,Month-to-month,20,107.05,Fiber optic,0.686231376157835,High
7714-YXSMB,Month-to-month,26,100.5,Fiber optic,0.6858829412109626,High
2480-SQIOB,Month-to-month,4,44.8,DSL,0.6858329365343941,High
1895-QTKDO,Month-to-month,1,43.95,DSL,0.6857777433661695,High
2637-FKFSY,Month-to-month,3,46.1,DSL,0.6854488584574076,High
5998-VVEJY,Month-to-month,26,80.5,Fiber optic,0.6854281500558966,High
5144-TVGLP,Month-to-month,38,94.75,Fiber optic,0.685405417435059,High
2860-RANUS,Month-to-month,20,85.8,Fiber optic,0.6851520015870219,High
2252-ISRNH,One year,9,90.35,Fiber optic,0.685021875400606,High
7389-KBFIT,Month-to-month,2,30.25,DSL,0.6848468644493273,High
5857-TYBCJ,Month-to-month,44,89.2,Fiber optic,0.6848177330211062,High
0771-WLCLA,Month-to-month,16,112.95,Fiber optic,0.6846369790868275,High
6542-LWGXJ,Month-to-month,3,25.0,DSL,0.6844301978659153,High
9272-LSVYH,Month-to-month,10,70.15,Fiber optic,0.6841669457759585,High
1264-BYWMS,Month-to-month,55,96.8,Fiber optic,0.6839328756262695,High
6646-VRFOL,Month-to-month,53,103.85,Fiber optic,0.6838075734827167,High
3384-CTMSF,Month-to-month,47,104.1,Fiber optic,0.6838069928966322,High
8544-GOQSH,Month-to-month,14,80.05,Fiber optic,0.6835917962099161,High
0623-GDISB,Month-to-month,1,48.45,DSL,0.6832156215883198,High
2504-DSHIH,Month-to-month,23,86.8,Fiber optic,0.6831539470556561,High
2070-FNEXE,Month-to-month,7,76.45,Fiber optic,0.6830366530309775,High
1730-ZMAME,Month-to-month,32,79.5,Fiber optic,0.6829748812035363,High
1597-LHYNC,Month-to-month,26,95.0,Fiber optic,0.6829560689341235,High
3003-CMDUU,Month-to-month,25,95.15,Fiber optic,0.6828675447334537,High
7855-DIWPO,Month-to-month,21,68.65,Fiber optic,0.6827875743465911,High
9552-TGUZV,Month-to-month,8,75.0,Fiber optic,0.6825778493596165,High
5175-AOBHI,Month-to-month,4,46.0,DSL,0.6816501785390634,High
9448-REEVD,Month-to-month,1,44.7,DSL,0.6815671030191862,High
6994-KERXL,Month-to-month,4,55.9,DSL,0.681385402982293,High
4652-NNHNY,Month-to-month,16,73.85,Fiber optic,0.6813497783126296,High
5295-PCJOO,Month-to-month,4,49.4,DSL,0.6811949007373856,High
0637-UBJRP,Month-to-month,13,84.05,Fiber optic,0.6811917517205061,High
2538-OIMXF,Month-to-month,1,24.7,DSL,0.6811136700903051,High
9355-NPPFS,Month-to-month,26,78.8,Fiber optic,0.6811028166188605,High
7056-IMHCC,Month-to-month,53,101.9,Fiber optic,0.6809862988610598,High
3597-MVHJT,Month-to-month,27,95.6,Fiber optic,0.6809455470589278,High
3987-KQDDU,Month-to-month,9,75.6,Fiber optic,0.6808607214611565,High
6905-NIQIN,Month-to-month,1,50.65,DSL,0.6804284781899852,High
6817-WTYHE,Month-to-month,2,44.9,DSL,0.6802617311722378,High
1794-HBQTJ,Month-to-month,1,48.6,DSL,0.6799438767727463,High
4727-MCYZG,Month-to-month,1,55.55,DSL,0.6799010203587555,High
7734-DBOAI,Month-to-month,1,40.1,DSL,0.6797959448668651,High
0207-MDKNV,Month-to-month,15,105.1,Fiber optic,0.6797322012069824,High
3565-UNOCC,Month-to-month,29,99.05,Fiber optic,0.6790288199386268,High
3658-KIBGF,Month-to-month,1,54.9,DSL,0.6790069435255246,High
0899-LIIBW,Month-to-month,34,100.85,Fiber optic,0.6788421921472657,High
6317-YPKDH,Month-to-month,1,29.95,DSL,0.6788167060918472,High
0256-LTHVJ,Month-to-month,28,81.05,Fiber optic,0.6786010881315864,High
4690-PKDQG,Month-to-month,42,95.55,Fiber optic,0.6783965067962161,High
6651-AZVTJ,Month-to-month,49,99.8,Fiber optic,0.6781656667931638,High
8066-POXGX,Month-to-month,13,35.1,DSL,0.6781409737164589,High
3312-ZWLGF,Month-to-month,29,79.3,Fiber optic,0.6778208987647778,High
8229-TNIQA,Month-to-month,4,45.3,DSL,0.6777729546630646,High
0374-AACSZ,Month-to-month,1,50.15,DSL,0.677764639304483,High
3587-PMCOY,One year,10,98.9,Fiber optic,0.6775393791678056,High
3714-NTNFO,Month-to-month,49,84.5,Fiber optic,0.677431045978614,High
1384-RCUXW,Month-to-month,16,80.55,Fiber optic,0.677303910494868,High
6304-IJFSQ,Month-to-month,3,49.9,DSL,0.6768724834763185,High
6022-UGGSO,Month-to-month,32,74.4,Fiber optic,0.6767594371570214,High
2956-GGUCQ,Month-to-month,24,78.85,Fiber optic,0.6767360492257162,High
0475-RIJEP,Month-to-month,43,77.85,Fiber optic,0.6767019630286396,High
2640-PMGFL,Month-to-month,27,79.5,Fiber optic,0.6766810465151527,High
2277-VWCNI,Month-to-month,4,48.75,DSL,0.6766075022837492,High
3955-JBZZM,Month-to-month,20,78.8,Fiber optic,0.6764922154420071,High
5143-EGQFK,Month-to-month,10,29.65,DSL,0.6764674995330494,High
5027-XWQHA,Month-to-month,6,44.75,DSL,0.6762076232769147,High
1104-TNLZA,Month-to-month,28,105.8,Fiber optic,0.675901600248591,High
2604-IJPDU,Month-to-month,20,96.55,Fiber optic,0.6758129209262784,High
8714-EUHJO,Month-to-month,31,91.15,Fiber optic,0.6757788581127963,High
9269-CQOOL,Month-to-month,3,54.7,DSL,0.6755304230146287,High
3891-PUQOD,Month-to-month,1,59.2,DSL,0.675391056124726,High
9129-UXERG,Month-to-month,18,103.6,Fiber optic,0.6751989009929353,High
0322-YINQP,Month-to-month,1,48.55,DSL,0.6751055580477692,High
7517-SAWMO,Month-to-month,19,73.2,Fiber optic,0.6750852944016347,High
4998-IKFSE,Month-to-month,30,100.45,Fiber optic,0.6749767179494478,High
5959-BELXA,Month-to-month,32,96.15,Fiber optic,0.6749568371180545,High
0621-TWIEM,Month-to-month,10,45.55,DSL,0.6746002814547974,High
4971-PUYQO,Month-to-month,27,94.55,Fiber optic,0.6744554041687766,High
8818-DOPVL,Month-to-month,46,104.45,Fiber optic,0.6742135683584817,High
6235-VDHOM,Month-to-month,5,28.45,DSL,0.6741998788647856,High
6559-PDZLR,Month-to-month,26,98.65,Fiber optic,0.674122213173532,High
3481-JHUZH,Month-to-month,41,80.25,Fiber optic,0.6733110785770823,High
9050-QLROH,Month-to-month,18,90.7,Fiber optic,0.6733049330273061,High
8610-WFCJF,Month-to-month,49,95.6,Fiber optic,0.6732059430964328,High
9631-XEYKE,Month-to-month,3,50.4,DSL,0.6729946913613005,High
2523-EWWZL,Month-to-month,27,76.1,Fiber optic,0.6727213356890746,High
8648-PFRMP,Month-to-month,14,46.35,DSL,0.6722422530430112,High
4647-MUZON,Month-to-month,18,95.95,Fiber optic,0.6722418995113024,High
9167-APMXZ,Month-to-month,22,84.15,Fiber optic,0.6719507894027317,High
1346-UFHAX,Month-to-month,13,80.0,Fiber optic,0.6716804157161722,High
5153-RTHKF,Month-to-month,34,85.35,Fiber optic,0.6715858579556031,High
2122-YWVYA,Month-to-month,18,75.4,Fiber optic,0.6715750663028304,High
7562-GSUHK,Month-to-month,16,93.2,Fiber optic,0.6715281857899589,High
6583-QGCSI,Month-to-month,50,88.05,Fiber optic,0.6714517918963766,High
7503-QQRVF,Month-to-month,16,74.3,Fiber optic,0.6713714669442623,High
0946-CLJTI,Month-to-month,58,98.7,Fiber optic,0.671259032695794,High
7508-SMHXL,Month-to-month,15,89.0,Fiber optic,0.6710267496182213,High
2603-HVKCG,Month-to-month,31,101.4,Fiber optic,0.6703352785575415,High
4625-EWPTF,Month-to-month,8,30.45,DSL,0.6701201070909453,High
0093-EXYQL,Month-to-month,40,91.55,Fiber optic,0.670024665661764,High
4658-HCOHW,Month-to-month,21,102.8,Fiber optic,0.6699593691806365,High
7250-EQKIY,Month-to-month,1,50.45,DSL,0.6699582207167112,High
6715-OFDBP,Month-to-month,5,70.05,DSL,0.6698486990050738,High
9450-TRJUU,Month-to-month,35,83.15,Fiber optic,0.6697921024600223,High
3969-GYXEL,Month-to-month,11,76.4,Fiber optic,0.6697810989542804,High
1216-JWVUX,Month-to-month,25,75.5,Fiber optic,0.6696677864415203,High
4902-OHLSK,Month-to-month,29,98.65,Fiber optic,0.6695643266475945,High
9979-RGMZT,One year,7,94.05,Fiber optic,0.6693507869926743,High
7404-JLKQG,Month-to-month,3,57.55,DSL,0.6692626142238721,High
8757-TFHHJ,Month-to-month,1,49.8,DSL,0.6692566751553852,High
3540-RZJYU,Month-to-month,15,86.2,Fiber optic,0.669207102690507,High
2884-GBPFB,Month-to-month,35,70.3,Fiber optic,0.6690127519423762,High
0611-DFXKO,Month-to-month,20,89.0,Fiber optic,0.6687750542448794,High
6048-QBXKL,Month-to-month,2,56.55,DSL,0.6687553558775843,High
0895-DQHEW,Month-to-month,54,104.3,Fiber optic,0.6686544204999592,High
8621-MNIHH,Month-to-month,34,94.25,Fiber optic,0.6685481730121451,High
7853-OETYL,Month-to-month,4,29.05,DSL,0.6684716110154832,High
7794-JASDG,Month-to-month,1,50.75,DSL,0.6684123254544374,High
3370-GQEAL,Month-to-month,30,85.45,Fiber optic,0.6681522344764314,High
4062-HBMOS,Month-to-month,52,103.05,Fiber optic,0.6680699809861073,High
4570-QHXHL,Month-to-month,9,43.75,DSL,0.6677554240734771,High
7718-RXDGG,Month-to-month,15,68.6,Fiber optic,0.6677533893915464,High
6778-YSNIH,Month-to-month,2,59.0,DSL,0.6676866170667716,High
6888-SBYAI,Month-to-month,1,50.7,DSL,0.6669275731368441,High
5215-LNLDJ,Month-to-month,7,24.7,DSL,0.6669218383805577,High
4828-FAZPK,Month-to-month,16,79.95,Fiber optic,0.6668366949262091,High
5543-QDCRY,Month-to-month,4,56.4,DSL,0.6665808389096173,High
9529-OFXHY,Month-to-month,15,87.75,Fiber optic,0.6662840639052164,High
5651-YLPRD,Month-to-month,32,86.1,Fiber optic,0.666175078040015,High
8676-OOQEJ,Month-to-month,4,30.5,DSL,0.665756237204506,High
3866-MDTUB,Month-to-month,2,70.75,DSL,0.6656782931429988,High
9732-KPKBW,Month-to-month,1,53.95,DSL,0.66561297412795,High
6637-KYRCV,Month-to-month,5,30.5,DSL,0.6655096499173102,High
5948-UJZLF,Month-to-month,2,49.25,DSL,0.6654030469204305,High
2311-QYMUQ,Month-to-month,16,89.45,Fiber optic,0.6652680361064583,High
3269-ATYWD,Month-to-month,39,95.65,Fiber optic,0.6646803872648532,High
0320-JDNQG,Month-to-month,23,99.85,Fiber optic,0.6646667856220273,High
5141-ZUVBH,Month-to-month,9,93.0,Fiber optic,0.664541189217125,High
0578-SKVMF,Month-to-month,22,83.3,Fiber optic,0.6644739841912727,High
7892-QVYKW,Month-to-month,23,85.6,Fiber optic,0.6641723386252558,High
1670-SVOWZ,Month-to-month,14,89.65,Fiber optic,0.6640944510433986,High
6260-ONULR,Month-to-month,1,62.8,DSL,0.6638469817074321,High
5899-OUVKV,Month-to-month,31,94.5,Fiber optic,0.6637820270716909,High
4061-UKJWL,Month-to-month,3,45.45,DSL,0.6637537692501737,High
6078-VESFR,Month-to-month,13,70.45,Fiber optic,0.6636185255325739,High
3346-BRMIS,Month-to-month,18,48.35,DSL,0.6634535058409777,High
6834-NXDCA,Month-to-month,13,23.9,DSL,0.6634261505215812,High
6599-SFQVE,Month-to-month,6,55.0,DSL,0.6630585112424701,High
8008-HAWED,Month-to-month,14,50.75,DSL,0.6629919434473379,High
7410-OIEDU,Month-to-month,10,79.85,Fiber optic,0.6626805711523566,High
9348-YVOMK,Month-to-month,4,44.8,DSL,0.6622501947935626,High
7422-WNBTY,Month-to-month,33,93.35,Fiber optic,0.6619869030192962,High
8949-JTMAY,Month-to-month,29,98.6,Fiber optic,0.6616935940749816,High
2672-TGEFF,Month-to-month,37,88.8,Fiber optic,0.6616629197025846,High
3588-WSTTJ,Month-to-month,35,99.05,Fiber optic,0.6615547798008705,High
3806-DXQOM,Month-to-month,4,33.65,DSL,0.6614209905494365,High
6467-CHFZW,Month-to-month,47,99.35,Fiber optic,0.6613720954307679,High
5453-AXEPF,Month-to-month,17,80.5,Fiber optic,0.6611868991969736,High
3771-PZOBW,Month-to-month,20,90.7,Fiber optic,0.6610961016370419,High
9927-DSWDF,Month-to-month,22,104.6,Fiber optic,0.6609083654402494,High
5482-VXSXJ,Month-to-month,22,93.2,Fiber optic,0.6608228374083733,High
3211-ILJTT,Month-to-month,17,70.4,Fiber optic,0.6604344846973772,High
2697-NQBPF,Month-to-month,34,105.35,Fiber optic,0.6596132358141938,High
7240-FQLHE,Month-to-month,18,99.75,Fiber optic,0.6595779414015356,High
3167-SNQPL,Month-to-month,38,101.15,Fiber optic,0.6595101280217576,High
3500-RMZLT,Month-to-month,15,96.3,Fiber optic,0.659397478913767,High
7978-DKUQH,Month-to-month,25,74.6,Fiber optic,0.6593677881081333,High
4558-FANTW,Month-to-month,17,91.85,Fiber optic,0.659149850459244,High
9365-SRSZE,Month-to-month,27,70.55,Fiber optic,0.6586940592877153,High
8490-BXHEO,Month-to-month,18,80.55,Fiber optic,0.6581225621636646,High
7924-GJZFI,Month-to-month,25,69.3,Fiber optic,0.6578305243969121,High
6080-TCMYC,Month-to-month,40,81.2,Fiber optic,0.6568073522398578,High
8805-JNRAZ,Month-to-month,2,49.2,DSL,0.6563345992710712,High
9600-UDOPK,Month-to-month,30,94.05,Fiber optic,0.6560431515712591,High
4343-EJVQB,Month-to-month,7,74.35,Fiber optic,0.6559608997401013,High
0311-UNPFF,Month-to-month,26,88.8,Fiber optic,0.6558480155077433,High
8806-EAGWC,Month-to-month,3,55.15,DSL,0.6557072790168652,High
9508-ILZDG,Month-to-month,34,96.35,Fiber optic,0.6552783411484243,High
5572-ZDXHY,Month-to-month,22,84.3,Fiber optic,0.6552649429278707,High
1452-KIOVK,Month-to-month,22,89.1,Fiber optic,0.6552600085183563,High
1932-UEDCX,Month-to-month,33,100.6,Fiber optic,0.6550460527534814,High
7852-LECYP,Month-to-month,13,93.8,Fiber optic,0.6549309445237349,High
5281-BUZGT,Month-to-month,36,90.85,Fiber optic,0.6549164258238771,High
5480-TBGPH,Month-to-month,24,99.3,Fiber optic,0.6548985935368359,High
3995-WFCSM,Month-to-month,2,60.85,DSL,0.6547451156368165,High
8654-DHAOW,Month-to-month,2,54.15,DSL,0.6545212690423072,High
0354-WYROK,Month-to-month,31,98.9,Fiber optic,0.6544062592123209,High
2739-CACDQ,Month-to-month,17,82.65,Fiber optic,0.6543156810345978,High
1142-WACZW,Month-to-month,2,29.85,DSL,0.6540638141215352,High
6416-YJTTB,Month-to-month,11,79.5,Fiber optic,0.6533366947416028,High
2657-ALMWY,Month-to-month,26,84.95,Fiber optic,0.6533053317728085,High
0577-WHMEV,Month-to-month,16,90.7,Fiber optic,0.6531690460402322,High
5404-GGUKR,Month-to-month,5,51.35,DSL,0.6527402069019174,High
4360-PNRQB,Month-to-month,18,75.6,Fiber optic,0.6524345523882134,High
0817-HSUSE,Month-to-month,1,75.5,DSL,0.6523383051962541,High
0082-OQIQY,Month-to-month,29,94.2,Fiber optic,0.6523184184256292,High
8685-WHQPW,Month-to-month,22,74.4,Fiber optic,0.6522845751943226,High
9722-UJOJR,Month-to-month,29,70.75,Fiber optic,0.6520408591672359,High
5630-IXDXV,Month-to-month,47,106.35,Fiber optic,0.6519235762224831,High
8660-BUETV,Month-to-month,3,44.75,DSL,0.6518139999502274,High
6402-ZFPPI,Month-to-month,25,102.8,Fiber optic,0.651654164827299,High
3144-AUDBS,Month-to-month,6,49.15,DSL,0.6515545019432991,High
0963-ZBDRN,Month-to-month,32,96.2,Fiber optic,0.6512520828166664,High
1965-DDBWU,Month-to-month,16,89.05,Fiber optic,0.6512400381337902,High
7979-CORPM,Month-to-month,24,90.55,Fiber optic,0.6511227406184227,High
2037-SGXHH,Month-to-month,38,94.65,Fiber optic,0.6509950565560058,High
3647-GMGDH,Month-to-month,22,94.7,Fiber optic,0.6509207648990882,High
7623-TRNQN,Month-to-month,1,49.9,DSL,0.6496222945079814,High
0537-QYZZN,Month-to-month,24,79.85,Fiber optic,0.649449263829515,High
3859-CVCET,Month-to-month,4,45.65,DSL,0.6491978242697378,High
4918-QLLIW,Month-to-month,3,53.4,DSL,0.6490556074547651,High
9261-WDCAF,Month-to-month,3,54.65,DSL,0.6489989327450352,High
5569-OUICF,Month-to-month,28,101.3,Fiber optic,0.6487127593505894,High
5759-RCVCB,Month-to-month,3,35.2,DSL,0.6480276085551355,High
8019-ENHXU,Month-to-month,42,99.45,Fiber optic,0.6475931717741297,High
5222-IMUKT,Month-to-month,32,91.05,Fiber optic,0.6471820651634675,High
7129-ACFOG,Month-to-month,5,53.8,DSL,0.6471241875433363,High
1608-GMEWB,Month-to-month,45,93.9,Fiber optic,0.6470986032673558,High
9462-MJUAW,Month-to-month,4,50.4,DSL,0.6467405433256407,High
8189-XRIKE,Month-to-month,32,90.95,Fiber optic,0.6467279951178727,High
5981-ITEMU,Month-to-month,40,97.1,Fiber optic,0.6460040347607299,High
0015-UOCOJ,Month-to-month,7,48.2,DSL,0.6459163725023349,High
9667-TKTVZ,Month-to-month,2,54.35,DSL,0.6457725918459947,High
7277-OZCGZ,Month-to-month,22,89.05,Fiber optic,0.6455654988339443,High
0265-PSUAE,Month-to-month,16,100.7,Fiber optic,0.6454352212396945,High
8938-UMKPI,Month-to-month,47,106.4,Fiber optic,0.6452590208465014,High
6692-YQHXC,Month-to-month,16,69.95,Fiber optic,0.6451688730544379,High
5204-QZXPU,Month-to-month,19,39.65,DSL,0.64496534269445,High
8849-AYPTR,Month-to-month,33,91.25,Fiber optic,0.644833918478591,High
4484-GLZOU,Month-to-month,52,105.05,Fiber optic,0.6446672152130296,High
5498-TXHLF,Month-to-month,34,87.45,Fiber optic,0.6444969511915233,High
6923-EFPNL,Month-to-month,4,51.75,DSL,0.6444951764274706,High
7501-VTYLJ,Month-to-month,2,51.55,DSL,0.6443914486279816,High
1636-NTNCO,Month-to-month,4,50.95,DSL,0.6443066290477717,High
3733-LSYCE,Month-to-month,15,75.35,Fiber optic,0.6442543861956747,High
9601-BRXPO,Month-to-month,25,104.95,Fiber optic,0.6438957264824046,High
4128-ETESU,Month-to-month,47,99.7,Fiber optic,0.643655040161378,High
9661-MHUMO,Month-to-month,1,49.25,DSL,0.643618575764309,High
0114-PEGZZ,Month-to-month,33,107.55,Fiber optic,0.6432819313074662,High
5307-DZCVC,Month-to-month,32,85.95,Fiber optic,0.64302803626698,High
7483-IQWIB,Month-to-month,37,92.95,Fiber optic,0.6429101369784352,High
3211-AAPKX,Month-to-month,20,98.55,Fiber optic,0.6428272083693833,High
5016-IBERQ,Month-to-month,23,84.25,Fiber optic,0.6426151550422738,High
7579-OOPEC,Month-to-month,2,50.15,DSL,0.6423359255292251,High
7395-IGJOS,Month-to-month,17,81.5,Fiber optic,0.6422969227722563,High
2391-SOORI,Month-to-month,4,49.35,DSL,0.6422893921758948,High
7851-FLGGQ,Month-to-month,1,44.65,DSL,0.6422517995485941,High
4398-HSCJH,Month-to-month,3,63.6,DSL,0.6420181596699398,High
9564-KCLHR,Month-to-month,1,51.25,DSL,0.6419822748795253,High
6961-VCPMC,Month-to-month,46,80.4,Fiber optic,0.6418543549873729,High
0867-MKZVY,Month-to-month,20,82.4,Fiber optic,0.6417925106972842,High
4471-KXAUH,Month-to-month,42,84.3,Fiber optic,0.6412818437003961,High
5129-JLPIS,Month-to-month,25,105.5,Fiber optic,0.6412234795790094,High
6646-JPPHA,Month-to-month,14,78.85,Fiber optic,0.6408242059940343,High
8565-CLBZW,Month-to-month,24,89.85,Fiber optic,0.64077788560114,High
5207-PLSTK,Month-to-month,1,48.75,DSL,0.6406915318144275,High
0402-CQAJN,Month-to-month,37,101.9,Fiber optic,0.6406784763219673,High
3196-NVXLZ,Month-to-month,25,84.6,Fiber optic,0.6406702752065175,High
6987-XQSJT,Month-to-month,54,79.5,Fiber optic,0.6405799773045975,High
0096-BXERS,Month-to-month,6,50.35,DSL,0.6404977590265268,High
6172-FECYY,Month-to-month,49,84.5,Fiber optic,0.6404864547581096,High
9281-OFDMF,Month-to-month,39,90.7,Fiber optic,0.6401154228699135,High
1689-MRZQR,Month-to-month,34,78.3,Fiber optic,0.6401058669284814,High
5433-KYGHE,Month-to-month,14,86.0,Fiber optic,0.6400883867360899,High
1816-FLZDK,Month-to-month,1,29.15,DSL,0.640039744189498,High
1785-BPHTP,Month-to-month,28,85.45,Fiber optic,0.6399859814615275,High
8563-OYMQY,Month-to-month,17,90.95,Fiber optic,0.6397588430813981,High
1635-FJFCC,Month-to-month,5,44.05,DSL,0.6391531360330689,High
8885-QSQBX,Month-to-month,1,49.55,DSL,0.6389567002468123,High
2683-BPJSO,Month-to-month,29,84.45,Fiber optic,0.6388876153703289,High
6661-HBGWL,Month-to-month,42,104.75,Fiber optic,0.6387058317716982,High
2692-BUCFV,Month-to-month,29,101.45,Fiber optic,0.6385326320470245,High
5119-KEPFY,Month-to-month,36,95.0,Fiber optic,0.6383920172674894,High
4391-RESHN,Month-to-month,23,104.05,Fiber optic,0.6383425776614375,High
5130-IEKQT,Month-to-month,25,105.95,Fiber optic,0.638255739118256,High
2675-DHUTR,Month-to-month,58,98.9,Fiber optic,0.6382516278048823,High
3208-YPIOE,Month-to-month,39,75.25,Fiber optic,0.6381682954640004,High
7758-XKCBS,Month-to-month,15,29.7,DSL,0.6381229249532944,High
3082-VQXNH,Month-to-month,3,29.8,DSL,0.6380147003444875,High
5982-FPVQN,Month-to-month,37,95.15,Fiber optic,0.6379861961863443,High
9526-BIHHD,Month-to-month,1,29.7,DSL,0.637886692725744,High
0430-IHCDJ,Month-to-month,15,49.0,DSL,0.637797640749556,High
5673-TIYIB,Month-to-month,2,40.4,DSL,0.6376593903293167,High
2108-XWMPY,Month-to-month,3,35.45,DSL,0.6374774254342825,High
0311-QYWSS,Month-to-month,6,49.45,DSL,0.6373816538678466,High
6844-DZKRF,Month-to-month,2,50.2,DSL,0.6373798710060861,High
0531-ZZJWQ,Month-to-month,55,74.0,Fiber optic,0.6372772926390007,High
4662-EKDPQ,Month-to-month,2,62.05,DSL,0.6372305319999365,High
7963-GQRMY,Month-to-month,3,44.3,DSL,0.637200553690985,High
5087-SUURX,Month-to-month,18,39.05,DSL,0.6371606432700908,High
5208-HFSBT,Month-to-month,2,55.05,DSL,0.6370950663618788,High
4553-DVPZG,Month-to-month,62,101.35,Fiber optic,0.63676214625454,High
9048-JVYVF,Month-to-month,3,69.35,DSL,0.6365343128440709,High
9944-AEXBM,Month-to-month,32,85.65,Fiber optic,0.6361281844518335,High
0975-VOOVL,Month-to-month,3,29.2,DSL,0.6358032433511261,High
3768-NLUBH,Month-to-month,57,100.6,Fiber optic,0.6357032498345896,High
6180-YBIQI,Month-to-month,5,24.3,DSL,0.6356481632646882,High
3352-ALMCK,Month-to-month,40,102.65,Fiber optic,0.6353623977786178,High
5922-ABDVO,Month-to-month,19,89.65,Fiber optic,0.6351824083563186,High
9526-JAWYF,Month-to-month,26,89.8,Fiber optic,0.6349184116945433,High
3668-QPYBK,Month-to-month,2,53.85,DSL,0.6347640514485025,High
2273-QCKXA,Month-to-month,1,49.05,DSL,0.6345958880963174,High
2181-UAESM,Month-to-month,2,53.45,DSL,0.634079974828257,High
4430-UZIPO,Month-to-month,3,36.85,DSL,0.6340752284829997,High
7126-RBHSD,Month-to-month,17,78.9,Fiber optic,0.6338982549689072,High
4465-VDKIQ,Month-to-month,18,77.8,Fiber optic,0.633879886734825,High
4860-IJUDE,Month-to-month,13,73.75,Fiber optic,0.63347008746914,High
6656-JWRQX,Month-to-month,1,30.55,DSL,0.6333865277664358,High
9512-UIBFX,Month-to-month,18,95.15,Fiber optic,0.6332179545746074,High
8456-QDAVC,Month-to-month,19,78.7,Fiber optic,0.6332038238691265,High
2873-ZLIWT,Month-to-month,40,84.85,Fiber optic,0.6330098965330634,High
8623-TMRBY,Month-to-month,51,84.2,Fiber optic,0.6329621727530225,High
8272-ONJLV,One year,12,95.7,Fiber optic,0.6325899526591037,High
8601-QACRS,Month-to-month,5,50.6,DSL,0.6321187786529383,High
2607-FBDFF,Month-to-month,1,49.0,DSL,0.6317666307480068,High
0581-MDMPW,Month-to-month,24,88.95,Fiber optic,0.6315408692050324,High
2960-NKRSO,Month-to-month,24,85.95,Fiber optic,0.6314083383693478,High
5439-WIKXB,Month-to-month,41,94.55,Fiber optic,0.631343304099363,High
5609-IMCGG,Month-to-month,15,84.35,Fiber optic,0.6310829750260484,High
8614-VGMMV,Month-to-month,15,49.1,DSL,0.6309736377185233,High
7396-VJUZB,Month-to-month,4,45.25,DSL,0.6309680696886304,High
2786-GCDPI,Month-to-month,50,104.95,Fiber optic,0.6307008885827639,High
2227-JRSJX,Month-to-month,21,99.15,Fiber optic,0.6306939071916214,High
2038-LLMLM,Month-to-month,48,103.85,Fiber optic,0.6301400955341201,High
0428-IKYCP,Month-to-month,22,87.0,Fiber optic,0.6300397083911543,High
7181-OQCUT,Month-to-month,21,103.85,Fiber optic,0.6299798368966847,High
8695-WDYEA,Month-to-month,1,51.25,DSL,0.6297033299606046,High
5156-UMKOW,Month-to-month,3,29.65,DSL,0.6296430065719895,High
6402-EJMWF,Month-to-month,4,55.3,DSL,0.6295943321268221,High
7233-DRTRF,Month-to-month,63,102.4,Fiber optic,0.6295359226573242,High
2101-RANCD,Month-to-month,55,73.1,Fiber optic,0.6294819051998065,High
6410-LEFEN,Month-to-month,9,45.15,DSL,0.6294605922677429,High
3312-UUMZW,Month-to-month,32,98.85,Fiber optic,0.6294043644364709,High
4911-BANWH,Month-to-month,31,86.55,Fiber optic,0.6288613042260225,High
9112-WSNPU,Month-to-month,35,70.55,Fiber optic,0.6284401890653987,High
5626-MGTUK,Month-to-month,20,89.1,Fiber optic,0.6284318893285695,High
5999-LCXAO,Month-to-month,1,29.9,DSL,0.6284054390497923,High
2519-FAKOD,Month-to-month,38,99.25,Fiber optic,0.6280841346240631,High
3545-CNWRG,Month-to-month,49,98.35,Fiber optic,0.6280509617353172,High
4248-QPAVC,Month-to-month,17,85.35,Fiber optic,0.628032917003765,High
7878-JGDKK,Month-to-month,4,44.55,DSL,0.6279463991807568,High
8059-UDZFY,Month-to-month,33,105.35,Fiber optic,0.6276137502475024,High
8543-MSDMF,Month-to-month,3,77.4,DSL,0.6274249762178984,High
6030-REHUX,Month-to-month,28,110.85,Fiber optic,0.6273443498575125,High
1343-EHPYB,Month-to-month,63,103.4,Fiber optic,0.6271040906334582,High
3336-JORSO,Month-to-month,33,110.45,Fiber optic,0.6268565208395984,High
5950-AAAGJ,Month-to-month,18,84.3,Fiber optic,0.6267099070835551,High
3569-EDBPQ,Month-to-month,24,84.35,Fiber optic,0.6263161454144385,High
9661-ACXBS,Month-to-month,42,105.2,Fiber optic,0.6260288665273057,High
9898-KZQDZ,Month-to-month,40,94.55,Fiber optic,0.6260285085354996,High
8718-PTMEZ,Month-to-month,13,31.05,DSL,0.6260276437161153,High
5373-SFODM,Month-to-month,36,85.25,Fiber optic,0.6256530287484668,High
4446-BZKHU,Month-to-month,61,105.55,Fiber optic,0.6256408229932479,High
0093-XWZFY,Month-to-month,40,104.5,Fiber optic,0.6256171375322872,High
5522-NYKPB,Month-to-month,25,85.9,Fiber optic,0.625561322302749,High
5515-AKOAJ,Month-to-month,54,100.1,Fiber optic,0.6255051056359948,High
1597-FZREH,Month-to-month,2,76.4,DSL,0.6254319109883537,High
5889-JTMUL,Month-to-month,50,95.05,Fiber optic,0.624982190498121,High
9800-ONTFE,Month-to-month,22,75.8,Fiber optic,0.6249807263672672,High
2495-KZNFB,Month-to-month,33,90.65,Fiber optic,0.6247586081098326,High
0141-YEAYS,Month-to-month,27,86.45,Fiber optic,0.6246302421523064,High
5175-WLYXL,Month-to-month,22,78.85,Fiber optic,0.62456247023959,High
2823-LKABH,Month-to-month,18,95.05,Fiber optic,0.6244165444298575,High
1763-WQFUK,Month-to-month,3,50.5,DSL,0.62427277783296,High
4183-WCSEP,Month-to-month,31,78.45,Fiber optic,0.6242004401715707,High
0599-XNYDO,Month-to-month,20,69.8,Fiber optic,0.6241878358084164,High
0623-IIHUG,Month-to-month,21,41.9,DSL,0.6240428854749177,High
4026-SKKHW,Month-to-month,3,50.25,DSL,0.6236905245417556,High
5356-CSVSQ,Month-to-month,3,64.6,DSL,0.6236401713242317,High
9505-SQFSW,Month-to-month,3,40.3,DSL,0.6234117151454999,High
5828-AVIPD,One year,19,100.95,Fiber optic,0.6229940655196237,High
4550-VBOFE,Month-to-month,70,102.95,Fiber optic,0.6229898551888484,High
6693-FRIRW,Month-to-month,18,101.3,Fiber optic,0.62241520751377,High
1910-FMXJM,Month-to-month,36,80.4,Fiber optic,0.6224080576119208,High
0587-DMGBH,Month-to-month,8,49.85,DSL,0.6223462709314382,High
6227-HWPWX,Month-to-month,15,69.0,Fiber optic,0.6222763246251195,High
3656-TKRVZ,Month-to-month,3,55.35,DSL,0.6222552788335824,High
9576-SYUHJ,Month-to-month,37,91.15,Fiber optic,0.621990814931443,High
9574-RKJIF,Month-to-month,30,94.4,Fiber optic,0.6218184797714308,High
2911-WDXMV,Month-to-month,18,80.55,Fiber optic,0.621799233307598,High
3237-AJGEH,Month-to-month,3,31.0,DSL,0.6217841633438537,High
0585-EGDDA,Month-to-month,40,80.0,Fiber optic,0.6216462259371591,High
2322-VCZHZ,Month-to-month,23,90.0,Fiber optic,0.6216412161183918,High
6439-GTPCA,Month-to-month,45,87.25,Fiber optic,0.6216261745860638,High
9168-INPSZ,Month-to-month,44,104.15,Fiber optic,0.6216083885659799,High
1271-SJBGZ,Month-to-month,12,43.65,DSL,0.6213293900356154,High
2947-DOMLJ,Month-to-month,1,50.6,DSL,0.620916525617446,High
0032-PGELS,Month-to-month,1,30.5,DSL,0.6207727133261205,High
5536-SLHPM,Month-to-month,55,77.75,Fiber optic,0.6207289294722501,High
2378-VTKDH,Month-to-month,65,104.35,Fiber optic,0.6205018438476606,High
5493-SDRDQ,Month-to-month,2,55.1,DSL,0.6202444767947994,High
1845-CSBRZ,Month-to-month,22,85.35,Fiber optic,0.62024412868977,High
7927-AUXBZ,Month-to-month,30,85.15,Fiber optic,0.620073230113767,High
5839-SUYVZ,Month-to-month,16,74.55,Fiber optic,0.6199710746559577,High
5590-YRFJT,Month-to-month,20,24.45,DSL,0.6197509182977746,High
8496-EJAUI,Month-to-month,19,73.85,Fiber optic,0.6197219040913626,High
8404-GFGCZ,Month-to-month,4,65.6,DSL,0.6196521949756927,High
8058-DMYRU,Month-to-month,54,90.05,Fiber optic,0.6192378702210928,High
1818-ESQMW,Month-to-month,27,89.2,Fiber optic,0.6191113382682342,High
1767-TGTKO,Month-to-month,8,45.45,DSL,0.6190879663160479,High
0929-HYQEW,Month-to-month,3,50.15,DSL,0.6187933904870643,High
7246-ZGQDF,Month-to-month,1,54.5,DSL,0.6186090782824107,High
6543-CPZMK,Month-to-month,9,29.95,DSL,0.6184166128416725,High
3096-JRDSO,Month-to-month,27,104.3,Fiber optic,0.6180044939436196,High
0749-IRGQE,Month-to-month,13,45.3,DSL,0.6179548821179943,High
3018-TFTSU,Month-to-month,12,81.7,Fiber optic,0.6179169151322699,High
7964-VEXDG,Month-to-month,21,80.35,Fiber optic,0.6178913415745798,High
3853-LYGAM,Month-to-month,17,95.65,Fiber optic,0.6177968984253961,High
3923-CSIHK,Month-to-month,50,71.05,Fiber optic,0.6177391505444816,High
0601-WZHJF,Month-to-month,14,46.35,DSL,0.6175253381583281,High
3197-ARFOY,Month-to-month,19,105.0,Fiber optic,0.6173157279594703,High
6135-OZQVA,Month-to-month,7,53.65,DSL,0.6172097407593088,High
1871-MOWRM,Month-to-month,12,80.85,Fiber optic,0.6171298175512409,High
8212-CRQXP,Month-to-month,22,80.0,Fiber optic,0.6171129543149344,High
5385-SUIRI,Month-to-month,52,104.2,Fiber optic,0.6170217817405006,High
4958-GZWIY,Month-to-month,7,48.7,DSL,0.6167175070188139,High
8785-CJSHH,Month-to-month,60,99.8,Fiber optic,0.616628004467472,High
4566-QVRRW,Month-to-month,11,44.05,DSL,0.6165236167662623,High
0280-XJGEX,Month-to-month,49,103.7,Fiber optic,0.6165230557715596,High
2474-BRUCM,Month-to-month,40,101.85,Fiber optic,0.6165177025212673,High
5389-FFVKB,Month-to-month,32,80.3,Fiber optic,0.6164742242420786,High
9108-EJFJP,Month-to-month,1,53.55,DSL,0.6163969425674659,High
4013-UBXWQ,Month-to-month,7,74.65,DSL,0.6163472440818342,High
1396-QWFBJ,Month-to-month,21,74.05,Fiber optic,0.6160911850293124,High
8914-RBTSB,Month-to-month,31,93.8,Fiber optic,0.6157539391112736,High
6022-KOUQO,Month-to-month,2,29.05,DSL,0.6156982671729503,High
7580-UGXNC,Month-to-month,2,54.85,DSL,0.6156540226767379,High
7401-RUBNK,Month-to-month,18,74.8,Fiber optic,0.6156180109933129,High
9537-VHDTA,Month-to-month,1,51.2,DSL,0.6155523021448366,High
3415-TAILE,Month-to-month,2,65.7,DSL,0.6151530487257655,High
9003-CPATH,Month-to-month,42,79.9,Fiber optic,0.6150324859917993,High
6284-AHOOQ,Month-to-month,22,90.5,Fiber optic,0.6148420583468555,High
5294-DMSFH,Month-to-month,29,87.8,Fiber optic,0.6148406188709338,High
6240-EURKS,Month-to-month,18,35.0,DSL,0.6148193858889186,High
5649-VUKMC,One year,12,95.5,Fiber optic,0.6146177203070982,High
7504-UWHNB,Month-to-month,25,69.75,Fiber optic,0.6145462009440901,High
0365-GXEZS,Month-to-month,18,78.2,Fiber optic,0.6145349097277365,High
7743-EXURX,Month-to-month,8,51.05,DSL,0.614457965984537,High
3737-XBQDD,Month-to-month,24,84.85,Fiber optic,0.6144492046651933,High
6988-CJEYV,Month-to-month,49,98.7,Fiber optic,0.6141617741533018,High
9644-UMGQA,Month-to-month,6,49.15,DSL,0.6139857725827572,High
9090-SGQXL,Month-to-month,68,105.3,Fiber optic,0.6139798187714692,High
2235-ZGKPT,Month-to-month,4,50.85,DSL,0.6138757308400982,High
1919-RTPQD,Month-to-month,7,44.75,DSL,0.6137091722486044,High
5461-QKNTN,Month-to-month,43,94.3,Fiber optic,0.6133296490631275,High
3669-LVWZB,Month-to-month,5,51.0,DSL,0.6131661631477878,High
1453-RZFON,Month-to-month,1,49.9,DSL,0.612905072009793,High
0407-BDJKB,Month-to-month,60,95.75,Fiber optic,0.6128755357295314,High
6481-ESCNL,Month-to-month,29,100.55,Fiber optic,0.6127129403378256,High
3234-VKACU,Month-to-month,2,70.3,DSL,0.6126560221586366,High
6339-DKLMK,Month-to-month,13,31.65,DSL,0.6125276810458025,High
4690-LLKUA,Month-to-month,17,45.05,DSL,0.6123516534879908,High
8640-SDGKB,Month-to-month,4,74.4,DSL,0.6123152608172345,High
5533-NHFRF,Month-to-month,7,44.4,DSL,0.6121665844836982,High
5392-AKEMH,Month-to-month,12,45.05,DSL,0.6117987943806409,High
2049-BAFNW,Month-to-month,1,35.9,DSL,0.6116244987675311,High
9584-EXCDZ,Month-to-month,17,70.5,Fiber optic,0.6116049805348421,High
7460-ITWWP,Month-to-month,45,86.1,Fiber optic,0.6114649041940061,High
4948-WBBKL,Month-to-month,36,74.9,Fiber optic,0.6109122567626557,High
2141-RRYGO,Month-to-month,4,68.65,DSL,0.6105266928705614,High
8824-RWFXJ,Month-to-month,3,56.15,DSL,0.6105056732927335,High
5071-FBJFS,Month-to-month,4,50.3,DSL,0.610363630836796,High
3577-AMVUX,Month-to-month,1,55.05,DSL,0.6103569967933221,High
8160-HOWOX,Month-to-month,7,66.85,DSL,0.6103516468832502,High
9904-EHEVJ,Month-to-month,32,91.35,Fiber optic,0.610164265288987,High
7881-INRLC,Month-to-month,45,100.85,Fiber optic,0.6100551366650888,High
2675-OTVVJ,Month-to-month,31,89.45,Fiber optic,0.6100409578763687,High
9369-XFEHK,Month-to-month,33,80.6,Fiber optic,0.6098996884148798,High
2476-YGEFM,Month-to-month,29,76.0,Fiber optic,0.6098924291595634,High
6537-QLGEX,Month-to-month,16,38.9,DSL,0.6097041788696935,High
2041-JIJCI,Month-to-month,5,64.0,DSL,0.6096056636094939,High
0410-IPFTY,Month-to-month,31,83.85,Fiber optic,0.6094969535536585,High
2108-YKQTY,Month-to-month,4,50.7,DSL,0.60948977464574,High
9776-CLUJA,Month-to-month,51,77.5,Fiber optic,0.6093794795866169,High
1095-JUDTC,Month-to-month,47,95.05,Fiber optic,0.6093472267857966,High
1472-TNCWL,Month-to-month,36,94.7,Fiber optic,0.6093054868469622,High
7318-EIVKO,Month-to-month,8,59.25,DSL,0.6091119147030679,High
2195-ZRVAX,Month-to-month,47,85.3,Fiber optic,0.6090058865821327,High
2178-PMGCJ,Month-to-month,22,69.7,Fiber optic,0.6089989778954187,High
3945-GFWQL,Month-to-month,12,44.55,DSL,0.6088941459450468,High
6581-NQCBA,Month-to-month,16,49.95,DSL,0.6082307396378249,High
8155-IBNHG,Month-to-month,24,75.4,Fiber optic,0.6079889260037264,High
2974-GGUXS,Month-to-month,36,91.95,Fiber optic,0.6079550717960959,High
7634-WSWDB,Month-to-month,8,38.5,DSL,0.6075034415037254,High
1355-KUSBG,Month-to-month,7,48.8,DSL,0.607345823272214,High
2856-NNASM,Month-to-month,43,89.55,Fiber optic,0.6069861014832649,High
8631-WUXGY,Month-to-month,46,99.8,Fiber optic,0.6069150579606228,High
1456-TWCGB,Month-to-month,4,49.25,DSL,0.6065983394412126,High
4143-HHPMK,Month-to-month,52,85.35,Fiber optic,0.6062716548835566,High
5146-CBVOE,Month-to-month,16,75.1,Fiber optic,0.6062034850264263,High
0324-BRPCJ,Month-to-month,68,100.2,Fiber optic,0.6061063836218247,High
9626-WEQRM,Month-to-month,4,29.15,DSL,0.606075472349475,High
5536-RTPWK,Month-to-month,49,99.05,Fiber optic,0.6060368514368667,High
7916-VCCPB,Month-to-month,16,73.25,Fiber optic,0.6060314819947256,High
7284-BUYEC,Month-to-month,5,50.95,DSL,0.6056645942581166,High
1013-QCWAM,Month-to-month,66,100.8,Fiber optic,0.6053559730671911,High
2921-XWDJH,Month-to-month,38,83.45,Fiber optic,0.605314394219707,High
9971-ZWPBF,Month-to-month,34,108.9,Fiber optic,0.6051071489674521,High
4581-LNWUM,Month-to-month,13,49.15,DSL,0.6050967564913421,High
2277-DJJDL,Month-to-month,60,99.0,Fiber optic,0.6040968178220653,High
4947-DSMXK,Month-to-month,34,97.7,Fiber optic,0.6040056685166737,High
3524-WQDSG,Month-to-month,43,99.3,Fiber optic,0.6039080215698265,High
3943-KDREE,Month-to-month,26,74.95,Fiber optic,0.6033809713232802,High
9286-DOJGF,Month-to-month,38,74.95,Fiber optic,0.6031731611252736,High
1833-TCXKK,Month-to-month,45,107.75,Fiber optic,0.6031674387548928,High
1194-HVAIF,Month-to-month,27,95.0,Fiber optic,0.6030725088700274,High
4238-JSSWH,Month-to-month,35,102.05,Fiber optic,0.6030569119168837,High
6729-GDNGC,Month-to-month,20,80.7,Fiber optic,0.6030093787711807,High
5649-RXQTV,Month-to-month,51,99.0,Fiber optic,0.602807989647317,High
1482-OXZSY,Month-to-month,30,100.4,Fiber optic,0.6027674360568469,High
7682-AZNDK,Month-to-month,34,89.85,Fiber optic,0.602469154627581,High
5707-ORNDZ,Month-to-month,9,54.55,DSL,0.6020851891226532,High
7658-UYUQS,Month-to-month,21,86.55,Fiber optic,0.6015238518688526,High
1928-BXYIV,Month-to-month,1,61.15,DSL,0.6014502233498932,High
1809-DMJHQ,Month-to-month,5,46.0,DSL,0.6013299150549553,High
7730-IUTDZ,Month-to-month,43,75.2,Fiber optic,0.6012984946875072,High
4818-DRBQT,Month-to-month,29,80.15,Fiber optic,0.6012826391556949,High
4897-QSUYC,Month-to-month,1,20.15,No,0.6010195307755659,High
1035-IPQPU,Month-to-month,63,103.5,Fiber optic,0.6008529738354574,High
7567-ECMCM,Month-to-month,24,79.85,Fiber optic,0.6004597950303746,High
0634-SZPQA,Month-to-month,23,90.05,Fiber optic,0.6001336001286165,High
0829-XXPLX,Month-to-month,20,89.4,Fiber optic,0.6000421817848178,High
7752-XUSCI,Month-to-month,60,105.9,Fiber optic,0.599878159818935,Medium
3757-NJYBX,Month-to-month,32,106.35,Fiber optic,0.5997281994489899,Medium
7599-FKVXZ,Month-to-month,42,106.15,Fiber optic,0.5996789337966683,Medium
2606-RMDHZ,Month-to-month,6,30.5,DSL,0.5996069669610904,Medium
1750-CSKKM,Month-to-month,9,55.35,DSL,0.5993248263983051,Medium
0504-HHAPI,Month-to-month,27,88.3,Fiber optic,0.5986117393302633,Medium
3620-MWJNE,Month-to-month,2,54.45,DSL,0.5985955958548209,Medium
8378-LKJAF,Month-to-month,38,101.15,Fiber optic,0.5984084061476465,Medium
6257-RJOHI,Month-to-month,4,50.8,DSL,0.598389514343745,Medium
0178-SZBHO,Month-to-month,47,87.2,Fiber optic,0.5981203729235449,Medium
8728-SKJLR,Month-to-month,41,74.25,Fiber optic,0.5978926124151172,Medium
3351-NGXYI,Month-to-month,16,54.1,DSL,0.5977460638961597,Medium
5419-KLXBN,Month-to-month,25,89.15,Fiber optic,0.5974779184377852,Medium
7839-QRKXN,Month-to-month,1,20.2,No,0.597384440330333,Medium
8384-FZBJK,Month-to-month,57,100.6,Fiber optic,0.5972594501726113,Medium
1891-FZYSA,Month-to-month,69,89.95,Fiber optic,0.5970946504784775,Medium
0804-XBFBV,Month-to-month,11,25.2,DSL,0.5963842792905616,Medium
3426-NIYYL,Month-to-month,15,51.55,DSL,0.5963216146535499,Medium
0111-KLBQG,Month-to-month,32,93.95,Fiber optic,0.5963059961823383,Medium
1575-KRZZE,Month-to-month,4,55.2,DSL,0.5962584265405539,Medium
8800-ZKRFW,Month-to-month,30,107.5,Fiber optic,0.5962439859413643,Medium
3665-JATSN,Month-to-month,19,39.7,DSL,0.5960080021334125,Medium
2811-POVEX,Month-to-month,23,88.45,Fiber optic,0.5959715236082405,Medium
7112-OPOTK,Month-to-month,33,68.25,Fiber optic,0.5958247843256038,Medium
5122-CYFXA,Month-to-month,3,75.3,DSL,0.5957884120081252,Medium
3174-RKMOW,Month-to-month,35,109.95,Fiber optic,0.5957763722967341,Medium
3005-NFMTA,Month-to-month,55,98.8,Fiber optic,0.5955776660855886,Medium
6917-IAYHD,Month-to-month,1,33.6,DSL,0.5955478297982015,Medium
5813-UECBU,Month-to-month,33,83.85,Fiber optic,0.5953608759100643,Medium
5916-QEWPT,Month-to-month,2,69.0,DSL,0.595089572763488,Medium
3055-MJDSB,Month-to-month,9,24.6,DSL,0.5949564436855518,Medium
8645-KWHJO,Month-to-month,14,55.0,DSL,0.5948676191152887,Medium
5647-FXOTP,Month-to-month,60,105.9,Fiber optic,0.5948646002801168,Medium
2988-PLAHS,One year,3,69.95,DSL,0.5948454775738002,Medium
9026-LHEVG,Month-to-month,9,40.75,DSL,0.5946290998571695,Medium
3503-TYDAY,Month-to-month,43,80.45,Fiber optic,0.5946198083519537,Medium
5302-BDJNT,Month-to-month,35,95.5,Fiber optic,0.594509022611407,Medium
2070-XYMFH,Month-to-month,23,79.35,Fiber optic,0.5944190223224738,Medium
6377-WHAOX,Month-to-month,60,106.15,Fiber optic,0.5940666630927414,Medium
7030-NJVDP,Month-to-month,24,89.25,Fiber optic,0.5940412677492451,Medium
6629-LADHQ,Month-to-month,2,50.95,DSL,0.593777608529694,Medium
5712-AHQNN,Month-to-month,43,91.65,Fiber optic,0.5937418428756928,Medium
4800-VHZKI,Month-to-month,1,19.9,No,0.5928457429660086,Medium
7739-LAXOG,Month-to-month,32,91.05,Fiber optic,0.5926176624929557,Medium
1000-AJSLD,Month-to-month,1,20.1,No,0.592001637162017,Medium
1240-KNSEZ,Month-to-month,1,20.1,No,0.592001637162017,Medium
5882-CMAZQ,Month-to-month,5,34.25,DSL,0.5917060915632585,Medium
3094-JOJAI,Month-to-month,18,74.15,Fiber optic,0.5915560388131744,Medium
2208-UGTGR,Month-to-month,56,98.6,Fiber optic,0.5911889266746947,Medium
2347-WKKAE,Month-to-month,42,94.4,Fiber optic,0.5911066247754193,Medium
3804-RVTGV,Month-to-month,50,103.85,Fiber optic,0.5910997204220607,Medium
0319-QZTCO,Month-to-month,3,58.7,DSL,0.5910867809711157,Medium
2582-FFFZR,Month-to-month,22,50.6,DSL,0.5910820982200656,Medium
5780-INQIK,Month-to-month,8,49.4,DSL,0.5909869352881422,Medium
0533-BNWKF,Month-to-month,55,85.45,Fiber optic,0.5909357633594852,Medium
5301-GAUUY,Month-to-month,32,80.35,Fiber optic,0.5908989465515346,Medium
9530-EHPOH,Month-to-month,11,53.75,DSL,0.5907310635011941,Medium
4824-GUCBY,Month-to-month,22,81.7,Fiber optic,0.5904523814800521,Medium
8327-LZKAS,One year,43,107.55,Fiber optic,0.5903476665934169,Medium
3058-HJCUY,One year,41,102.6,Fiber optic,0.5903354527025608,Medium
7129-CAKJW,Month-to-month,17,80.05,Fiber optic,0.5902949165639442,Medium
4879-GZLFH,Month-to-month,42,92.15,Fiber optic,0.59023282716859,Medium
6599-CEBNN,Month-to-month,34,73.95,Fiber optic,0.5901400174763758,Medium
6362-QHAFM,One year,42,108.3,Fiber optic,0.589989486082373,Medium
9793-WECQC,Month-to-month,23,95.3,Fiber optic,0.5899884663186659,Medium
1101-SSWAG,Month-to-month,15,51.1,DSL,0.5899805457116059,Medium
1450-SKCVI,Month-to-month,56,73.85,Fiber optic,0.5897285947856763,Medium
2810-FTLEM,Month-to-month,16,50.15,DSL,0.5896586511068804,Medium
7486-KSRVI,One year,43,100.0,Fiber optic,0.5895048040464931,Medium
4592-IWTJI,Month-to-month,3,29.7,DSL,0.5892631476226781,Medium
1469-LBJQJ,Month-to-month,66,105.2,Fiber optic,0.5892498045633625,Medium
3932-IJWDZ,Month-to-month,45,103.65,Fiber optic,0.5892132567151745,Medium
9819-FBNSV,Month-to-month,37,72.25,Fiber optic,0.5889443268922236,Medium
8305-VHZBZ,Month-to-month,1,20.2,No,0.5886118189708668,Medium
5356-RHIPP,Month-to-month,1,20.2,No,0.5886118189708668,Medium
3446-QDSZF,Month-to-month,4,55.5,DSL,0.5885164115235411,Medium
7593-JNWRU,Month-to-month,6,44.6,DSL,0.5884935958644334,Medium
5716-LIBJC,One year,13,104.15,Fiber optic,0.5884322082855123,Medium
7529-ZDFXI,Month-to-month,57,89.85,Fiber optic,0.5883980896556884,Medium
4523-WXCEF,Month-to-month,59,101.1,Fiber optic,0.588323490852218,Medium
8313-KTIHG,Month-to-month,4,61.3,DSL,0.588213083015028,Medium
4661-NJEUX,Month-to-month,1,20.05,No,0.5880717845675977,Medium
2203-GHNWN,Month-to-month,24,79.65,Fiber optic,0.587803867061806,Medium
6599-RCLCJ,Month-to-month,47,109.55,Fiber optic,0.5876977036239714,Medium
4660-IRIBM,Month-to-month,18,87.9,Fiber optic,0.5876919607525171,Medium
6464-KEXXH,Month-to-month,8,25.25,DSL,0.5874597139375554,Medium
1310-QRITU,Month-to-month,18,50.3,DSL,0.587309793436932,Medium
1481-ZUWZA,Month-to-month,28,94.5,Fiber optic,0.5870274287758971,Medium
6259-WJQLC,Month-to-month,32,81.1,Fiber optic,0.5869800161453906,Medium
3348-CFRNX,Month-to-month,28,92.35,Fiber optic,0.5869530632429942,Medium
0869-PAPRP,Month-to-month,26,85.7,Fiber optic,0.5869210072378618,Medium
9332-GYWLO,Month-to-month,6,54.85,DSL,0.5868429913496512,Medium
6522-YRBXD,Month-to-month,35,94.55,Fiber optic,0.5868144203003047,Medium
3452-ABWRL,Month-to-month,47,86.05,Fiber optic,0.5866590621690608,Medium
9948-YPTDG,Month-to-month,38,79.45,Fiber optic,0.5865758958406254,Medium
8988-ECPJR,Month-to-month,34,79.6,Fiber optic,0.5858822012990877,Medium
6394-MFYNG,Month-to-month,48,107.4,Fiber optic,0.5856331773106892,Medium
6927-WTFIV,Month-to-month,20,71.3,Fiber optic,0.5855276810700539,Medium
2369-FEVNO,Month-to-month,1,19.9,No,0.5850909157798844,Medium
2874-YXVVA,Month-to-month,34,105.1,Fiber optic,0.5844179630629209,Medium
0564-MUUQK,Month-to-month,20,95.5,Fiber optic,0.5843847891763383,Medium
7521-AFHAB,Month-to-month,5,44.8,DSL,0.5842174004404942,Medium
7048-GXDAY,Month-to-month,39,106.4,Fiber optic,0.5841234671273466,Medium
9699-UBQFS,Month-to-month,43,94.5,Fiber optic,0.5840585185255672,Medium
4797-AXPXK,Month-to-month,1,60.0,DSL,0.5840160328391771,Medium
4067-HLYQI,Month-to-month,33,70.4,Fiber optic,0.583900715225843,Medium
5349-AZPEW,Month-to-month,5,25.05,DSL,0.5838173004750942,Medium
4680-KUTAJ,Month-to-month,11,55.6,DSL,0.5837825698178172,Medium
0376-OIWME,Month-to-month,36,93.6,Fiber optic,0.5835240065306312,Medium
0701-RFGFI,Month-to-month,49,95.4,Fiber optic,0.5832199791598572,Medium
0277-BKSQP,Month-to-month,8,54.4,DSL,0.5830379750116244,Medium
7774-OJSXI,One year,31,103.45,Fiber optic,0.5828259618132418,Medium
4821-SJHJV,Month-to-month,32,89.6,Fiber optic,0.5826551265421752,Medium
2187-LZGPL,Month-to-month,7,40.1,DSL,0.5824348595005148,Medium
7641-EUYET,Month-to-month,46,100.7,Fiber optic,0.5822815178161572,Medium
1399-UBQIU,Month-to-month,11,69.35,DSL,0.5821411254478691,Medium
8149-AIQCG,Month-to-month,39,73.15,Fiber optic,0.5817828615603993,Medium
4607-CHPCA,One year,25,90.4,Fiber optic,0.5816418973629444,Medium
1582-RAFML,Month-to-month,1,60.1,DSL,0.5808048587172483,Medium
2853-CWQFQ,Month-to-month,1,59.55,DSL,0.5803592157989674,Medium
6641-XRPSU,Month-to-month,34,70.0,Fiber optic,0.5803477446331927,Medium
4482-FTFFX,Month-to-month,5,56.15,DSL,0.5801567906804854,Medium
8818-XYFCQ,Month-to-month,32,99.55,Fiber optic,0.5801476364212685,Medium
7159-FVYPK,Month-to-month,3,69.15,DSL,0.580046125755075,Medium
4840-ORQXB,Month-to-month,56,104.75,Fiber optic,0.5800308982177657,Medium
0670-KDOMA,Month-to-month,1,20.25,No,0.5800165520326308,Medium
2876-VBBBL,Month-to-month,1,20.25,No,0.5800165520326308,Medium
0742-MOABM,Month-to-month,4,50.05,DSL,0.5799824266227572,Medium
5502-RLUYV,Month-to-month,69,103.95,Fiber optic,0.5799145196316435,Medium
9445-SZLCH,Month-to-month,36,97.35,Fiber optic,0.5798822542082318,Medium
6896-SRVYQ,Month-to-month,44,73.85,Fiber optic,0.5798409355967948,Medium
1066-JKSGK,Month-to-month,1,20.15,No,0.5796176543304764,Medium
1934-SJVJK,Month-to-month,1,20.15,No,0.5796176543304764,Medium
6862-CQUMB,Month-to-month,37,96.1,Fiber optic,0.5795361925124536,Medium
2720-FVBQP,Month-to-month,6,48.95,DSL,0.579521864516075,Medium
8073-IJDCM,Month-to-month,1,20.3,No,0.579233689691289,Medium
8647-SDTWQ,Month-to-month,57,74.3,Fiber optic,0.5790569376482547,Medium
0310-MVLET,Month-to-month,61,99.15,Fiber optic,0.5789183778834968,Medium
3148-BLQJT,Month-to-month,1,20.1,No,0.5787958659025914,Medium
7268-IGMFD,Month-to-month,18,93.9,Fiber optic,0.5787804059157861,Medium
0064-YIJGF,Month-to-month,27,75.75,Fiber optic,0.5785138667687876,Medium
3258-SANFR,Month-to-month,6,44.7,DSL,0.5783725338187883,Medium
1550-EENBN,Month-to-month,31,104.35,Fiber optic,0.5778905366829156,Medium
9170-CCKOU,Month-to-month,17,90.2,Fiber optic,0.5777440166195785,Medium
0666-UXTJO,Month-to-month,34,85.2,Fiber optic,0.5776836917619395,Medium
1213-NGCUN,Month-to-month,6,49.65,DSL,0.5774376525508711,Medium
2074-GUHPQ,Month-to-month,17,92.7,Fiber optic,0.5772360529478221,Medium
8974-OVACP,Month-to-month,1,20.15,No,0.5771385746992481,Medium
3808-HFKDE,Month-to-month,20,44.35,DSL,0.5769902690085672,Medium
7009-LGECI,Month-to-month,4,50.55,DSL,0.5767435842045191,Medium
6741-EGCBI,Month-to-month,30,90.5,Fiber optic,0.5765854275388799,Medium
5331-RGMTT,Month-to-month,54,99.05,Fiber optic,0.5763386925463135,Medium
4248-HCETZ,Month-to-month,30,79.65,Fiber optic,0.5762989823625535,Medium
5485-WUYWF,Month-to-month,2,66.4,DSL,0.5759624011228004,Medium
4829-AUOAX,Month-to-month,46,96.05,Fiber optic,0.5754111766727852,Medium
3466-RITXD,Month-to-month,26,92.4,Fiber optic,0.5752683846061607,Medium
1307-TVUFB,Month-to-month,42,79.35,Fiber optic,0.5752134280380777,Medium
8761-NSOBC,Month-to-month,44,100.55,Fiber optic,0.5750676227551577,Medium
3023-GFLBR,Month-to-month,33,86.15,Fiber optic,0.5748827660011162,Medium
0118-JPNOY,Month-to-month,26,85.8,Fiber optic,0.5748638848582099,Medium
1228-ZLNBX,Month-to-month,21,75.3,Fiber optic,0.5746856467793637,Medium
8749-CLJXC,Month-to-month,1,20.05,No,0.5746364978433373,Medium
3030-ZKIWL,Month-to-month,1,20.05,No,0.5746364978433373,Medium
7096-UCLNH,Month-to-month,1,20.05,No,0.5746364978433373,Medium
2373-NTKOD,Month-to-month,8,66.25,DSL,0.5746262950067927,Medium
4786-UKSNZ,Month-to-month,1,20.2,No,0.5745185715570641,Medium
6380-ARCEH,Month-to-month,1,20.2,No,0.5745185715570641,Medium
3247-MHJKM,Month-to-month,1,20.2,No,0.5745185715570641,Medium
8048-DSDFQ,Month-to-month,1,20.2,No,0.5745185715570641,Medium
6286-SUUWT,Month-to-month,1,19.95,No,0.5742603761267042,Medium
3685-YLCMQ,One year,58,104.65,Fiber optic,0.5742322731630009,Medium
4877-EVATK,Month-to-month,1,20.0,No,0.5739513112050566,Medium
7698-YFGEZ,Month-to-month,1,20.0,No,0.5739513112050566,Medium
8242-JSVBO,Month-to-month,7,44.65,DSL,0.573936590953557,Medium
6133-OZILE,Month-to-month,18,35.2,DSL,0.5738977950505956,Medium
6845-RGTYS,Month-to-month,47,98.75,Fiber optic,0.5737970228337661,Medium
4801-JZAZL,Month-to-month,11,29.6,DSL,0.5737731481461407,Medium
6711-VTNRE,Month-to-month,36,87.55,Fiber optic,0.5735857733644498,Medium
3683-QKIUE,Month-to-month,6,50.8,DSL,0.5735174946456422,Medium
7627-JKIAZ,Month-to-month,37,78.95,Fiber optic,0.5733778590725936,Medium
0643-OKLRP,Month-to-month,47,80.35,Fiber optic,0.5731412435466222,Medium
4468-YDOVK,Month-to-month,5,48.65,DSL,0.5731126688552124,Medium
0397-GZBBC,Month-to-month,59,93.85,Fiber optic,0.5726881993988235,Medium
9470-XCCEM,Month-to-month,35,89.65,Fiber optic,0.57268803263699,Medium
3791-LGQCY,Month-to-month,56,100.65,Fiber optic,0.5726246314042347,Medium
0516-WJVXC,Month-to-month,5,54.2,DSL,0.5725241675930323,Medium
3404-JNXAX,Month-to-month,51,80.75,Fiber optic,0.5720947526440102,Medium
9412-GHEEC,Month-to-month,40,104.8,Fiber optic,0.5720928491161043,Medium
3583-KRKMD,Month-to-month,18,75.9,Fiber optic,0.5720559202516791,Medium
4634-JLRJT,Month-to-month,1,20.35,No,0.5719091233250461,Medium
1791-PQHBB,Month-to-month,2,61.2,DSL,0.5717483682734885,Medium
7055-HNEOJ,Month-to-month,3,55.8,DSL,0.5716289437485098,Medium
1541-ETJZO,Month-to-month,1,62.05,DSL,0.5714420282179156,Medium
1842-EZJMK,Month-to-month,50,103.7,Fiber optic,0.5711069183120986,Medium
8158-WPEZG,Month-to-month,11,35.65,DSL,0.5710526243996054,Medium
1329-VHWNP,Month-to-month,7,25.05,DSL,0.5710143834814019,Medium
8344-WFMFH,Month-to-month,9,50.1,DSL,0.5709922019565872,Medium
7982-VCELR,Month-to-month,36,94.8,Fiber optic,0.5709375068755399,Medium
2043-WVTQJ,Month-to-month,1,55.7,DSL,0.5708013111017994,Medium
5312-UXESG,Month-to-month,41,98.05,Fiber optic,0.5707278991657259,Medium
4130-MZLCC,Month-to-month,5,50.55,DSL,0.5706831220009744,Medium
6967-QIQRV,One year,15,101.9,Fiber optic,0.5705969245111282,Medium
0468-YRPXN,Month-to-month,29,98.8,Fiber optic,0.5705455679476676,Medium
8775-CEBBJ,Month-to-month,9,44.2,DSL,0.5703958226241903,Medium
4088-YLDSU,One year,55,104.15,Fiber optic,0.5700923918510142,Medium
2465-BLLEU,Month-to-month,1,19.75,No,0.5696714567168222,Medium
4329-YPDDQ,Month-to-month,20,108.2,Fiber optic,0.5695040819852015,Medium
4588-YBNIB,Month-to-month,1,19.6,No,0.569277777476418,Medium
0461-CVKMU,Month-to-month,23,83.8,Fiber optic,0.5691644455346155,Medium
2037-XJFUP,One year,33,95.8,Fiber optic,0.5690112928369659,Medium
7207-RMRDB,Month-to-month,65,105.5,Fiber optic,0.5689137227699683,Medium
2842-BCQGE,Month-to-month,43,75.35,Fiber optic,0.568902260270185,Medium
0727-BMPLR,One year,55,100.0,Fiber optic,0.5686983700176209,Medium
7878-RTCZG,Month-to-month,1,19.9,No,0.5686962871435082,Medium
3900-AQPHZ,Month-to-month,1,19.9,No,0.5686962871435082,Medium
6654-QGBZZ,Month-to-month,1,19.9,No,0.5686962871435082,Medium
7011-CVEUC,Month-to-month,25,95.7,Fiber optic,0.5685713508047695,Medium
4526-ZJJTM,Month-to-month,25,88.4,Fiber optic,0.5682909910883196,Medium
2433-KMEAS,Month-to-month,22,54.45,DSL,0.5682661287608788,Medium
2869-ADAWR,Month-to-month,45,89.3,Fiber optic,0.568197917200731,Medium
0778-NELLA,Month-to-month,9,34.7,DSL,0.5676918551787605,Medium
1173-NOEYG,Month-to-month,27,90.15,Fiber optic,0.5675762478241053,Medium
4989-LIXVT,Month-to-month,68,95.9,Fiber optic,0.567366956558341,Medium
5028-HTLJB,Month-to-month,1,20.05,No,0.5671392383647078,Medium
9474-PHLYD,Month-to-month,15,59.45,DSL,0.5668608413396456,Medium
9626-VFRGG,Month-to-month,41,88.5,Fiber optic,0.5666233123319364,Medium
9206-GVPEQ,Month-to-month,13,54.45,DSL,0.5665118384830421,Medium
1518-VOWAV,Month-to-month,9,74.65,DSL,0.5664919253203029,Medium
1685-BQULA,Month-to-month,40,93.4,Fiber optic,0.5663511110105949,Medium
5371-VYLSX,Month-to-month,50,83.4,Fiber optic,0.5662681729592122,Medium
1323-OOEPC,Month-to-month,53,98.4,Fiber optic,0.5660579976666207,Medium
7147-AYBAA,Month-to-month,37,70.35,Fiber optic,0.5660103669242277,Medium
4323-SADQS,Month-to-month,7,34.5,DSL,0.5657701005410414,Medium
8388-FYNPZ,Month-to-month,4,56.75,DSL,0.5653329862787385,Medium
1442-BQPVU,Month-to-month,13,29.15,DSL,0.5649205684114207,Medium
6331-LWDTQ,Month-to-month,10,72.15,DSL,0.5646544837930043,Medium
6652-YFFJO,Month-to-month,11,64.9,DSL,0.5642563290957808,Medium
0089-IIQKO,Month-to-month,39,99.95,Fiber optic,0.5640538471059142,Medium
3787-TRIAL,Month-to-month,21,26.05,DSL,0.5639570903373342,Medium
6591-QGOYB,Month-to-month,17,106.65,Fiber optic,0.5639052115246274,Medium
7248-VZQLC,Month-to-month,47,85.2,Fiber optic,0.5638391297362945,Medium
3162-KKZXO,One year,55,100.15,Fiber optic,0.5636623178750525,Medium
7547-EKNFS,Month-to-month,42,95.25,Fiber optic,0.563628180929135,Medium
9921-QFQUL,Month-to-month,23,90.15,Fiber optic,0.5634922852086691,Medium
4883-QICIH,Month-to-month,32,69.75,Fiber optic,0.5633615404694233,Medium
4238-HFHSN,Month-to-month,61,82.15,Fiber optic,0.562921360219762,Medium
7989-CHGTL,Month-to-month,1,19.6,No,0.5629107831552087,Medium
2955-PSXOE,Month-to-month,1,20.2,No,0.5621255887374701,Medium
2309-OSFEU,Month-to-month,10,33.9,DSL,0.5619830710153108,Medium
2085-BOJKI,One year,17,96.65,Fiber optic,0.5615250292730527,Medium
8566-YPRGL,Month-to-month,1,19.5,No,0.5614890809995824,Medium
1622-HSHSF,Month-to-month,1,19.55,No,0.5614890809995824,Medium
1047-NNCBF,Month-to-month,20,70.55,Fiber optic,0.561479726818175,Medium
3192-LNKRK,Month-to-month,34,84.05,Fiber optic,0.5613802039106774,Medium
0730-KOAVE,Month-to-month,30,94.3,Fiber optic,0.5613654811946809,Medium
9812-GHVRI,Month-to-month,40,83.85,Fiber optic,0.5611220482183511,Medium
4391-LNRXK,Month-to-month,22,94.95,Fiber optic,0.5608265976139827,Medium
3069-SSVSN,One year,1,25.85,DSL,0.5608066691254029,Medium
1596-BBVTG,Month-to-month,35,75.35,Fiber optic,0.5606225865836844,Medium
6968-GMKPR,Month-to-month,55,81.55,Fiber optic,0.5605448730588336,Medium
0541-FITGH,Month-to-month,2,62.15,DSL,0.5603073384892344,Medium
4220-TINQT,Month-to-month,61,106.35,Fiber optic,0.5602713690021505,Medium
2081-KJSQF,Month-to-month,1,20.25,No,0.5601566678296316,Medium
8450-JOVAH,Month-to-month,2,56.7,DSL,0.5598644599218778,Medium
8782-LKFPK,Month-to-month,44,90.4,Fiber optic,0.5595183159284364,Medium
1230-QAJDW,Month-to-month,3,65.25,DSL,0.5593318136001906,Medium
6789-HJBWG,Month-to-month,12,49.4,DSL,0.5592801190256984,Medium
5445-GLVOT,Month-to-month,22,49.8,DSL,0.5587354838955969,Medium
0991-BRRFB,Month-to-month,18,49.4,DSL,0.558434228216968,Medium
0999-QXNSA,Month-to-month,7,45.75,DSL,0.5581742346503055,Medium
9767-FFLEM,Month-to-month,38,69.5,Fiber optic,0.5580616370827253,Medium
4256-ZWTZI,Month-to-month,5,51.0,DSL,0.5580194671044318,Medium
8387-MOJJT,Month-to-month,42,77.95,Fiber optic,0.5578098965494234,Medium
7481-ATQQS,Month-to-month,49,90.85,Fiber optic,0.5577393395416306,Medium
3323-CPBWR,Month-to-month,23,96.9,Fiber optic,0.557345461139759,Medium
5419-JKZNQ,Month-to-month,30,77.9,Fiber optic,0.557216602773463,Medium
6908-VVYHM,Month-to-month,65,90.65,Fiber optic,0.5568903355583675,Medium
9732-EQMWY,Month-to-month,49,99.4,Fiber optic,0.556605169495876,Medium
0807-ZABDG,Month-to-month,3,55.1,DSL,0.5562820597030931,Medium
6075-SLNIL,Month-to-month,38,95.1,Fiber optic,0.5562320225554164,Medium
3594-KADLU,Month-to-month,3,35.1,DSL,0.5555793211951449,Medium
7298-IZWLY,Month-to-month,1,19.4,No,0.5555777618712441,Medium
6825-UYPFK,Month-to-month,23,75.6,Fiber optic,0.5549516355019255,Medium
3956-CJUST,Month-to-month,23,75.4,Fiber optic,0.554914424088798,Medium
7587-AOVVU,Month-to-month,27,100.75,Fiber optic,0.5545026106711661,Medium
3161-GETRM,Month-to-month,34,90.05,Fiber optic,0.554443219691122,Medium
5816-QVHRX,Month-to-month,37,100.3,Fiber optic,0.554336101476951,Medium
3164-AALRN,One year,5,70.0,DSL,0.5543152912266599,Medium
2014-MKGMH,One year,46,101.1,Fiber optic,0.5539755262720458,Medium
9708-HPXWZ,Month-to-month,5,45.4,DSL,0.5539036048994174,Medium
3137-LUPIX,Month-to-month,4,64.4,DSL,0.5537097092654679,Medium
4760-THGOT,Month-to-month,43,94.1,Fiber optic,0.5535325285950171,Medium
4905-JEFDW,One year,11,41.6,DSL,0.5532455489609206,Medium
7813-ZGGAW,Month-to-month,31,96.6,Fiber optic,0.5531458642577511,Medium
1135-LMECX,Month-to-month,1,19.85,No,0.5529111635353801,Medium
5977-CKHON,Month-to-month,43,92.55,Fiber optic,0.5527458662879917,Medium
7421-ZLUPA,Month-to-month,8,29.25,DSL,0.5526851264214412,Medium
2573-GYRUU,Month-to-month,48,91.05,Fiber optic,0.5526219516537338,Medium
9753-OYLBX,Month-to-month,1,20.5,No,0.5525508683804933,Medium
2002-MZHWP,Month-to-month,1,20.5,No,0.5525508683804933,Medium
5906-BFOZT,Month-to-month,1,19.5,No,0.5524827227423568,Medium
0257-ZESQC,Month-to-month,27,75.2,Fiber optic,0.5522747634504399,Medium
3014-WJKSM,Month-to-month,29,75.3,Fiber optic,0.5522496497261851,Medium
6233-HXJMX,Month-to-month,45,89.3,Fiber optic,0.5521474841256868,Medium
2359-KLTEK,Month-to-month,41,94.9,Fiber optic,0.5521420069871289,Medium
4931-TRZWN,Month-to-month,13,71.95,DSL,0.5521186484121358,Medium
4566-GOLUK,Month-to-month,47,107.35,Fiber optic,0.5517008387136114,Medium
8887-IPQNC,Month-to-month,7,44.25,DSL,0.5515221382452492,Medium
7279-BUYWN,Month-to-month,41,113.2,Fiber optic,0.5513849059244798,Medium
0596-BQCEQ,Month-to-month,62,100.15,Fiber optic,0.5511006815208923,Medium
7993-NQLJE,Month-to-month,15,75.1,Fiber optic,0.551067355422006,Medium
1550-LOAHA,Month-to-month,32,84.15,Fiber optic,0.5509694866807717,Medium
3194-ORPIK,Month-to-month,50,84.4,Fiber optic,0.5507231463337857,Medium
6769-DYBQN,Month-to-month,46,85.0,Fiber optic,0.5507025554496635,Medium
4720-VSTSI,Month-to-month,44,84.8,Fiber optic,0.5505732095318965,Medium
3930-ZGWVE,Month-to-month,1,19.75,No,0.550566641402756,Medium
7239-HZZCX,Month-to-month,1,19.75,No,0.550566641402756,Medium
3780-YVMFA,Month-to-month,8,68.55,DSL,0.5505386838992592,Medium
2592-YKDIF,Month-to-month,1,20.35,No,0.5504420019958876,Medium
4811-JBUVU,Month-to-month,30,89.9,Fiber optic,0.5503093951392106,Medium
1320-REHCS,Month-to-month,52,110.75,Fiber optic,0.5502951470318881,Medium
2480-JZOSN,Month-to-month,1,20.65,No,0.5502107802927972,Medium
1025-FALIX,Month-to-month,26,69.05,Fiber optic,0.5501139395732603,Medium
4892-VLANZ,Month-to-month,1,19.8,No,0.5500034993711578,Medium
4522-AKYLR,Month-to-month,13,54.8,DSL,0.5499639029530529,Medium
0080-OROZO,One year,35,99.25,Fiber optic,0.5499081586855123,Medium
0212-ISBBF,Month-to-month,22,50.35,DSL,0.5498065315813317,Medium
8178-EYZUO,Month-to-month,46,93.7,Fiber optic,0.549586921905351,Medium
8468-EHYJA,Month-to-month,57,99.65,Fiber optic,0.5494613205666545,Medium
8096-LOIST,Month-to-month,19,56.2,DSL,0.5493317442172576,Medium
0426-TIRNE,Month-to-month,1,20.9,No,0.5491994869930973,Medium
7434-SHXLS,Month-to-month,1,20.9,No,0.5491994869930973,Medium
7243-LCGGZ,Month-to-month,1,20.9,No,0.5491994869930973,Medium
9469-WEJBT,Month-to-month,37,90.35,Fiber optic,0.5490228111929969,Medium
4257-GAESD,Month-to-month,6,45.0,DSL,0.5487211956877276,Medium
5934-TSSAU,Month-to-month,23,75.3,Fiber optic,0.5485561164340269,Medium
6218-KNUBD,Month-to-month,6,59.45,DSL,0.5483430994696433,Medium
0420-BWTPW,Month-to-month,8,25.5,DSL,0.5482432966695744,Medium
6124-ACRHJ,Month-to-month,1,19.75,No,0.5481071285876842,Medium
6615-ZGEDR,Month-to-month,1,19.7,No,0.547908566291461,Medium
1963-VAUKV,Month-to-month,1,20.4,No,0.5479084834387691,Medium
3727-JEZTU,Month-to-month,1,20.4,No,0.5479084834387691,Medium
8267-ZNYVZ,One year,33,103.75,Fiber optic,0.5478796883145656,Medium
1373-ORVIZ,Month-to-month,11,66.35,DSL,0.5477525856942775,Medium
5600-PDUJF,Month-to-month,6,49.5,DSL,0.5476453051006089,Medium
6121-VZNQB,Month-to-month,1,19.1,No,0.5475842718679447,Medium
2834-SPCJV,Month-to-month,52,84.1,Fiber optic,0.5474445469166508,Medium
8262-COGGB,Month-to-month,1,20.45,No,0.5474355378505926,Medium
5996-DAOQL,Month-to-month,1,20.45,No,0.5474355378505926,Medium
5213-TWWJU,Month-to-month,28,91.0,Fiber optic,0.5474142068221342,Medium
4657-FWVFY,Month-to-month,40,96.35,Fiber optic,0.5473942759389319,Medium
6982-UQZLY,Month-to-month,1,20.85,No,0.5472739993161556,Medium
1728-CXQBE,Month-to-month,64,94.25,Fiber optic,0.5472507159657969,Medium
3589-PPVKW,Month-to-month,9,44.4,DSL,0.5472501565345828,Medium
8205-MQUGY,Month-to-month,12,49.2,DSL,0.5470789266509569,Medium
2971-SGAFL,Month-to-month,13,78.75,DSL,0.5470089767970254,Medium
7346-MEDWM,Month-to-month,59,83.25,Fiber optic,0.5469755440594071,Medium
3005-TYFRD,Month-to-month,55,103.65,Fiber optic,0.5468819733574661,Medium
5402-HTOTQ,Month-to-month,16,55.3,DSL,0.5467462290259788,Medium
5394-SVGJV,Month-to-month,37,98.8,Fiber optic,0.5464993672806036,Medium
8203-XJZRC,Month-to-month,1,20.25,No,0.546327224851916,Medium
4211-MMAZN,Month-to-month,1,20.25,No,0.546327224851916,Medium
7133-VBDCG,Month-to-month,25,79.85,Fiber optic,0.5460846801875022,Medium
3349-ANQNH,One year,59,99.5,Fiber optic,0.5459366061080967,Medium
6986-IJDHX,Month-to-month,39,86.3,Fiber optic,0.5457937036911304,Medium
0668-OGMHD,Month-to-month,21,28.5,DSL,0.545725662088997,Medium
2761-XECQW,Month-to-month,8,43.35,DSL,0.5454949738396736,Medium
1493-AMTIE,Month-to-month,1,20.2,No,0.5454592670234657,Medium
9210-IAHGH,Month-to-month,7,70.75,DSL,0.5450880355638474,Medium
3814-MLAXC,Month-to-month,31,79.85,Fiber optic,0.544405382724143,Medium
8123-QBNAZ,Month-to-month,36,104.5,Fiber optic,0.5442422525823852,Medium
5624-BQSSA,Month-to-month,1,20.95,No,0.5442249959306154,Medium
3976-BWUCK,Month-to-month,30,94.1,Fiber optic,0.5442157966812624,Medium
6538-POCHL,Month-to-month,33,79.0,Fiber optic,0.5441780198143537,Medium
7351-KYHQH,Month-to-month,7,64.95,DSL,0.5441443674378357,Medium
7551-DACSP,Month-to-month,6,55.3,DSL,0.5438175188012893,Medium
9909-IDLEK,Month-to-month,20,96.8,Fiber optic,0.5434305523039655,Medium
4452-QIIEB,Month-to-month,7,43.9,DSL,0.5433781707223503,Medium
8725-JEDFD,Month-to-month,27,69.05,Fiber optic,0.5432550405389003,Medium
8910-LEDAG,Month-to-month,34,71.55,Fiber optic,0.5432087912883377,Medium
9356-AXGMP,One year,38,110.7,Fiber optic,0.5431802360512935,Medium
8404-FYDIB,Month-to-month,26,86.65,Fiber optic,0.5431198150588142,Medium
5016-ETTFF,Month-to-month,10,29.5,DSL,0.5431196078765045,Medium
7850-VWJUU,Month-to-month,23,75.0,Fiber optic,0.5430368840051046,Medium
9122-UMROB,Month-to-month,1,20.3,No,0.5429824575384304,Medium
2676-ISHSF,Month-to-month,1,20.3,No,0.5429824575384304,Medium
4724-WXVWF,Month-to-month,48,95.4,Fiber optic,0.54295545714912,Medium
9667-EQRXU,Month-to-month,30,40.3,DSL,0.54283652752146,Medium
4667-OHGKG,Month-to-month,1,19.3,No,0.542789674943014,Medium
2240-HSJQD,Month-to-month,38,81.85,Fiber optic,0.5427777373095075,Medium
7075-BNDVQ,Month-to-month,4,35.0,DSL,0.5425574824435799,Medium
3580-REOAC,Month-to-month,10,44.85,DSL,0.5422893145094893,Medium
7554-AKDQF,Month-to-month,6,45.65,DSL,0.5422038552364645,Medium
7798-JVXYM,Month-to-month,14,69.65,DSL,0.5421087845443427,Medium
7975-TZMLR,One year,47,103.1,Fiber optic,0.541902109530575,Medium
0786-VSSUD,Month-to-month,16,39.0,DSL,0.541376019282822,Medium
2003-CKLOR,Month-to-month,66,99.5,Fiber optic,0.541254726319593,Medium
6771-XWBDM,Month-to-month,57,104.5,Fiber optic,0.5410974063088968,Medium
3604-WLABM,Month-to-month,10,54.25,DSL,0.5410323752576389,Medium
1849-RJYIG,Month-to-month,8,60.0,DSL,0.5408887814261909,Medium
6141-OOXUQ,Month-to-month,1,19.65,No,0.5406800185703469,Medium
3785-NRHYR,Month-to-month,1,19.65,No,0.5406800185703469,Medium
3509-GWQGF,Month-to-month,24,70.0,Fiber optic,0.5406462262644368,Medium
3009-JWMPU,One year,62,96.75,Fiber optic,0.5405351470694318,Medium
2452-KDRRH,Month-to-month,67,101.4,Fiber optic,0.5404838621470187,Medium
4439-YRNVD,Month-to-month,10,36.25,DSL,0.5404489722681263,Medium
4881-JVQOD,Month-to-month,10,34.55,DSL,0.5402628002771901,Medium
1855-AGAWH,One year,31,93.8,Fiber optic,0.5402011641357675,Medium
4619-EVPHY,One year,20,91.0,Fiber optic,0.5401622814915478,Medium
1956-YIFGE,One year,22,100.05,Fiber optic,0.5401054502965846,Medium
6243-OZGFH,Month-to-month,23,44.95,DSL,0.5401045314803028,Medium
4554-YGZIH,Month-to-month,49,90.05,Fiber optic,0.5400059511781929,Medium
0129-KPTWJ,Month-to-month,72,94.65,Fiber optic,0.5396321449829422,Medium
2654-VBVPB,Month-to-month,1,19.9,No,0.5396077997704093,Medium
4831-EOBFE,Month-to-month,29,94.65,Fiber optic,0.539554075092451,Medium
6143-JQKEA,Month-to-month,10,45.8,DSL,0.5393298322893931,Medium
6234-PFPXL,Month-to-month,22,95.9,Fiber optic,0.5388513750979863,Medium
5816-SCGFC,Month-to-month,7,51.3,DSL,0.5387793358822075,Medium
0811-GSDTP,Month-to-month,13,30.15,DSL,0.53858498978048,Medium
9318-NKNFC,Month-to-month,1,18.85,No,0.5385617669652816,Medium
0970-QXPXW,Month-to-month,1,19.65,No,0.538403495792046,Medium
7721-DVEKZ,Month-to-month,1,19.65,No,0.538403495792046,Medium
8329-IBCTI,Month-to-month,1,19.65,No,0.538403495792046,Medium
3452-SRFEG,Month-to-month,49,74.6,Fiber optic,0.5379725479026397,Medium
3590-TCXTB,Month-to-month,1,20.35,No,0.5378675730806867,Medium
2219-MVUSO,Month-to-month,8,45.15,DSL,0.5377997792569928,Medium
4250-FDVOU,Month-to-month,6,56.25,DSL,0.5375098939359906,Medium
8963-JLGJT,Month-to-month,3,55.9,DSL,0.5373468645451575,Medium
4307-KWMXE,Month-to-month,10,35.75,DSL,0.5373179540717777,Medium
2479-BRAMR,Month-to-month,41,83.75,Fiber optic,0.5372384898405167,Medium
8982-NHAVY,One year,27,100.5,Fiber optic,0.5370237271818055,Medium
8679-JOEVF,Month-to-month,16,59.4,DSL,0.5369903952135582,Medium
4745-LSPLO,Month-to-month,1,20.5,No,0.5368157508690522,Medium
2115-BFTIW,Month-to-month,25,70.95,Fiber optic,0.5365997369415664,Medium
9710-ZUSHQ,Month-to-month,37,106.75,Fiber optic,0.5362900967989989,Medium
3143-ILDAL,Month-to-month,56,94.45,Fiber optic,0.5359043481506643,Medium
0327-WFZSY,One year,39,100.0,Fiber optic,0.535900393821884,Medium
3976-NLDEZ,Month-to-month,1,20.6,No,0.5357657495407784,Medium
5049-GLYVG,Month-to-month,1,20.6,No,0.5357657495407784,Medium
2585-KTFRE,Month-to-month,1,70.45,DSL,0.5356503751134809,Medium
4098-NAUKP,Month-to-month,68,84.65,Fiber optic,0.5355859241070795,Medium
1113-IUJYX,One year,14,105.95,Fiber optic,0.53556827349994,Medium
2386-OWURY,Month-to-month,58,95.3,Fiber optic,0.5354103447565333,Medium
7905-TVXTA,Month-to-month,5,64.35,DSL,0.5352862433296519,Medium
5973-EJGDP,Month-to-month,51,87.35,Fiber optic,0.5351520540753867,Medium
4647-XXZAM,Month-to-month,6,45.5,DSL,0.5351495073272433,Medium
2812-SFXMJ,Month-to-month,1,20.05,No,0.5350792452696945,Medium
0486-HECZI,Month-to-month,55,96.75,Fiber optic,0.5350648869742992,Medium
0799-DDIHE,Month-to-month,15,46.3,DSL,0.534644556874922,Medium
7077-XJMET,Month-to-month,12,74.15,DSL,0.5346348426916225,Medium
9029-FEGVJ,Month-to-month,32,79.3,Fiber optic,0.5344410904283964,Medium
9408-HRXRK,Month-to-month,45,105.15,Fiber optic,0.5343307022654457,Medium
9495-SKLKD,Month-to-month,45,95.95,Fiber optic,0.5342010436337754,Medium
3714-JTVOV,Month-to-month,42,74.15,Fiber optic,0.5341787243062199,Medium
4012-ZTHBR,Month-to-month,21,44.95,DSL,0.5340852755593432,Medium
2139-FQHLM,Month-to-month,19,89.95,Fiber optic,0.5340777600988436,Medium
6579-JPICP,Month-to-month,1,20.4,No,0.533987436799474,Medium
6486-LHTMA,One year,31,90.7,Fiber optic,0.5338040194568741,Medium
9842-EFSYY,Month-to-month,4,57.2,DSL,0.5337676255222008,Medium
2403-BCASL,One year,41,111.95,Fiber optic,0.5337029607754221,Medium
6173-GOLSU,Month-to-month,67,94.65,Fiber optic,0.5334963555389962,Medium
3694-DELSO,Month-to-month,4,38.55,DSL,0.5334287992060788,Medium
5099-BAILX,Month-to-month,43,110.75,Fiber optic,0.533366050318579,Medium
3842-QTGDL,Month-to-month,16,80.75,Fiber optic,0.533309514096608,Medium
3058-WQDRE,Month-to-month,13,25.15,DSL,0.5332870052952637,Medium
2208-NQBCT,Month-to-month,26,81.95,Fiber optic,0.5329748207175738,Medium
7272-QDCKA,One year,28,100.2,Fiber optic,0.5327748599991567,Medium
1548-ARAGG,Month-to-month,4,58.5,DSL,0.5326675853635301,Medium
7594-LZNWR,Month-to-month,34,69.15,Fiber optic,0.5326664614298391,Medium
1349-WXNGG,Month-to-month,1,20.05,No,0.532606803095888,Medium
4636-JGAAI,Month-to-month,34,88.85,Fiber optic,0.532581430265625,Medium
7814-LEEVE,Month-to-month,1,20.3,No,0.5325570587409264,Medium
7551-JOHTI,Month-to-month,1,19.5,No,0.532545431844058,Medium
1905-OEILC,Month-to-month,1,19.5,No,0.532545431844058,Medium
2207-QPJED,Month-to-month,37,90.0,Fiber optic,0.5325442531384899,Medium
9962-BFPDU,Month-to-month,1,20.05,No,0.5325391493307009,Medium
7601-WFVZV,Month-to-month,1,19.55,No,0.5324968331059239,Medium
1029-QFBEN,Month-to-month,1,19.55,No,0.5324968331059239,Medium
0673-IGUQO,Month-to-month,1,20.45,No,0.5324389269587378,Medium
2668-TZSPS,Month-to-month,1,20.45,No,0.5324389269587378,Medium
1041-RXHRA,Month-to-month,41,70.25,Fiber optic,0.5324145070696732,Medium
8651-ENBZX,One year,60,106.0,Fiber optic,0.5323755653530197,Medium
8033-VCZGH,One year,50,103.95,Fiber optic,0.5322698978735396,Medium
2866-IKBTM,Month-to-month,1,19.55,No,0.5319555087222574,Medium
8605-ITULD,Month-to-month,1,19.55,No,0.5319555087222574,Medium
6173-ITPWD,Month-to-month,47,83.35,Fiber optic,0.5319294164827013,Medium
1644-IRKSF,One year,33,93.8,Fiber optic,0.5315175692570467,Medium
1208-NBVFH,Month-to-month,20,49.6,DSL,0.5312881385277224,Medium
6351-SCJKT,Month-to-month,3,41.35,DSL,0.5309930541071078,Medium
0422-UXFAP,One year,51,98.85,Fiber optic,0.5309514358340991,Medium
3815-SLMEF,Month-to-month,3,34.25,DSL,0.5309332980600375,Medium
1427-VERSM,Month-to-month,56,98.7,Fiber optic,0.5305047683695883,Medium
4013-GUXND,Month-to-month,1,20.8,No,0.5303384574756564,Medium
4255-DDUOU,Month-to-month,1,20.5,No,0.5302893736707289,Medium
1996-DBMUS,Month-to-month,48,70.65,Fiber optic,0.530141521300997,Medium
7929-DMBCV,Month-to-month,20,81.0,Fiber optic,0.5301084970567651,Medium
7310-EGVHZ,Month-to-month,1,20.2,No,0.5301069465525136,Medium
6635-CPNUN,Month-to-month,28,96.6,Fiber optic,0.5300885963681667,Medium
4640-UHDOS,Month-to-month,13,55.95,DSL,0.5298421276917267,Medium
6921-OZMFH,Month-to-month,5,55.7,DSL,0.5298075372879751,Medium
9777-WJJPR,Month-to-month,31,88.65,Fiber optic,0.5297907903479855,Medium
2931-FSOHN,Month-to-month,13,59.9,DSL,0.5295620943687247,Medium
5118-MUEYH,Month-to-month,48,105.1,Fiber optic,0.5295472923904637,Medium
1907-YLNYW,Month-to-month,8,66.7,DSL,0.5292557000967263,Medium
9163-GHAYE,Month-to-month,15,48.85,DSL,0.5290000913311897,Medium
8229-MYEJZ,Month-to-month,10,51.2,DSL,0.5289081084164035,Medium
0943-ZQPXH,Month-to-month,44,92.95,Fiber optic,0.5286702173216798,Medium
3571-RFHAR,Month-to-month,65,109.15,Fiber optic,0.5282054713423763,Medium
9327-QSDED,Month-to-month,8,43.55,DSL,0.5280241266759901,Medium
2100-BDNSN,Month-to-month,5,67.95,DSL,0.5280101728594979,Medium
2040-VZIKE,Month-to-month,49,100.85,Fiber optic,0.527857244381507,Medium
6625-UTXEW,Month-to-month,12,51.25,DSL,0.5276994523050873,Medium
2075-RMJIK,Month-to-month,5,49.4,DSL,0.52769259191694,Medium
3898-GUYTS,Month-to-month,45,97.05,Fiber optic,0.5276277209574621,Medium
9681-KYGYB,Month-to-month,49,88.2,Fiber optic,0.5275761188824959,Medium
9822-WMWVG,Month-to-month,41,106.5,Fiber optic,0.5274808001632036,Medium
5515-RUGKN,Month-to-month,8,54.75,DSL,0.527348820274761,Medium
3522-CDKHF,Month-to-month,32,75.5,Fiber optic,0.5272900957131872,Medium
8393-JMVMB,Month-to-month,1,19.45,No,0.5270229660002577,Medium
7064-FRRSW,One year,48,99.0,Fiber optic,0.5267421775510917,Medium
4282-ACRXS,Month-to-month,38,24.85,DSL,0.5265065650338991,Medium
4080-OGPJL,Month-to-month,8,71.15,DSL,0.5265056312466592,Medium
6624-JDRDS,Month-to-month,6,29.45,DSL,0.5259479212449782,Medium
9415-TPKRV,Month-to-month,8,55.75,DSL,0.5258728194640664,Medium
0380-NEAVX,One year,34,99.85,Fiber optic,0.5257702481356444,Medium
7596-LDUXP,One year,12,85.15,Fiber optic,0.5253775434775608,Medium
1803-BGNBD,Month-to-month,12,54.3,DSL,0.5253297480906092,Medium
0734-OXWBT,Month-to-month,3,70.7,DSL,0.5249705601995466,Medium
3090-LETTY,Month-to-month,2,60.95,DSL,0.5248744599549734,Medium
1930-WNXSB,Month-to-month,58,92.85,Fiber optic,0.5246673359372819,Medium
4191-XOVOM,Month-to-month,63,105.4,Fiber optic,0.5242916752663618,Medium
5886-VLQVU,Month-to-month,35,89.85,Fiber optic,0.524170321265606,Medium
6168-YBYNP,Month-to-month,59,111.35,Fiber optic,0.5241592854622205,Medium
5766-ZJYBB,Month-to-month,1,19.4,No,0.5239353245559527,Medium
1432-FPAXX,Month-to-month,29,30.6,DSL,0.5238774346172687,Medium
7470-MCQTK,Month-to-month,13,48.75,DSL,0.523813010153694,Medium
2587-EKXTS,Month-to-month,44,111.5,Fiber optic,0.5237622165126652,Medium
5076-YVXCM,Month-to-month,51,83.4,Fiber optic,0.5237102967664826,Medium
2826-DXLQO,Month-to-month,7,29.8,DSL,0.5231056420552004,Medium
1098-TDVUQ,Month-to-month,1,19.25,No,0.5229461397863062,Medium
5515-IDEJJ,Month-to-month,1,19.9,No,0.5227853378372477,Medium
2360-RDGRO,Month-to-month,65,104.25,Fiber optic,0.5226823524962296,Medium
5671-UUNXD,One year,50,100.65,Fiber optic,0.5224824664043518,Medium
1169-WCVAK,Month-to-month,19,88.8,Fiber optic,0.5224647658881134,Medium
6599-GZWCM,One year,13,74.65,Fiber optic,0.5224545141521508,Medium
7291-CDTMJ,Month-to-month,1,19.65,No,0.5223973836990854,Medium
7176-WIONM,Month-to-month,12,49.85,DSL,0.522345338187232,Medium
9375-MHRRS,Month-to-month,6,50.05,DSL,0.5217505281385632,Medium
0708-LGSMF,Month-to-month,13,65.85,DSL,0.5213189076890434,Medium
7742-MYPGI,Month-to-month,6,48.8,DSL,0.5211550259188957,Medium
5149-TGWDZ,One year,21,104.55,Fiber optic,0.5210152131490162,Medium
0260-ZDLGK,Month-to-month,9,72.9,DSL,0.5209144006892411,Medium
4320-QMLLA,Month-to-month,7,54.85,DSL,0.5207973892498834,Medium
5173-WXOQV,Month-to-month,2,64.2,DSL,0.5205836047501449,Medium
5172-MIGPM,Month-to-month,4,65.55,DSL,0.5205004811451434,Medium
8967-SZQAS,Month-to-month,14,50.45,DSL,0.520427550031918,Medium
3838-OZURD,Month-to-month,66,105.0,Fiber optic,0.5203267690598709,Medium
2455-USLMV,Month-to-month,31,84.75,Fiber optic,0.5203114280743606,Medium
2378-HTWFW,Month-to-month,35,91.0,Fiber optic,0.5199533408777739,Medium
4993-JCRGJ,Month-to-month,26,84.3,Fiber optic,0.5199368743351521,Medium
5868-YTYKS,Month-to-month,1,20.25,No,0.5199140211121823,Medium
6360-SVNWV,Month-to-month,31,73.55,Fiber optic,0.5196736631031288,Medium
9137-UIYPG,Month-to-month,35,106.9,Fiber optic,0.5194855497935061,Medium
0843-WTBXE,Month-to-month,53,85.45,Fiber optic,0.5192583606183588,Medium
2770-NSVDG,Month-to-month,24,29.1,DSL,0.5190983138010454,Medium
8751-EDEKA,Month-to-month,28,89.9,Fiber optic,0.5188546554675612,Medium
7636-OWBPG,Month-to-month,12,29.35,DSL,0.5188456920685001,Medium
6745-JEFZB,Month-to-month,35,91.5,Fiber optic,0.5188011309923892,Medium
1089-HDMKP,Month-to-month,11,54.55,DSL,0.5186647510506887,Medium
2669-QVCRG,Month-to-month,41,81.3,Fiber optic,0.5186001414697423,Medium
8985-OOPOS,One year,1,74.1,DSL,0.5185959790759299,Medium
8108-UXRQN,Month-to-month,11,50.55,DSL,0.5185306181172004,Medium
8976-OQHGT,Month-to-month,4,56.5,DSL,0.5184555192997361,Medium
4291-HPAXL,Month-to-month,1,19.85,No,0.5182285061972214,Medium
3030-YZADT,Month-to-month,9,44.95,DSL,0.5180041636626527,Medium
0924-BJCRC,Month-to-month,60,89.45,Fiber optic,0.5179256129857124,Medium
4718-DHSMV,Month-to-month,11,35.8,DSL,0.517751388464624,Medium
2519-LBNQL,One year,60,104.35,Fiber optic,0.517731907673706,Medium
8740-XLHDR,Month-to-month,5,43.25,DSL,0.5177237144957357,Medium
1357-BIJKI,One year,50,98.25,Fiber optic,0.5174605628667549,Medium
1600-DILPE,Month-to-month,12,45.0,DSL,0.5174099236216746,Medium
1725-MIMXW,Month-to-month,1,19.45,No,0.5174062783370368,Medium
3803-KMQFW,Month-to-month,1,20.55,No,0.5172771417834682,Medium
2105-PHWON,Month-to-month,33,95.0,Fiber optic,0.5170946576611181,Medium
6847-KJLTS,Month-to-month,58,100.4,Fiber optic,0.5167651546485061,Medium
9629-NHXFW,Month-to-month,1,19.4,No,0.5165232260852891,Medium
1596-OQSPS,Month-to-month,11,51.1,DSL,0.5164737784195517,Medium
9919-YLNNG,Month-to-month,42,103.8,Fiber optic,0.5163925443252189,Medium
2272-UOINI,Month-to-month,7,78.5,DSL,0.5161184989224508,Medium
7302-ZHMHP,Month-to-month,1,19.15,No,0.5157245477392864,Medium
6569-KTMDU,Month-to-month,1,19.1,No,0.5157245477392864,Medium
0867-LDTTC,Month-to-month,5,75.15,DSL,0.5151573820935792,Medium
8535-SFUTN,Month-to-month,61,106.45,Fiber optic,0.514958754572233,Medium
6815-ABQFQ,One year,56,107.25,Fiber optic,0.5149169454491801,Medium
1261-FWTTE,Month-to-month,23,34.65,DSL,0.5147974554760526,Medium
6946-LMSQS,One year,25,89.05,Fiber optic,0.5147937924501793,Medium
6849-WLEYG,Month-to-month,1,19.75,No,0.5147198416860989,Medium
2632-UCGVD,Month-to-month,66,100.05,Fiber optic,0.5142427472072283,Medium
1304-BCCFO,Month-to-month,9,70.05,DSL,0.5141840926645987,Medium
2436-QBZFP,Month-to-month,22,39.2,DSL,0.514058049376399,Medium
9578-VRMNM,Month-to-month,16,65.2,DSL,0.5140337529707715,Medium
7957-RYHQD,Month-to-month,40,79.2,Fiber optic,0.5140128475852489,Medium
0419-YAAPX,Month-to-month,49,85.3,Fiber optic,0.5139621865767006,Medium
2382-BCKQJ,One year,62,100.15,Fiber optic,0.5138826443751052,Medium
5018-GWURO,Month-to-month,56,85.6,Fiber optic,0.5138308263961862,Medium
9975-SKRNR,Month-to-month,1,18.9,No,0.5136837470403337,Medium
1663-MHLHE,Month-to-month,1,19.2,No,0.5136837470403337,Medium
1015-OWJKI,Month-to-month,1,19.05,No,0.5136837470403337,Medium
9441-QHEVC,Month-to-month,1,19.1,No,0.5136837470403337,Medium
0618-XWMSS,Month-to-month,28,74.9,Fiber optic,0.5130366901808192,Medium
2957-LOLHO,Month-to-month,12,45.4,DSL,0.5122300696595912,Medium
6288-LBEAR,Month-to-month,23,79.1,Fiber optic,0.5122241796603966,Medium
4937-QPZPO,One year,61,99.9,Fiber optic,0.5120915756763155,Medium
6985-HAYWX,Month-to-month,26,79.3,Fiber optic,0.5116700174626833,Medium
3043-TYBNO,Month-to-month,3,60.65,DSL,0.5110731829336633,Medium
4628-WQCQQ,One year,35,85.15,Fiber optic,0.5108901981343201,Medium
3717-OFRTN,Month-to-month,1,19.75,No,0.5108823409046058,Medium
1564-HJUVY,Month-to-month,4,63.75,DSL,0.5104750221330816,Medium
2684-EIWEO,Month-to-month,30,91.7,Fiber optic,0.5101082429436623,Medium
5697-GOMBF,Month-to-month,28,35.9,DSL,0.5098269964093792,Medium
7356-IWLFW,Month-to-month,46,80.0,Fiber optic,0.5097410235376957,Medium
9921-EZKBY,Month-to-month,33,95.3,Fiber optic,0.5097153237422837,Medium
1423-BMPBQ,Month-to-month,1,19.0,No,0.509695836091011,Medium
5035-PGZXH,One year,56,106.8,Fiber optic,0.5096002729977123,Medium
1724-IQWNM,Month-to-month,1,19.3,No,0.5095584721804923,Medium
2153-MREFK,One year,37,99.2,Fiber optic,0.5094281472835546,Medium
6128-AQBMT,Month-to-month,41,53.95,DSL,0.509388591867946,Medium
3692-JHONH,One year,52,106.5,Fiber optic,0.5093649079747251,Medium
0177-PXBAT,Month-to-month,33,109.9,Fiber optic,0.5092276490136202,Medium
2669-OIDSD,Month-to-month,48,100.05,Fiber optic,0.5092162713712844,Medium
3132-TVFDZ,Month-to-month,57,44.85,DSL,0.5088397500686971,Medium
8455-HIRAQ,Month-to-month,8,44.45,DSL,0.5087602398903015,Medium
1174-FGIFN,One year,28,90.45,Fiber optic,0.5085742480605813,Medium
1559-DTODC,Month-to-month,19,25.15,DSL,0.5084109463828306,Medium
3688-FTHLT,Month-to-month,16,63.05,DSL,0.5080829860597798,Medium
0836-SEYLU,Month-to-month,9,40.65,DSL,0.5080797094325088,Medium
4826-TZEVA,Month-to-month,40,74.8,Fiber optic,0.5080751817535152,Medium
6646-QVXLR,One year,62,103.75,Fiber optic,0.5078687200325533,Medium
7611-YKYTC,Month-to-month,22,75.0,Fiber optic,0.5077537034106275,Medium
6537-OTKMY,One year,15,50.75,DSL,0.5077202937751207,Medium
6559-RAKOZ,One year,49,97.95,Fiber optic,0.5076842817477494,Medium
2346-DJQTB,Month-to-month,35,24.15,DSL,0.50748731063722,Medium
4781-ZXYGU,Month-to-month,1,20.15,No,0.5074228920763332,Medium
4001-TSBTV,Month-to-month,58,91.55,Fiber optic,0.5074095251924895,Medium
1587-FKLZB,Month-to-month,66,99.5,Fiber optic,0.5070016692034994,Medium
3511-APPBJ,One year,23,99.95,Fiber optic,0.5061590696378236,Medium
0617-FHSGK,Month-to-month,49,75.2,Fiber optic,0.5061268638983222,Medium
4983-CLMLV,Month-to-month,52,102.7,Fiber optic,0.5059729350988499,Medium
3567-PQTSO,One year,53,105.25,Fiber optic,0.5058463515814704,Medium
3308-MHOOC,Month-to-month,1,19.2,No,0.5057630654128105,Medium
9821-BESNZ,One year,66,104.25,Fiber optic,0.505655424289391,Medium
7128-GGCNO,Month-to-month,46,72.8,Fiber optic,0.5054865676395891,Medium
2883-ILGWO,Month-to-month,57,104.9,Fiber optic,0.5054104182994003,Medium
1552-AAGRX,Month-to-month,30,106.4,Fiber optic,0.5051648251799338,Medium
3707-LRWZD,One year,32,84.05,Fiber optic,0.5051642408327381,Medium
1732-VHUBQ,Month-to-month,47,70.55,Fiber optic,0.5050498562738746,Medium
5686-CMAWK,One year,17,86.75,Fiber optic,0.5045691057190168,Medium
1862-SKORY,Month-to-month,40,39.3,DSL,0.5044223308402874,Medium
6572-ADKRS,Month-to-month,46,74.8,Fiber optic,0.5043288832094459,Medium
9278-VZKCD,Month-to-month,52,109.1,Fiber optic,0.5042669363125608,Medium
8749-JMNKX,Month-to-month,51,93.8,Fiber optic,0.5041754895932443,Medium
7853-GVUDZ,Month-to-month,1,20.15,No,0.5041236170976752,Medium
7876-BEUTG,Month-to-month,15,48.8,DSL,0.5039607689454083,Medium
2190-BCXEC,Month-to-month,40,78.85,Fiber optic,0.503960016700697,Medium
7693-QPEFS,Month-to-month,52,72.95,Fiber optic,0.5036531446088595,Medium
7880-XSOJX,Month-to-month,4,42.4,DSL,0.5036412734566553,Medium
6891-JPYFF,Month-to-month,48,105.25,Fiber optic,0.5035808833550194,Medium
0463-ZSDNT,Month-to-month,10,56.75,DSL,0.5030035083505635,Medium
5055-MGMGF,Month-to-month,65,105.05,Fiber optic,0.5028709854761705,Medium
8564-LDKFL,One year,40,106.0,Fiber optic,0.5028497823857626,Medium
5060-TQUQN,Month-to-month,30,83.55,Fiber optic,0.5026782071807454,Medium
4307-KTUMW,Month-to-month,53,93.9,Fiber optic,0.5023970019148701,Medium
1194-SPVSP,Month-to-month,1,19.65,No,0.5023391748877643,Medium
6710-HSJRD,Month-to-month,61,114.1,Fiber optic,0.5018471030882901,Medium
7047-FWEYA,One year,46,103.15,Fiber optic,0.5012847307829373,Medium
5542-DHSXL,Month-to-month,4,54.7,DSL,0.5012405950718143,Medium
5628-RKIFK,Month-to-month,49,101.55,Fiber optic,0.5011834231717693,Medium
0247-SLUJI,Month-to-month,1,19.7,No,0.5009671202678883,Medium
8152-UOBNY,One year,50,106.8,Fiber optic,0.5006774404293477,Medium
8992-VONJD,Month-to-month,13,56.0,DSL,0.5003815061764442,Medium
2828-SLQPF,Month-to-month,19,45.0,DSL,0.5002466339588978,Medium
2924-KHUVI,One year,56,100.55,Fiber optic,0.5002365419713298,Medium
5143-WMWOG,Month-to-month,1,19.95,No,0.5002266275126303,Medium
5630-AHZIL,Month-to-month,3,64.5,DSL,0.500178177970099,Medium
7251-LJBQN,One year,40,103.75,Fiber optic,0.50005119758035,Medium
2674-MLXMN,Month-to-month,71,99.65,Fiber optic,0.5000377958276048,Medium
4760-XOHVN,Month-to-month,1,19.45,No,0.49945534612305453,Medium
8065-BVEPF,Month-to-month,65,99.1,Fiber optic,0.49935528354372766,Medium
1899-VXWXM,One year,48,106.1,Fiber optic,0.49933706646360765,Medium
3865-QBWSJ,Month-to-month,38,80.45,Fiber optic,0.4993304153447461,Medium
2929-QNSRW,One year,56,98.25,Fiber optic,0.49918034275779005,Medium
0107-WESLM,Month-to-month,1,19.85,No,0.49911071482520647,Medium
0013-MHZWF,Month-to-month,9,69.4,DSL,0.4990537958939647,Medium
0823-HSCDJ,Month-to-month,52,49.15,DSL,0.49900339680895506,Medium
9688-YGXVR,Month-to-month,44,88.15,Fiber optic,0.4989920756111657,Medium
8329-UTMVM,One year,27,104.65,Fiber optic,0.4989885842416474,Medium
0348-SDKOL,Month-to-month,58,102.1,Fiber optic,0.49886928893379123,Medium
2027-WKXMW,Month-to-month,63,108.75,Fiber optic,0.4988026380570228,Medium
2623-DRYAM,One year,70,101.75,Fiber optic,0.49873479000350746,Medium
3466-WAESX,Month-to-month,16,69.1,DSL,0.49868475900870407,Medium
0927-CNGRH,Month-to-month,1,19.55,No,0.4986513667010969,Medium
9500-LTVBP,Month-to-month,35,80.05,Fiber optic,0.49840688856985166,Medium
0156-FVPTA,Month-to-month,22,54.2,DSL,0.4983149913332426,Medium
9445-ZUEQE,Month-to-month,27,85.2,Fiber optic,0.4981139831893938,Medium
2750-BJLSB,One year,47,103.7,Fiber optic,0.4977537797070944,Medium
2011-TRQYE,Month-to-month,18,33.5,DSL,0.49755502520489037,Medium
5981-ZVXOT,One year,35,108.35,Fiber optic,0.49739123371939864,Medium
4226-KKDON,Month-to-month,8,66.65,DSL,0.4969959704396133,Medium
3763-GCZHZ,One year,66,104.05,Fiber optic,0.49695665839817255,Medium
3113-IWHLC,Month-to-month,5,55.8,DSL,0.49675529224766296,Medium
3584-WKTTW,One year,51,111.55,Fiber optic,0.4965433392717234,Medium
3506-LCJDC,Month-to-month,1,19.95,No,0.4960546541759868,Medium
3345-PBBFH,Month-to-month,8,49.55,DSL,0.495953500729827,Medium
5898-IGSLP,Month-to-month,31,89.3,Fiber optic,0.49587536981735997,Medium
0481-SUMCB,One year,45,102.15,Fiber optic,0.49584734593466456,Medium
8919-FYFQZ,Month-to-month,44,30.35,DSL,0.4954654345331027,Medium
2239-JALAW,One year,58,103.25,Fiber optic,0.49544981739320965,Medium
3207-OYBWH,Month-to-month,57,95.25,Fiber optic,0.4954355111328697,Medium
0423-UDIJQ,Month-to-month,9,49.2,DSL,0.495371181487989,Medium
6807-SIWJI,One year,38,104.85,Fiber optic,0.4952717125726576,Medium
2782-LFZVW,Month-to-month,11,58.95,DSL,0.49524406461934983,Medium
9761-XUJWD,Month-to-month,5,65.6,DSL,0.49507530638257474,Medium
2320-JRSDE,Month-to-month,1,19.9,No,0.49505894271197953,Medium
0520-FDVVT,One year,35,102.35,Fiber optic,0.4948851951667788,Medium
5568-DMXZS,Month-to-month,8,65.45,DSL,0.49468990029431825,Medium
0295-QVKPB,Month-to-month,5,63.95,DSL,0.4946130759100198,Medium
9873-MNDKV,Month-to-month,11,44.65,DSL,0.49447264281676184,Medium
7000-WCEVQ,Month-to-month,20,61.6,DSL,0.4944712294065991,Medium
9174-FKWZE,Month-to-month,1,19.45,No,0.4944660496111257,Medium
5243-SAOTC,Month-to-month,54,79.85,Fiber optic,0.4943971113722006,Medium
6179-GJPSO,Month-to-month,43,108.15,Fiber optic,0.49437849187699734,Medium
2207-OBZNX,Month-to-month,7,51.0,DSL,0.49397794827395103,Medium
8095-WANWK,Month-to-month,10,45.25,DSL,0.49360559233564893,Medium
4488-KQFDT,One year,61,103.95,Fiber optic,0.49335476841896714,Medium
8069-YQQAJ,Month-to-month,14,31.1,DSL,0.49334233900188423,Medium
3325-FUYCG,One year,28,106.1,Fiber optic,0.49315131442621046,Medium
3645-DEYGF,Month-to-month,1,20.75,No,0.49311531307135115,Medium
9079-YEXQJ,Month-to-month,54,111.1,Fiber optic,0.49299064594144454,Medium
8791-GFXLZ,Month-to-month,12,49.05,DSL,0.4928966562600458,Medium
7789-HKSBS,One year,42,105.2,Fiber optic,0.4925611832293267,Medium
9795-VOWON,One year,7,24.35,DSL,0.4925115598637477,Medium
5133-VRSAB,Month-to-month,8,29.35,DSL,0.49250023308037894,Medium
2542-HYGIQ,Month-to-month,1,19.95,No,0.49237206988249466,Medium
5651-WYIPH,Month-to-month,18,49.85,DSL,0.4923416990000956,Medium
1436-ZMJAN,Month-to-month,10,67.8,DSL,0.49224044389209204,Medium
3331-HQDTW,Month-to-month,34,109.8,Fiber optic,0.49219621957883286,Medium
3761-FLYZI,Month-to-month,65,108.8,Fiber optic,0.4921478248278954,Medium
0100-DUVFC,One year,70,104.8,Fiber optic,0.4921109210167279,Medium
3842-IYKUE,Month-to-month,35,85.3,Fiber optic,0.4920753428543842,Medium
6199-IWKGC,One year,46,100.25,Fiber optic,0.49172682009983826,Medium
9233-PSYHO,One year,45,100.15,Fiber optic,0.4911461070873192,Medium
6313-GIDIT,Month-to-month,53,54.45,DSL,0.4910993739892185,Medium
4976-LNFVV,Month-to-month,19,34.3,DSL,0.49106104428372677,Medium
5649-TJHOV,Month-to-month,27,36.5,DSL,0.4910060033872214,Medium
4007-NHVHI,Month-to-month,56,96.85,Fiber optic,0.49090829103729094,Medium
2806-MLNTI,One year,52,105.1,Fiber optic,0.49077067247478084,Medium
5778-BVOFB,Month-to-month,9,59.5,DSL,0.49046977326576363,Medium
6029-CSMJE,Month-to-month,17,25.65,DSL,0.4904678501074152,Medium
2111-DWYHN,Month-to-month,1,21.1,No,0.4904083500055673,Medium
7853-WNZSY,Month-to-month,1,19.75,No,0.4903599044406806,Medium
1100-DDVRV,Month-to-month,17,49.8,DSL,0.49024865784156757,Medium
4176-FXYBO,Month-to-month,54,109.55,Fiber optic,0.4899038426264499,Medium
6728-WYQBC,Month-to-month,1,20.95,No,0.4897841004907114,Medium
4480-MBMLB,One year,36,104.8,Fiber optic,0.4896762086719663,Medium
5201-USSQZ,Month-to-month,26,85.9,Fiber optic,0.48961664137847466,Medium
7245-JMTTQ,One year,51,111.5,Fiber optic,0.48934816076619087,Medium
0691-NIKRI,One year,40,105.95,Fiber optic,0.4890196370962051,Medium
1215-FIGMP,Month-to-month,60,89.9,Fiber optic,0.48862010970173997,Medium
1156-ZFYDO,Month-to-month,1,19.75,No,0.4881132771763972,Medium
5651-CPDND,Month-to-month,10,46.0,DSL,0.48804589956491534,Medium
2432-TFSMK,One year,18,89.6,Fiber optic,0.4879856379198722,Medium
4695-VADHF,Month-to-month,18,57.45,DSL,0.48798121149352813,Medium
0060-FUALY,Month-to-month,59,94.75,Fiber optic,0.48791411972129833,Medium
2676-OXPPQ,Month-to-month,6,55.7,DSL,0.4878423358289841,Medium
1324-NLTJE,Month-to-month,15,55.0,DSL,0.487800781554003,Medium
6849-OYAMU,One year,19,100.0,Fiber optic,0.4877135332786859,Medium
0856-NAOES,Month-to-month,6,60.9,DSL,0.48764666928203637,Medium
1205-WNWPJ,Month-to-month,7,59.5,DSL,0.4875605418526182,Medium
0691-IFBQW,One year,46,110.0,Fiber optic,0.487425369970164,Medium
8722-NGNBH,Month-to-month,5,40.0,DSL,0.48705058451795374,Medium
0870-VEMYL,Month-to-month,5,53.85,DSL,0.4870496257931962,Medium
8552-OBVRU,Month-to-month,48,104.5,Fiber optic,0.486899822637668,Medium
9700-ISPUP,Month-to-month,10,65.5,DSL,0.486874960297966,Medium
7203-OYKCT,One year,72,104.95,Fiber optic,0.48610580560481176,Medium
4097-YODCF,One year,34,103.8,Fiber optic,0.48599023795168234,Medium
8840-DQLGN,Month-to-month,35,100.5,Fiber optic,0.4858431071421691,Medium
4851-BQDNX,One year,40,85.05,Fiber optic,0.4856955820998989,Medium
4612-THJBS,One year,56,104.75,Fiber optic,0.48568502020467547,Medium
5510-BOIUJ,Month-to-month,1,19.25,No,0.4856481075691382,Medium
4250-ZBWLV,One year,68,108.45,Fiber optic,0.48538335934548776,Medium
6578-KRMAW,Month-to-month,32,93.4,Fiber optic,0.48537722919597587,Medium
9323-HGFWY,One year,27,101.9,Fiber optic,0.48493071786378,Medium
9142-KZXOP,Month-to-month,44,68.85,Fiber optic,0.48486317848276456,Medium
1169-SAOCL,One year,49,106.65,Fiber optic,0.4847845582782976,Medium
2826-UWHIS,Month-to-month,45,81.4,Fiber optic,0.484698295709964,Medium
0363-QJVFX,Month-to-month,32,108.15,Fiber optic,0.4846293698513232,Medium
4280-DLSHD,Month-to-month,8,54.75,DSL,0.4844837811796573,Medium
5949-EBSQK,Month-to-month,4,61.45,DSL,0.4842806214496428,Medium
7103-IPXPJ,One year,50,99.4,Fiber optic,0.48395299208801473,Medium
0877-SDMBN,One year,54,103.95,Fiber optic,0.48376567888544986,Medium
3062-ICYZQ,Month-to-month,51,93.8,Fiber optic,0.4836826734408527,Medium
0979-PHULV,Month-to-month,69,99.45,Fiber optic,0.48355636127911006,Medium
7905-NJMXS,Month-to-month,7,64.2,DSL,0.4834337177751098,Medium
9614-RMGHA,Month-to-month,65,91.85,Fiber optic,0.48337588969079975,Medium
1935-IMVBB,Month-to-month,56,89.7,Fiber optic,0.4833488053399238,Medium
9381-NDKME,Month-to-month,24,40.65,DSL,0.48317122694689574,Medium
1258-YMZNM,One year,27,110.5,Fiber optic,0.4830939955092205,Medium
1848-LBZHY,Month-to-month,7,50.3,DSL,0.4829737952031021,Medium
5136-KCKGI,One year,33,103.7,Fiber optic,0.4828861326874564,Medium
7694-VLBWQ,One year,67,104.1,Fiber optic,0.4828096536287601,Medium
5370-IIVVL,One year,37,104.5,Fiber optic,0.4827958116031627,Medium
3055-OYMSE,Month-to-month,53,73.8,Fiber optic,0.48277830091844304,Medium
8979-CAMGB,One year,64,102.1,Fiber optic,0.4825168971118081,Medium
0215-BQKGS,Month-to-month,30,84.3,Fiber optic,0.4824471268472979,Medium
0326-VDYXE,One year,70,97.65,Fiber optic,0.48230710919895414,Medium
1215-VFYVK,Month-to-month,4,48.25,DSL,0.4819661526346648,Medium
3873-NFTGI,Month-to-month,14,55.5,DSL,0.4818900722242045,Medium
4673-KKSLS,Month-to-month,31,87.6,Fiber optic,0.48172139810923054,Medium
1591-NFNLQ,Month-to-month,51,80.0,Fiber optic,0.48171500531265526,Medium
7895-VONWT,Month-to-month,25,48.25,DSL,0.48145052534752164,Medium
4324-AHJKS,Month-to-month,5,55.8,DSL,0.4813553619739911,Medium
4080-IIARD,Month-to-month,13,76.2,DSL,0.48132990276167353,Medium
2325-WINES,One year,32,104.05,Fiber optic,0.4813063213841854,Medium
6874-SGLHU,One year,30,97.0,Fiber optic,0.4810187246664399,Medium
8450-UYIBU,Month-to-month,35,39.85,DSL,0.48083288476623276,Medium
0356-ERHVT,Month-to-month,11,45.9,DSL,0.4806397365305843,Medium
1049-FYSYG,Month-to-month,17,35.65,DSL,0.48063923915856455,Medium
8563-IIOXK,One year,7,49.75,DSL,0.4805242403725351,Medium
3807-XHCJH,Month-to-month,1,20.0,No,0.4805091194812029,Medium
9835-ZIITK,One year,66,110.85,Fiber optic,0.4804397327662406,Medium
7722-CVFXN,One year,54,105.2,Fiber optic,0.4804242133370237,Medium
6686-YPGHK,Month-to-month,47,85.5,Fiber optic,0.4802911922937388,Medium
1784-EZDKJ,One year,51,106.8,Fiber optic,0.4802253949518171,Medium
7426-WEIJX,Month-to-month,60,80.95,Fiber optic,0.4802248285284289,Medium
8677-HDZEE,Month-to-month,56,105.45,Fiber optic,0.48016939840519685,Medium
9643-YBLUR,Month-to-month,9,69.05,DSL,0.47968982626299295,Medium
1360-JYXKQ,One year,54,99.1,Fiber optic,0.4795596926315855,Medium
3090-QFUVD,Month-to-month,1,20.3,No,0.47930550476222805,Medium
2067-QYTCF,Month-to-month,64,111.15,Fiber optic,0.47925868398617355,Medium
0929-PECLO,Month-to-month,63,89.6,Fiber optic,0.4792136503593172,Medium
4957-TREIR,Month-to-month,3,64.4,DSL,0.478998337679375,Medium
9169-BSVIN,Month-to-month,12,74.75,DSL,0.4789620800753921,Medium
0880-FVFWF,Month-to-month,56,86.4,Fiber optic,0.4788418658115981,Medium
3445-HXXGF,Month-to-month,58,45.3,DSL,0.47879500217489057,Medium
6549-NNDYT,Month-to-month,13,30.85,DSL,0.4787169764126454,Medium
8705-DWKTI,Month-to-month,52,83.8,Fiber optic,0.47871458650425375,Medium
3537-HPKQT,Month-to-month,55,77.75,Fiber optic,0.47869044002739636,Medium
6769-DCQLI,One year,52,105.0,Fiber optic,0.47854467951853613,Medium
6818-WOBHJ,Month-to-month,68,89.6,Fiber optic,0.4785444120007052,Medium
2157-MXBJS,One year,13,75.3,DSL,0.47844767561042506,Medium
2478-EEWWM,Month-to-month,59,44.3,DSL,0.4783826459115293,Medium
4628-CTTLA,Month-to-month,57,39.3,DSL,0.4783736336007115,Medium
0003-MKNFE,Month-to-month,9,59.9,DSL,0.4783617395667206,Medium
2565-JSLRY,Month-to-month,1,24.05,No,0.4782108824196008,Medium
2625-TRCZQ,Month-to-month,51,49.65,DSL,0.47817319582278894,Medium
2189-UXTKY,Month-to-month,22,79.2,DSL,0.47802224717902864,Medium
4608-LCIMN,Month-to-month,8,44.65,DSL,0.47798424791755045,Medium
6300-BWMJX,Month-to-month,59,93.35,Fiber optic,0.4775540357995642,Medium
1421-HCERK,Month-to-month,30,105.7,Fiber optic,0.4772432158740397,Medium
7621-VPNET,Month-to-month,42,85.9,Fiber optic,0.477221049701402,Medium
2894-QOJRX,Month-to-month,25,34.0,DSL,0.47710875111254003,Medium
8217-QYOHV,Month-to-month,5,55.75,DSL,0.477058744405651,Medium
6664-FPDAC,One year,56,111.95,Fiber optic,0.47704107763307035,Medium
9693-XMUOB,Month-to-month,59,50.25,DSL,0.47686383514548536,Medium
0406-BPDVR,One year,54,101.5,Fiber optic,0.476742889425618,Medium
6353-BRMMA,Month-to-month,54,104.1,Fiber optic,0.47660319958134684,Medium
5057-LCOUI,Month-to-month,39,50.75,DSL,0.4765999911150048,Medium
4767-HZZHQ,Month-to-month,30,82.05,Fiber optic,0.47654610198397734,Medium
6726-WEXXK,One year,27,85.9,Fiber optic,0.4765242345403068,Medium
8329-GWVPJ,Month-to-month,50,69.75,Fiber optic,0.4765095610740395,Medium
1217-VASWC,One year,43,100.55,Fiber optic,0.47632202045706873,Medium
7549-MYGPK,Month-to-month,63,100.55,Fiber optic,0.4762917798706554,Medium
3572-UOLYZ,Month-to-month,46,84.8,Fiber optic,0.4760276881128451,Medium
4987-GQWPO,Month-to-month,17,25.1,DSL,0.47602731822812966,Medium
3717-LNXKW,Month-to-month,38,91.7,Fiber optic,0.47601869382845885,Medium
4462-CYWMH,Month-to-month,62,89.8,Fiber optic,0.4756912930191451,Medium
7271-AJDTL,Month-to-month,55,94.45,Fiber optic,0.47558357637547305,Medium
2937-FTHUR,Month-to-month,18,64.8,DSL,0.47535885225377067,Medium
3162-ZJZFU,Month-to-month,53,92.55,Fiber optic,0.4753057397508878,Medium
4791-QRGMF,One year,59,99.5,Fiber optic,0.4752147840301595,Medium
9522-BNTHX,Month-to-month,34,56.25,DSL,0.4752122310010795,Medium
1422-DGUBX,One year,32,79.25,Fiber optic,0.47500161245167855,Medium
2237-ZFSMY,One year,39,95.55,Fiber optic,0.4749493155390301,Medium
3424-NMNBO,One year,58,108.85,Fiber optic,0.47482438841466407,Medium
5201-FRKKS,Month-to-month,25,74.3,Fiber optic,0.474759400509514,Medium
7683-CBDKJ,Month-to-month,14,65.45,DSL,0.47469136305866044,Medium
9780-FKVVF,Month-to-month,6,59.15,DSL,0.47447766294960986,Medium
1228-FZFRV,Month-to-month,50,105.95,Fiber optic,0.47444003672417284,Medium
3373-YZZYM,Month-to-month,1,19.2,No,0.4744108734688164,Medium
8620-RJPZN,Month-to-month,1,20.7,No,0.47429884275632056,Medium
0314-TKOSI,Month-to-month,6,55.15,DSL,0.47422050394662224,Medium
9281-PKKZE,Month-to-month,46,43.95,DSL,0.4742183115875251,Medium
4431-EDMIQ,Month-to-month,7,75.7,DSL,0.4740107471113177,Medium
9659-QEQSY,Month-to-month,45,115.65,Fiber optic,0.47398692239647794,Medium
9776-OJUZI,Month-to-month,65,95.45,Fiber optic,0.4738784991647204,Medium
3154-CFSZG,Month-to-month,47,90.05,Fiber optic,0.4737433981365846,Medium
7966-YOTQW,Month-to-month,10,54.5,DSL,0.47354987906069773,Medium
9825-YCXWZ,One year,41,101.1,Fiber optic,0.47353664682649643,Medium
0761-AETCS,Month-to-month,1,19.3,No,0.4733256636663192,Medium
1394-SUIUH,Month-to-month,44,85.15,Fiber optic,0.47328387478805267,Medium
2927-QRRQV,One year,46,94.65,Fiber optic,0.473273616409267,Medium
4393-RYCRE,One year,44,106.05,Fiber optic,0.4730652317550871,Medium
1193-RTSLK,Month-to-month,38,83.9,Fiber optic,0.47268029360607416,Medium
8562-GHPPI,Month-to-month,1,19.8,No,0.4725510676656277,Medium
7459-RRWQZ,Month-to-month,15,64.65,DSL,0.4725080687095046,Medium
3541-ZNUHK,Month-to-month,55,85.1,Fiber optic,0.47218608825911834,Medium
1685-VAYJF,Month-to-month,11,45.2,DSL,0.4721745295588612,Medium
3190-XFANI,One year,49,100.6,Fiber optic,0.47208181005217237,Medium
8773-HHUOZ,Month-to-month,17,64.7,DSL,0.4720337499109854,Medium
4685-ERGHK,One year,57,86.9,Fiber optic,0.4720104383985941,Medium
2604-XVDAM,Month-to-month,12,43.8,DSL,0.4719103044867315,Medium
5136-GFPMB,Month-to-month,54,89.4,Fiber optic,0.47175363970717477,Medium
4010-YLMVT,Month-to-month,56,106.6,Fiber optic,0.47138724124040576,Medium
5802-ADBRC,One year,50,104.4,Fiber optic,0.4713784076275098,Medium
3870-MQAMG,One year,54,110.35,Fiber optic,0.47136269718642165,Medium
6859-RKMZJ,Month-to-month,11,55.05,DSL,0.4708934332615415,Medium
6954-OOYZZ,Month-to-month,18,44.35,DSL,0.470791607843884,Medium
0431-APWVY,One year,28,90.1,Fiber optic,0.470414102206191,Medium
4672-FOTSD,Month-to-month,12,67.25,DSL,0.4703604109592635,Medium
1548-FEHVL,Month-to-month,61,106.2,Fiber optic,0.4703056827085289,Medium
3173-NVMPX,Month-to-month,9,55.3,DSL,0.47009046513433733,Medium
5424-RLQLC,Month-to-month,10,59.65,DSL,0.4700157219628776,Medium
0913-XWSCN,Month-to-month,55,85.5,Fiber optic,0.46999944175709574,Medium
9254-RBFON,One year,17,98.6,Fiber optic,0.4699525151527386,Medium
2886-KEFUM,One year,63,107.5,Fiber optic,0.46982316504511656,Medium
8124-NZVGJ,One year,6,49.25,DSL,0.46970378181974043,Medium
8992-CEUEN,Month-to-month,1,18.85,No,0.46962057647605265,Medium
5274-XHAKY,Month-to-month,41,94.3,Fiber optic,0.46942762688972534,Medium
7148-XZPHA,Month-to-month,55,79.4,Fiber optic,0.4694100643922495,Medium
7130-YXBRO,Month-to-month,48,111.45,Fiber optic,0.4691063009800434,Medium
2133-TSRRM,Month-to-month,34,105.35,Fiber optic,0.4689905375277011,Medium
0567-GGCAC,Month-to-month,7,61.4,DSL,0.4689814037316378,Medium
6821-JPCDC,One year,48,97.05,Fiber optic,0.46882664240617233,Medium
5575-TPIZQ,Month-to-month,46,89.15,Fiber optic,0.4686898559165143,Medium
4138-NAXED,Month-to-month,51,81.0,Fiber optic,0.4684932382808996,Medium
9360-AHGNL,One year,43,109.55,Fiber optic,0.4683507667966145,Medium
5002-GCQFH,Month-to-month,49,93.85,Fiber optic,0.46820475589150345,Medium
5074-FBGHB,One year,64,104.65,Fiber optic,0.46815673271539604,Medium
9154-QDGTH,One year,43,104.3,Fiber optic,0.4677044972236189,Medium
3733-ZEECP,Month-to-month,22,51.1,DSL,0.4676184606354216,Medium
7733-UDMTP,Month-to-month,57,55.0,DSL,0.4675252952201385,Medium
0909-SDHNU,Month-to-month,7,29.8,DSL,0.4673399245919229,Medium
8444-WRIDW,Month-to-month,66,80.45,Fiber optic,0.4672333249244198,Medium
2302-ANTDP,Month-to-month,48,117.45,Fiber optic,0.46707211663470655,Medium
6253-WRFHY,One year,13,64.75,DSL,0.4669774025413409,Medium
5188-HGMLP,Month-to-month,54,74.0,Fiber optic,0.46690863994230974,Medium
9396-ZSFLL,Month-to-month,15,48.85,DSL,0.46690824959164473,Medium
3845-JHAMY,Month-to-month,16,35.5,DSL,0.4668030444267384,Medium
6284-KMNUF,One year,56,98.0,Fiber optic,0.46605739833387333,Medium
5046-NUHWD,Month-to-month,29,45.0,DSL,0.4660394182810263,Medium
8901-HJXTF,Month-to-month,12,29.2,DSL,0.4658557197875938,Medium
8267-KFGYD,Month-to-month,1,21.05,No,0.4653482941717063,Medium
7055-VKGDA,One year,54,105.4,Fiber optic,0.4651336863771607,Medium
7639-SUPCW,Month-to-month,22,48.8,DSL,0.4650822448577205,Medium
7950-XWOVN,Month-to-month,11,34.7,DSL,0.4648856342380395,Medium
6158-DWPZT,One year,9,24.1,DSL,0.46477959403649616,Medium
1216-BGTSP,Month-to-month,45,108.45,Fiber optic,0.46435041966141427,Medium
7530-HDYDS,Month-to-month,38,84.25,Fiber optic,0.46432499625289886,Medium
6704-UTUKK,Month-to-month,29,45.9,DSL,0.4641570022777583,Medium
5924-IFQTT,Month-to-month,13,72.8,DSL,0.46390508200498476,Medium
0106-GHRQR,Month-to-month,16,71.4,DSL,0.46389290388533433,Medium
2408-TZMJL,One year,59,110.15,Fiber optic,0.46381847252570935,Medium
7067-KSAZT,One year,65,106.25,Fiber optic,0.4636027747223564,Medium
5732-IKGQH,One year,52,104.45,Fiber optic,0.46338599272062375,Medium
5939-XAIXZ,Month-to-month,19,56.1,DSL,0.4633795314315329,Medium
1976-AZZPJ,Month-to-month,7,34.2,DSL,0.46330131808333314,Medium
9912-OMZDS,One year,59,106.15,Fiber optic,0.462813655400241,Medium
5073-WXOYN,Month-to-month,60,50.8,DSL,0.4625234932740697,Medium
7617-EYGLW,Month-to-month,1,19.45,No,0.4621287404584668,Medium
4925-LMHOK,Month-to-month,15,58.6,DSL,0.46195744107810005,Medium
8182-PNAGI,Month-to-month,12,50.25,DSL,0.46166499422750196,Medium
5131-PONJI,Month-to-month,49,90.4,Fiber optic,0.4612403293050189,Medium
9708-KFDBY,Month-to-month,1,20.55,No,0.4612105732905431,Medium
4789-KWMXN,One year,47,110.85,Fiber optic,0.46120079731358127,Medium
8399-YNDCH,Month-to-month,21,60.05,DSL,0.4611638096256031,Medium
0959-WHOKV,One year,42,99.0,Fiber optic,0.46091890740330627,Medium
5174-ITUMV,One year,67,105.4,Fiber optic,0.46090390948535637,Medium
1353-LJWEM,Month-to-month,11,60.9,DSL,0.4605526149093082,Medium
1984-FCOWB,One year,70,109.5,Fiber optic,0.46054811983714994,Medium
2576-HXMPA,Month-to-month,1,19.55,No,0.46050755200274013,Medium
8755-IWJHN,Month-to-month,69,95.35,Fiber optic,0.46046119445979733,Medium
7576-JMYWV,Month-to-month,46,110.2,Fiber optic,0.4603013507301923,Medium
1699-HPSBG,One year,12,59.8,DSL,0.46008652696721253,Medium
6898-MDLZW,Month-to-month,12,53.75,DSL,0.4600856688772304,Medium
3689-MOZGR,Month-to-month,29,31.2,DSL,0.45995918283054693,Medium
7629-WIXZF,One year,7,59.1,DSL,0.4598887202040382,Medium
6777-TGHTM,One year,53,106.95,Fiber optic,0.4598587322160312,Medium
8812-ZRHFP,One year,30,86.45,Fiber optic,0.4596753345954992,Medium
7893-IXHRQ,Month-to-month,1,20.55,No,0.4596577242297971,Medium
2731-GJRDG,One year,32,109.55,Fiber optic,0.459643685863819,Medium
4468-KAZHE,Month-to-month,20,60.0,DSL,0.45960424051470916,Medium
2293-IJWPS,One year,57,100.75,Fiber optic,0.45954234378003844,Medium
2722-VOJQL,One year,64,105.65,Fiber optic,0.4593627450323557,Medium
3255-GRXMG,Month-to-month,18,45.65,DSL,0.4592007257500338,Medium
1502-XFCVR,One year,58,106.45,Fiber optic,0.45896471221906743,Medium
6668-CNMFP,One year,19,89.35,Fiber optic,0.4589301698779424,Medium
6897-UUBNU,Month-to-month,29,89.65,Fiber optic,0.4583367423671423,Medium
1120-BMWUB,Month-to-month,16,53.9,DSL,0.45830217936624923,Medium
0282-NVSJS,Month-to-month,12,29.3,DSL,0.458242785201341,Medium
8868-GAGIO,Month-to-month,45,84.55,Fiber optic,0.458118792814851,Medium
9701-CDXHR,Month-to-month,51,69.15,Fiber optic,0.45811863416024995,Medium
8652-YHIYU,One year,16,79.5,Fiber optic,0.45806842166169903,Medium
4819-HJPIW,Month-to-month,18,25.15,DSL,0.4578509751019529,Medium
1370-GGAWX,One year,46,94.15,Fiber optic,0.4576113259681668,Medium
2858-EIMXH,One year,53,95.85,Fiber optic,0.45744514224036237,Medium
2898-LSJGD,One year,21,55.95,DSL,0.45743672051741896,Medium
7449-HVPIV,Month-to-month,55,90.4,Fiber optic,0.4572892799298915,Medium
9481-SFCQY,Month-to-month,14,59.8,DSL,0.45728194863924093,Medium
9651-GTSAQ,One year,53,106.1,Fiber optic,0.4572439628163373,Medium
2220-IAHLS,Month-to-month,1,19.4,No,0.4571870192754454,Medium
9943-VSZUV,Month-to-month,67,75.7,Fiber optic,0.45690191554983167,Medium
5447-WZAFP,One year,53,100.3,Fiber optic,0.4568055243136859,Medium
1658-XUHBX,Month-to-month,59,88.75,Fiber optic,0.4567357064732094,Medium
1470-PSXNM,One year,49,93.65,Fiber optic,0.4567091959320946,Medium
9101-BWFSS,One year,50,108.55,Fiber optic,0.4565720417593095,Medium
4415-WNGVR,One year,12,79.2,DSL,0.4565547589661454,Medium
2692-PFYTJ,Month-to-month,1,25.75,No,0.4565233424387091,Medium
2359-QWQUL,One year,39,104.7,Fiber optic,0.45645521461223504,Medium
4361-BKAXE,Month-to-month,41,114.5,Fiber optic,0.45635583848724903,Medium
9833-TGFHX,One year,42,97.1,Fiber optic,0.45600202052808225,Medium
2267-FPIMA,Month-to-month,50,94.4,Fiber optic,0.455828065448783,Medium
9862-KJTYK,Month-to-month,19,25.35,DSL,0.45582678156889017,Medium
6345-HOVES,Month-to-month,34,25.05,DSL,0.45578131425977136,Medium
4232-JGKIY,Month-to-month,1,19.2,No,0.4556468732587456,Medium
3413-DHLPB,Month-to-month,60,103.75,Fiber optic,0.45562874437949696,Medium
8634-CILSZ,One year,69,104.7,Fiber optic,0.4555733164848539,Medium
7016-BPGEU,Month-to-month,29,25.1,DSL,0.4555496526850546,Medium
2700-LUEVA,Month-to-month,1,20.75,No,0.45536269270359575,Medium
4692-NNQRU,One year,21,79.2,Fiber optic,0.455335975685492,Medium
5843-TTHGI,Month-to-month,18,50.0,DSL,0.4551481757720906,Medium
5088-QZLRL,Month-to-month,1,20.65,No,0.45479406563748115,Medium
9158-VCTQB,Month-to-month,41,113.6,Fiber optic,0.45477621909537486,Medium
3679-XASPY,Month-to-month,1,19.45,No,0.4545500339857193,Medium
7826-VVKWT,Two year,24,96.55,Fiber optic,0.4544582757109206,Medium
4081-DYXAV,One year,19,44.85,DSL,0.45410338138046863,Medium
2000-MPKCA,One year,58,107.75,Fiber optic,0.45409819271554674,Medium
4123-FCVCB,One year,12,75.85,DSL,0.45405413190492805,Medium
7776-QGYJC,Month-to-month,39,81.5,Fiber optic,0.45378864329247837,Medium
5701-ZIKJE,Month-to-month,13,50.55,DSL,0.45374201351705085,Medium
4913-EHYUI,One year,56,104.55,Fiber optic,0.45372749376507426,Medium
9572-MTILT,Month-to-month,59,106.75,Fiber optic,0.45367485397225477,Medium
0575-CUQOV,One year,60,97.95,Fiber optic,0.4535834059922747,Medium
7054-ENNGU,Month-to-month,9,50.85,DSL,0.45347089009365427,Medium
5440-VHLUL,One year,69,105.2,Fiber optic,0.4534416031156967,Medium
7398-LXGYX,Month-to-month,44,84.8,Fiber optic,0.4534222500229265,Medium
0980-PVMRC,Month-to-month,40,50.85,DSL,0.45310051523394435,Medium
0228-MAUWC,Month-to-month,19,59.55,DSL,0.4530873268981997,Medium
2172-EJXVF,One year,71,105.9,Fiber optic,0.45296298622400694,Medium
6344-SFJVH,Month-to-month,20,24.9,DSL,0.45264123201639156,Medium
9103-CXVOK,Month-to-month,1,19.75,No,0.4526308591862804,Medium
5339-TJFEK,Month-to-month,62,105.5,Fiber optic,0.45259916333622013,Medium
7854-EDSSA,Month-to-month,22,59.0,DSL,0.45255807058960784,Medium
2305-MRGLV,Month-to-month,28,76.55,Fiber optic,0.45163786996399086,Medium
7661-CPURM,One year,19,87.7,Fiber optic,0.4513302415800887,Medium
9374-YOLBJ,Month-to-month,1,19.25,No,0.4513176387224958,Medium
0853-NWIFK,One year,45,100.3,Fiber optic,0.45112524283872546,Medium
0899-WZRSD,Month-to-month,56,105.35,Fiber optic,0.4509775638717102,Medium
6770-XUAGN,Month-to-month,1,21.0,No,0.45093869887890925,Medium
8375-KVTHK,One year,68,100.3,Fiber optic,0.45080334419953344,Medium
0471-ARVMX,One year,62,104.85,Fiber optic,0.4504241575539404,Medium
3890-RTCMS,Month-to-month,16,49.45,DSL,0.4498662931192042,Medium
8627-ZYGSZ,One year,47,78.9,Fiber optic,0.44962708340308355,Medium
7426-GSWPO,Month-to-month,64,103.5,Fiber optic,0.44955722175962753,Medium
7766-CLTIC,Month-to-month,10,60.95,DSL,0.4495055295232657,Medium
2988-GBIVW,Month-to-month,70,90.85,Fiber optic,0.449361111228026,Medium
4188-FRABG,Month-to-month,57,103.05,Fiber optic,0.44903077637971783,Medium
5482-NUPNA,Month-to-month,4,60.4,DSL,0.4486391797394518,Medium
2709-UQGNP,Month-to-month,10,51.65,DSL,0.4485801273441161,Medium
1335-HQMKX,One year,72,101.35,Fiber optic,0.44832473824058894,Medium
8250-ZNGGW,Month-to-month,5,59.9,DSL,0.4482347019011371,Medium
3709-OIJEA,One year,26,85.2,Fiber optic,0.44814356911804,Medium
9103-TCIHJ,Month-to-month,15,55.7,DSL,0.4480138648540732,Medium
3566-VVORZ,Month-to-month,12,45.9,DSL,0.44739888552032475,Medium
6713-OKOMC,Month-to-month,10,29.75,DSL,0.4472831149085268,Medium
2599-CZABP,One year,14,44.6,DSL,0.44717415779151454,Medium
9518-RWHZL,One year,64,100.05,Fiber optic,0.4471600799865724,Medium
3946-JEWRQ,One year,47,95.2,Fiber optic,0.4470648805047708,Medium
0621-HJWXJ,Month-to-month,63,81.55,Fiber optic,0.44656846368235953,Medium
2144-BFDSO,Month-to-month,50,108.75,Fiber optic,0.44651017810799914,Medium
0851-DFJKB,Month-to-month,15,58.95,DSL,0.4463650057318158,Medium
8292-TYSPY,Month-to-month,19,55.0,DSL,0.4457465312243396,Medium
7550-WIQVA,One year,50,108.25,Fiber optic,0.4456899314477664,Medium
7188-CBBBA,One year,65,95.5,Fiber optic,0.4456889325750793,Medium
9350-VLHMB,Month-to-month,67,89.55,Fiber optic,0.4456696494283285,Medium
8952-WCVCD,One year,41,104.45,Fiber optic,0.4456481759438168,Medium
6270-OMFIW,One year,60,94.4,Fiber optic,0.4454186407567212,Medium
2480-EJWYP,One year,58,97.8,Fiber optic,0.44528264746751567,Medium
6038-GCYEC,Month-to-month,24,54.15,DSL,0.4448816625520379,Medium
7351-MHQVU,Month-to-month,6,50.95,DSL,0.44487192571408213,Medium
5701-SVCWR,Month-to-month,1,24.0,No,0.4447380935842222,Medium
4324-BZCKL,Month-to-month,10,55.55,DSL,0.4447318970017556,Medium
9057-MSWCO,Month-to-month,27,30.75,DSL,0.44472915790668566,Medium
7926-IJOOU,Month-to-month,1,19.3,No,0.4444673519778154,Medium
9419-IPPBE,One year,51,90.15,Fiber optic,0.44431115324786097,Medium
2259-OUUSZ,One year,7,35.5,DSL,0.443440172777554,Medium
8807-ARQET,Month-to-month,41,40.35,DSL,0.4432507677410581,Medium
5174-RNGBH,Month-to-month,9,66.25,DSL,0.4430784363074017,Medium
1465-LNTLJ,Month-to-month,8,64.4,DSL,0.4429257916139315,Medium
8945-MUQUF,One year,51,94.8,Fiber optic,0.4428588726943255,Medium
4360-QRAVE,Month-to-month,37,36.65,DSL,0.4425428820670336,Medium
6680-NENYN,Two year,43,104.6,Fiber optic,0.44213868006712925,Medium
7544-ZVIKX,One year,58,105.05,Fiber optic,0.442052706049868,Medium
4800-CZMPC,One year,48,103.25,Fiber optic,0.4416660595311089,Medium
2460-FPSYH,Month-to-month,40,55.8,DSL,0.44165536524914123,Medium
2279-AXJJK,Month-to-month,52,95.65,Fiber optic,0.44164918666494,Medium
8016-NCFVO,Month-to-month,55,116.5,Fiber optic,0.4414762885888555,Medium
1356-MKYSK,Month-to-month,6,78.65,DSL,0.44119681566520874,Medium
2931-SVLTV,Month-to-month,40,110.1,Fiber optic,0.44109532309446775,Medium
0058-EVZWM,Month-to-month,55,89.8,Fiber optic,0.4409857176705298,Medium
6214-EDAKZ,Month-to-month,22,55.15,DSL,0.44098073734001103,Medium
0187-WZNAB,Month-to-month,27,74.4,Fiber optic,0.44080668005584833,Medium
2778-OCLGR,Month-to-month,24,39.1,DSL,0.44059758526023834,Medium
8205-OTCHB,One year,22,43.75,DSL,0.4402791368923089,Medium
7130-CTCUS,Month-to-month,16,54.55,DSL,0.44011705343717733,Medium
2452-SNHFZ,Month-to-month,47,75.45,Fiber optic,0.4400339797598814,Medium
9544-PYPSJ,Month-to-month,62,96.1,Fiber optic,0.4399037523968618,Medium
6305-YLBMM,One year,69,104.05,Fiber optic,0.43989765708017503,Medium
1625-JAIIY,One year,68,83.0,Fiber optic,0.43978915414938785,Medium
2817-NTQDO,Month-to-month,13,45.55,DSL,0.4394512543689846,Medium
3807-BPOMJ,One year,55,94.75,Fiber optic,0.4393099362802684,Medium
6917-YACBP,Month-to-month,59,89.75,Fiber optic,0.4392750807749151,Medium
5067-XJQFU,One year,66,108.45,Fiber optic,0.4391873438166714,Medium
9249-FXSCK,One year,52,111.25,Fiber optic,0.43915946384311194,Medium
3756-VNWDH,One year,65,100.75,Fiber optic,0.43905582132337806,Medium
3927-NLNRY,One year,53,94.25,Fiber optic,0.43904156722981724,Medium
2995-UPRYS,One year,40,99.2,Fiber optic,0.43902238877480726,Medium
6728-VOIFY,One year,63,96.0,Fiber optic,0.4389167551573365,Medium
2475-MROZF,Month-to-month,30,95.0,Fiber optic,0.4388925415301238,Medium
6854-EXGSF,Month-to-month,8,65.5,DSL,0.43875805772288695,Medium
4827-USJHP,Month-to-month,20,51.8,DSL,0.4387397004527109,Medium
5311-IHLEI,Month-to-month,12,50.95,DSL,0.4387024333506137,Medium
8896-BQTTI,Month-to-month,1,25.0,No,0.43869975468979655,Medium
7921-LMDFQ,One year,51,94.0,Fiber optic,0.4385255721468744,Medium
0691-JVSYA,One year,53,94.85,Fiber optic,0.4384011899689712,Medium
6202-DYYFX,One year,22,76.0,Fiber optic,0.4383227589471767,Medium
2257-BOVXD,Month-to-month,14,66.6,DSL,0.4382600713600661,Medium
8679-LZBMD,One year,44,90.65,Fiber optic,0.4381590943812663,Medium
7909-FIOIY,Month-to-month,19,24.85,DSL,0.43781302464022787,Medium
9831-BPFRI,One year,39,89.55,Fiber optic,0.43737013612525144,Medium
1986-PHGZF,Month-to-month,18,58.4,DSL,0.43736741107727406,Medium
6473-ULUHT,Month-to-month,16,84.9,DSL,0.4372935471998584,Medium
7134-MJPDY,One year,66,102.85,Fiber optic,0.43719584168140735,Medium
3886-CERTZ,One year,72,109.25,Fiber optic,0.43719051191377123,Medium
1024-KPRBB,One year,38,89.1,Fiber optic,0.4371381181066636,Medium
3313-QKNKB,One year,59,85.55,Fiber optic,0.4371320469460133,Medium
5804-HYIEZ,Month-to-month,70,106.05,Fiber optic,0.4368448283137289,Medium
8294-UIMBA,One year,30,94.4,Fiber optic,0.436769662102762,Medium
7319-VENRZ,Month-to-month,7,64.3,DSL,0.4367293665762055,Medium
5553-AOINX,One year,66,104.9,Fiber optic,0.4363835852495106,Medium
8735-IJJEG,Month-to-month,14,50.2,DSL,0.4363714077199044,Medium
4459-BBGHE,Month-to-month,30,44.5,DSL,0.43606376151667603,Medium
8189-HBVRW,Month-to-month,53,90.8,Fiber optic,0.4360009761243585,Medium
6483-OATDN,Month-to-month,8,51.3,DSL,0.43589739721808335,Medium
3657-COGMW,Month-to-month,52,108.1,Fiber optic,0.4356751269879299,Medium
5876-HZVZM,Month-to-month,6,55.9,DSL,0.43564066430741094,Medium
8082-GHXOP,Month-to-month,13,44.0,DSL,0.43556794642445046,Medium
6689-VRRTK,One year,44,109.8,Fiber optic,0.4352592206821567,Medium
4377-VDHYI,One year,32,90.8,Fiber optic,0.43523159272719314,Medium
0639-TSIQW,Month-to-month,67,102.95,Fiber optic,0.4350642040955044,Medium
4544-RXFMG,One year,8,43.45,DSL,0.43501286783835524,Medium
4332-MUOEZ,One year,20,94.3,Fiber optic,0.4346225540610254,Medium
4918-FYJNT,Month-to-month,55,90.45,Fiber optic,0.4346019906781088,Medium
6633-SYEUS,Month-to-month,23,83.2,Fiber optic,0.43434387006981856,Medium
7410-KTVFV,Month-to-month,18,49.55,DSL,0.4340710409112095,Medium
0512-FLFDW,One year,60,100.5,Fiber optic,0.43399370508072016,Medium
1656-DRSMG,Month-to-month,63,109.85,Fiber optic,0.43386763137401485,Medium
8257-RZAHR,Month-to-month,14,64.7,DSL,0.4327010739528798,Medium
4070-OKWVH,Month-to-month,52,94.6,Fiber optic,0.4326587069733507,Medium
2252-JHJGE,One year,61,104.0,Fiber optic,0.4325024927200017,Medium
9705-IOVQQ,One year,61,99.0,Fiber optic,0.43238943901229165,Medium
2673-CXQEU,One year,56,110.5,Fiber optic,0.4323200490790656,Medium
1170-SASML,Month-to-month,69,85.4,Fiber optic,0.43220025984297633,Medium
7669-LCRSD,Month-to-month,12,56.3,DSL,0.43156639825418325,Medium
0237-YFUTL,Month-to-month,50,109.65,Fiber optic,0.4313759204338307,Medium
9097-ZUBYC,Month-to-month,14,48.8,DSL,0.43084548912197873,Medium
2957-JIRMN,One year,62,84.45,Fiber optic,0.43080024501448,Medium
7879-CGSFV,One year,55,100.9,Fiber optic,0.4307820605921601,Medium
1410-RSCMR,Month-to-month,7,71.35,DSL,0.43063435600403094,Medium
9820-RMCQV,Month-to-month,11,48.55,DSL,0.430524116804213,Medium
4646-QZXTF,Month-to-month,7,81.25,DSL,0.43038191513237894,Medium
5285-MVEHD,One year,56,105.6,Fiber optic,0.43029545748314374,Medium
4177-JPDFU,Month-to-month,12,34.0,DSL,0.43012948010888263,Medium
4187-CINZD,One year,46,95.25,Fiber optic,0.4300643885923516,Medium
0516-OOHAR,One year,28,100.35,Fiber optic,0.42983498257876,Medium
5309-TAIKL,Month-to-month,7,62.8,DSL,0.4298201890048601,Medium
0130-SXOUN,Month-to-month,66,89.4,Fiber optic,0.4297077424824289,Medium
2267-WTPYD,Month-to-month,57,94.0,Fiber optic,0.4296518381510013,Medium
3144-KMTWZ,Month-to-month,71,93.25,Fiber optic,0.4295247697935069,Medium
5443-SCMKX,One year,58,94.3,Fiber optic,0.4295024507843952,Medium
9089-UOWJG,Month-to-month,12,58.35,DSL,0.4291626229120271,Medium
8166-ORCHU,One year,33,93.55,Fiber optic,0.4291370263947363,Medium
2586-CWXVV,Month-to-month,54,30.4,DSL,0.42872753500011895,Medium
4338-EYCER,Month-to-month,21,54.6,DSL,0.42872621534511307,Medium
1091-SOZGA,One year,56,99.8,Fiber optic,0.4286944877874314,Medium
5180-UCIIQ,Month-to-month,22,40.05,DSL,0.4284053700441052,Medium
8259-NFJTV,Month-to-month,7,34.65,DSL,0.4281510108836087,Medium
0193-ESZXP,One year,58,105.5,Fiber optic,0.4281176493732948,Medium
8008-ESFLK,One year,53,110.5,Fiber optic,0.42782325092936313,Medium
4567-AKPIA,One year,41,109.1,Fiber optic,0.42768171857031934,Medium
7109-MFBYV,Month-to-month,26,45.45,DSL,0.4274750121500051,Medium
4456-RHSNB,Month-to-month,19,49.6,DSL,0.42737959627875893,Medium
1074-AMIOH,Month-to-month,53,108.25,Fiber optic,0.4273301279915423,Medium
0603-OLQDC,Month-to-month,12,69.85,DSL,0.4272726733027807,Medium
6425-YQLLO,One year,66,105.95,Fiber optic,0.4272592638937861,Medium
5198-HQAEN,One year,35,89.7,Fiber optic,0.4270831865695382,Medium
8023-QHAIO,Month-to-month,56,76.85,Fiber optic,0.4269567218577924,Medium
6341-AEVKX,One year,62,104.3,Fiber optic,0.4269234033264841,Medium
8961-QDZZJ,One year,57,95.0,Fiber optic,0.4268538888099807,Medium
3272-VUHPV,Month-to-month,8,56.3,DSL,0.42678856888769,Medium
3858-XHYJO,One year,40,105.75,Fiber optic,0.42669487309465903,Medium
3638-DIMPH,One year,13,43.8,DSL,0.42654820744020855,Medium
6497-TILVL,Month-to-month,7,50.7,DSL,0.42634683141986973,Medium
6952-OMNWB,Month-to-month,68,80.35,Fiber optic,0.42629677801361177,Medium
6627-CFOSN,Month-to-month,59,99.45,Fiber optic,0.4262876472128287,Medium
4350-ZTLPI,One year,53,108.95,Fiber optic,0.4262487164768834,Medium
7129-AZJDE,One year,34,78.95,Fiber optic,0.4262472948475472,Medium
5186-EJEGL,Month-to-month,9,69.5,DSL,0.42618163034453344,Medium
8920-NAVAY,One year,62,110.75,Fiber optic,0.4257439798826949,Medium
8111-BKVDS,Month-to-month,10,40.7,DSL,0.42571880060421835,Medium
2195-VVRJF,Month-to-month,18,59.1,DSL,0.4256561251487699,Medium
4118-CEVPF,One year,35,110.8,Fiber optic,0.4253781151806168,Medium
7285-KLOTR,One year,12,78.85,DSL,0.4252344343578757,Medium
1629-DQQVB,Month-to-month,14,50.1,DSL,0.4250354277457735,Medium
3982-DQLUS,Month-to-month,65,85.75,Fiber optic,0.42480938753327974,Medium
9314-QDMDW,One year,11,61.25,DSL,0.4246158675982039,Medium
3999-WRNGR,Month-to-month,60,49.75,DSL,0.424282489311767,Medium
3419-SNJJD,Month-to-month,65,105.25,Fiber optic,0.4241921320665199,Medium
1585-MQSSU,Month-to-month,17,51.5,DSL,0.42406554520111495,Medium
1698-XFZCI,One year,61,107.75,Fiber optic,0.423610648577184,Medium
0931-MHTEM,One year,54,100.05,Fiber optic,0.42341203082455886,Medium
3948-FVVRP,Month-to-month,9,54.8,DSL,0.42339165663384565,Medium
4950-BDEUX,Month-to-month,35,49.2,DSL,0.423237012932026,Medium
0898-XCGTF,One year,61,96.5,Fiber optic,0.42311971626252337,Medium
6743-HHQPF,Month-to-month,42,25.1,DSL,0.4230024875371092,Medium
4109-CYRBD,Month-to-month,29,51.6,DSL,0.422937574618145,Medium
0701-TJSEF,Month-to-month,9,68.25,DSL,0.4228766564583859,Medium
1020-JPQOW,Month-to-month,56,90.55,Fiber optic,0.4228565740210506,Medium
7989-VCQOH,Month-to-month,18,83.25,DSL,0.4226571382340739,Medium
5336-UFNZP,One year,65,107.45,Fiber optic,0.4226195310649929,Medium
2782-JEEBU,Month-to-month,21,36.0,DSL,0.4226015310274393,Medium
5527-ACHSO,Month-to-month,11,70.5,DSL,0.4225863087171303,Medium
8799-OXZMD,Month-to-month,28,29.75,DSL,0.4223275598199196,Medium
6647-ZEDXT,One year,30,110.45,Fiber optic,0.4222433912764487,Medium
6773-LQTVT,Month-to-month,29,35.65,DSL,0.4221445853644507,Medium
0887-WBJVH,One year,53,93.45,Fiber optic,0.42211543265151125,Medium
5639-NTUPK,Month-to-month,13,52.1,DSL,0.42167720270079506,Medium
6397-JNZZG,Month-to-month,43,55.55,DSL,0.421447255352816,Medium
6507-DTJZV,Month-to-month,13,66.4,DSL,0.42137477554990027,Medium
6791-YBNAK,Month-to-month,18,25.55,DSL,0.42134772730752834,Medium
3521-SYVOR,Month-to-month,37,64.75,DSL,0.42134350114935454,Medium
6576-FBXOJ,One year,17,54.6,DSL,0.4213036304863818,Medium
5828-DWPIL,Month-to-month,62,89.1,Fiber optic,0.4211055455844008,Medium
2284-VFLKH,One year,49,99.25,Fiber optic,0.4211049209205612,Medium
6217-TOWGS,Month-to-month,17,75.4,DSL,0.4208400695729152,Medium
7025-IWFHT,One year,41,89.55,Fiber optic,0.42075058793314685,Medium
8715-KKTFG,One year,61,103.3,Fiber optic,0.4207120712593236,Medium
5846-QFDFI,Month-to-month,33,88.6,Fiber optic,0.4206797058012192,Medium
7883-ROJOC,Month-to-month,19,44.9,DSL,0.4204905713055707,Medium
5438-QMDDL,Month-to-month,19,59.8,DSL,0.420486220845068,Medium
4869-EPIUS,One year,56,80.9,Fiber optic,0.42037808287101774,Medium
4525-VZCZG,One year,54,105.85,Fiber optic,0.41990335649443916,Medium
5198-EFNBM,One year,57,90.65,Fiber optic,0.4198469266995411,Medium
4003-FUSHP,Month-to-month,19,61.55,DSL,0.4193080960802104,Medium
1357-MVDOZ,Month-to-month,11,59.65,DSL,0.4190894230040584,Medium
3016-KSVCP,Month-to-month,29,33.75,DSL,0.4189472471490016,Medium
1867-TJHTS,Month-to-month,58,79.8,Fiber optic,0.4184629177750556,Medium
9402-CXWPL,One year,70,98.9,Fiber optic,0.4182448093611279,Medium
5325-UWTWJ,Month-to-month,31,90.55,Fiber optic,0.41821477083844105,Medium
7251-XFOIL,Month-to-month,61,89.2,Fiber optic,0.41820553674789324,Medium
3640-JQGJG,Month-to-month,13,44.8,DSL,0.41806635678384163,Medium
3170-GWYKC,Month-to-month,60,104.95,Fiber optic,0.4177241186200127,Medium
8417-GSODA,One year,28,92.2,Fiber optic,0.4177078178108638,Medium
6050-IJRHS,One year,70,106.5,Fiber optic,0.41727750269232294,Medium
7402-PWYJJ,One year,53,91.15,Fiber optic,0.41712292022369746,Medium
4832-VRBMR,One year,65,103.15,Fiber optic,0.4170374077609419,Medium
6994-FGRHH,One year,70,106.15,Fiber optic,0.4162072830840807,Medium
0239-OXEXL,Month-to-month,46,84.25,Fiber optic,0.41619398343895836,Medium
2615-YVMYX,Month-to-month,71,107.5,Fiber optic,0.41603536573517996,Medium
9494-BDNNC,One year,66,95.3,Fiber optic,0.4158317016067876,Medium
0365-TRTPY,Month-to-month,37,91.2,Fiber optic,0.4158196186124642,Medium
5298-GSTLM,One year,60,101.4,Fiber optic,0.41573291624812186,Medium
2716-GFZOR,Month-to-month,43,86.1,Fiber optic,0.4155966036156201,Medium
9909-DFRJA,One year,26,95.85,Fiber optic,0.4155473723388911,Medium
7241-AJHFS,Month-to-month,32,87.65,Fiber optic,0.41550444615340365,Medium
6383-ZTSIW,One year,39,99.1,Fiber optic,0.41547651508566896,Medium
1703-MGIAB,Month-to-month,17,69.0,DSL,0.4152184665893307,Medium
9099-FTUHS,Month-to-month,23,54.4,DSL,0.4150604522489654,Medium
3639-XJHKQ,Month-to-month,19,60.6,DSL,0.4149960010520127,Medium
3470-BTGQO,Month-to-month,21,45.65,DSL,0.4148050677005331,Medium
3629-WEAAM,Month-to-month,8,64.1,DSL,0.41456788065973227,Medium
1545-ACTAS,One year,48,99.7,Fiber optic,0.414549315373667,Medium
5206-HPJKM,Month-to-month,17,55.5,DSL,0.414343673194775,Medium
2911-UREFD,Month-to-month,39,55.9,DSL,0.41420651357142074,Medium
0956-ACVZC,One year,54,94.1,Fiber optic,0.41395896920280084,Medium
5056-FIMPT,One year,43,106.0,Fiber optic,0.4138769447401124,Medium
7409-JURKQ,One year,53,111.8,Fiber optic,0.4134246873996415,Medium
5154-VEKBL,Month-to-month,9,58.5,DSL,0.41316337726981817,Medium
0595-ITUDF,Month-to-month,64,91.8,Fiber optic,0.413023620006482,Medium
7124-UGSUR,One year,61,104.4,Fiber optic,0.41280843666142386,Medium
7632-MNYOY,One year,66,110.9,Fiber optic,0.4123078591666228,Medium
4250-WAROZ,Month-to-month,60,93.25,Fiber optic,0.4121510977507956,Medium
4710-FDUIZ,One year,56,100.3,Fiber optic,0.4120976243035775,Medium
2533-TIBIX,Month-to-month,15,30.2,DSL,0.412053992786841,Medium
2522-AHJXR,Month-to-month,60,109.45,Fiber optic,0.4120279260931016,Medium
3410-MHHUM,One year,44,94.4,Fiber optic,0.4117953527525603,Medium
6421-SZVEM,One year,28,82.85,Fiber optic,0.41150425233639143,Medium
5569-IDSEY,One year,71,105.7,Fiber optic,0.4111911441411999,Medium
4016-BJKTZ,Two year,25,108.9,Fiber optic,0.41099620522786695,Medium
3701-SFMUH,Month-to-month,7,69.7,DSL,0.41095250239060016,Medium
3097-IDVPU,Month-to-month,19,50.1,DSL,0.410883729219363,Medium
7799-DSEWS,Month-to-month,18,68.35,DSL,0.4107722015903175,Medium
2560-PPCHE,One year,65,105.05,Fiber optic,0.4106794007596814,Medium
7821-DPRQE,Month-to-month,68,107.7,Fiber optic,0.41056442206347604,Medium
2087-QAREY,Month-to-month,22,54.7,DSL,0.4105484166879713,Medium
0103-CSITQ,One year,57,109.4,Fiber optic,0.41024269137150793,Medium
7446-YPODE,Month-to-month,11,60.25,DSL,0.4100166299215217,Medium
7078-NVFAM,Month-to-month,32,35.15,DSL,0.4095816187529484,Medium
9844-FELAJ,One year,70,107.9,Fiber optic,0.4095133252894881,Medium
1485-YDHMM,Month-to-month,52,93.25,Fiber optic,0.40944092842695473,Medium
3199-NPKCN,One year,67,111.25,Fiber optic,0.40940827929104334,Medium
4184-VODJZ,One year,63,91.35,Fiber optic,0.40939180095474487,Medium
3253-HKOKL,One year,52,100.3,Fiber optic,0.40919197599090557,Medium
2758-RNWXS,One year,35,89.2,Fiber optic,0.4091233444256779,Medium
2027-OAQQC,Month-to-month,43,49.05,DSL,0.4090753300816062,Medium
0961-ZWLVI,One year,49,109.2,Fiber optic,0.4090355217897345,Medium
5366-OBVMR,Month-to-month,18,50.3,DSL,0.40885192281870936,Medium
4710-NKCAW,Month-to-month,5,64.4,DSL,0.40878167122529074,Medium
4190-MFLUW,Month-to-month,10,55.2,DSL,0.40871384398661414,Medium
2080-SRCDE,Month-to-month,1,25.4,No,0.40868402996262315,Medium
4816-OKWNX,One year,50,103.4,Fiber optic,0.4086788362158279,Medium
3982-XWFZQ,Month-to-month,42,50.25,DSL,0.4084521798935314,Medium
8930-XOTDP,Month-to-month,18,55.95,DSL,0.4084239650253945,Medium
5708-EVONK,Month-to-month,58,93.4,Fiber optic,0.40826616786716863,Medium
2165-VOEGB,One year,46,105.2,Fiber optic,0.40819311395263125,Medium
7537-CBQUZ,Month-to-month,63,109.4,Fiber optic,0.40818390450179787,Medium
8495-PRWFH,Month-to-month,42,55.65,DSL,0.40775952444707064,Medium
8597-CWYHH,One year,43,94.35,Fiber optic,0.4075894530814647,Medium
2985-JUUBZ,Month-to-month,40,74.55,DSL,0.407415859496243,Medium
6333-YDVLT,One year,65,110.0,Fiber optic,0.4072166483764327,Medium
8735-DCXNF,Month-to-month,10,54.95,DSL,0.4071330931511833,Medium
9659-ZTWSM,One year,66,107.35,Fiber optic,0.4069805060327297,Medium
6447-GORXK,Month-to-month,31,25.0,DSL,0.40665915920025886,Medium
9828-QHFBK,Month-to-month,24,51.15,DSL,0.4064988525695957,Medium
8049-WJCLQ,Month-to-month,10,60.2,DSL,0.40610415413416423,Medium
8495-LJDFO,Month-to-month,64,108.95,Fiber optic,0.4061016248407695,Medium
2446-ZKVAF,Month-to-month,18,56.8,DSL,0.4056182369358518,Medium
2712-SYWAY,Month-to-month,1,25.7,No,0.4054590816841786,Medium
9974-JFBHQ,Month-to-month,64,99.15,Fiber optic,0.4050480085459521,Medium
6345-ULYRW,One year,44,88.4,Fiber optic,0.4049390859718036,Medium
8547-NSBBO,Month-to-month,35,96.75,Fiber optic,0.404895819323851,Medium
7136-RVDTZ,One year,70,45.25,DSL,0.4046959944687373,Medium
4580-TMHJU,Month-to-month,43,56.15,DSL,0.4045287110564959,Medium
4075-JFPGR,One year,51,93.5,Fiber optic,0.40377220880620174,Medium
4450-MDZFX,Month-to-month,60,74.35,Fiber optic,0.4033756092442691,Medium
0409-WTMPL,One year,58,110.65,Fiber optic,0.40301957758119705,Medium
7750-EYXWZ,One year,12,60.65,DSL,0.4026870090100538,Medium
0048-LUMLS,One year,37,91.2,Fiber optic,0.4025589908313673,Medium
5334-JLAXU,Month-to-month,60,94.1,Fiber optic,0.4025452653083446,Medium
6008-NAIXK,One year,54,55.45,DSL,0.402531275015365,Medium
7716-YTYHG,One year,48,82.05,Fiber optic,0.4024678148610684,Medium
1297-VQDRP,One year,68,107.15,Fiber optic,0.40224596184609085,Medium
5287-QWLKY,Month-to-month,71,105.1,Fiber optic,0.4021716093285546,Medium
9489-UTFKA,Month-to-month,8,60.9,DSL,0.40212461062985316,Medium
8190-ZTQFB,One year,41,51.35,DSL,0.40188924330861453,Medium
1448-CYWKC,One year,58,105.2,Fiber optic,0.40174260400608514,Medium
8904-OPDCK,Month-to-month,54,24.95,DSL,0.40113758653267195,Medium
9033-EOXWV,One year,12,74.05,DSL,0.40103093781812693,Medium
2272-JKMSI,One year,62,110.8,Fiber optic,0.4009611233869442,Medium
7382-DFJTU,Month-to-month,18,55.2,DSL,0.4009393240054388,Medium
5202-IVJNU,Month-to-month,39,30.1,DSL,0.40047251495305775,Medium
7919-ZODZZ,One year,10,65.9,DSL,0.40039474934843994,Medium
5014-WUQMG,One year,47,96.1,Fiber optic,0.39976619185532697,Medium
7619-ODSGN,Month-to-month,24,54.75,DSL,0.3996901912149522,Medium
3092-IGHWF,One year,67,87.4,Fiber optic,0.3995464393999856,Medium
2250-IVBWA,Month-to-month,64,81.05,Fiber optic,0.39932873436911376,Medium
1061-PNTHC,Month-to-month,56,109.6,Fiber optic,0.39852675321779346,Medium
9058-HRZSV,Month-to-month,65,94.4,Fiber optic,0.3982221209195249,Medium
1794-SWWKL,Month-to-month,15,59.65,DSL,0.3981655908646109,Medium
4753-PADAS,One year,67,105.7,Fiber optic,0.3981317161053228,Medium
5827-MWCZK,Month-to-month,56,96.95,Fiber optic,0.3978750442807929,Medium
5206-XZZQI,Month-to-month,53,80.6,Fiber optic,0.3977304062887559,Medium
8050-WYBND,One year,22,49.45,DSL,0.3976442383618812,Medium
1322-AGOQM,Month-to-month,46,30.3,DSL,0.3974309078992032,Medium
9391-YZEJW,One year,62,94.0,Fiber optic,0.3973484604352937,Medium
5968-XQIVE,One year,72,89.7,Fiber optic,0.3973122946494734,Medium
7622-NXQZR,Month-to-month,28,30.1,DSL,0.3971091005163313,Medium
0774-IFUVM,Month-to-month,11,65.15,DSL,0.39678379530212177,Medium
3256-EZDBI,Month-to-month,51,29.45,DSL,0.39650768316252466,Medium
1135-HIORI,One year,64,111.45,Fiber optic,0.39625981159721907,Medium
4194-WHFCB,Month-to-month,59,96.65,Fiber optic,0.39623783006011937,Medium
4316-XCSLJ,Month-to-month,17,50.3,DSL,0.39609710050239083,Medium
4291-HYEBC,One year,28,39.1,DSL,0.39604548384197985,Medium
9079-LWTFD,Month-to-month,47,100.75,Fiber optic,0.3957290588040225,Medium
2923-ARZLG,One year,0,19.7,No,0.3953764968301588,Medium
6907-CQGPN,Month-to-month,29,34.3,DSL,0.39536556641253706,Medium
4929-ROART,Month-to-month,18,56.25,DSL,0.3951554377044231,Medium
6655-LHBYW,One year,50,114.35,Fiber optic,0.3951271243676018,Medium
3521-MNKLV,Month-to-month,24,49.7,DSL,0.3946024620631794,Medium
2229-VWQJH,Month-to-month,24,49.3,DSL,0.39439338260381157,Medium
0206-TBWLC,One year,54,114.65,Fiber optic,0.39435562325647167,Medium
3104-OWCGK,One year,60,90.95,Fiber optic,0.39434329571644455,Medium
8091-TTVAX,One year,58,100.35,Fiber optic,0.3942164937355061,Medium
7299-GNVPL,Month-to-month,23,84.4,Fiber optic,0.3941626300595598,Medium
3468-DRVQJ,One year,10,70.3,DSL,0.39412459247878684,Medium
5734-EJKXG,One year,61,118.6,Fiber optic,0.3939796984242143,Medium
0479-HMSWA,Two year,26,105.45,Fiber optic,0.3938684035619556,Medium
6067-NGCEU,Month-to-month,65,111.05,Fiber optic,0.3937181762764696,Medium
0308-GIQJT,One year,71,105.75,Fiber optic,0.3936891455369487,Medium
4310-KEDTB,Month-to-month,26,29.8,DSL,0.39356896994011853,Medium
8198-RKSZG,Month-to-month,14,80.45,DSL,0.39327540211436257,Medium
4501-VCPFK,Month-to-month,26,35.75,DSL,0.39317080432102663,Medium
7721-JXEAW,Month-to-month,59,41.05,DSL,0.3931164485535305,Medium
0550-DCXLH,Month-to-month,13,73.35,DSL,0.3930129676502061,Medium
4374-YMUSQ,One year,34,116.25,Fiber optic,0.39295556097875795,Medium
9591-YVTEB,Month-to-month,55,44.85,DSL,0.39237874249743676,Medium
5966-EMAZU,One year,64,108.5,Fiber optic,0.39208235762580645,Medium
6281-FKEWS,One year,44,49.05,DSL,0.391624570973154,Medium
9746-MDMBK,One year,47,113.45,Fiber optic,0.3913919837790521,Medium
8433-WPJTV,One year,65,103.9,Fiber optic,0.39129226723061916,Medium
8627-EHGIP,One year,44,53.95,DSL,0.3912876827912435,Medium
0953-LGOVU,Month-to-month,12,35.5,DSL,0.3911040040434651,Medium
6480-YAGIY,One year,45,112.2,Fiber optic,0.3909689482559378,Medium
0580-PIQHM,One year,41,101.6,Fiber optic,0.3909660074320031,Medium
2969-WGHQO,One year,7,69.45,DSL,0.39064290876085994,Medium
1480-IVEVR,One year,35,81.6,Fiber optic,0.39062355653792347,Medium
5140-FOMCQ,One year,59,109.15,Fiber optic,0.3905485040933915,Medium
6563-VNPMN,Month-to-month,45,85.7,Fiber optic,0.3902663245960398,Medium
3230-WYKIR,One year,18,82.0,DSL,0.3899662137807933,Medium
6439-LAJXL,Month-to-month,9,68.95,DSL,0.38961106838686616,Medium
0442-ZXKVS,One year,54,115.6,Fiber optic,0.3892866130476854,Medium
5312-IRCFR,One year,64,92.85,Fiber optic,0.3891964042777891,Medium
9571-EDEBV,One year,71,98.65,Fiber optic,0.38887124971016745,Medium
6429-SHBCB,Month-to-month,19,69.6,DSL,0.3884820022550082,Medium
9139-WQQDY,One year,49,100.45,Fiber optic,0.38843805265831327,Medium
2896-TBNBE,One year,40,80.8,Fiber optic,0.38816761568118235,Medium
0369-ZGOVK,One year,28,70.4,Fiber optic,0.38812756058246417,Medium
6620-JDYNW,Month-to-month,18,60.6,DSL,0.3881175400942286,Medium
7824-PANSQ,Month-to-month,58,80.65,Fiber optic,0.38808574131385515,Medium
3128-YOVTD,Month-to-month,51,79.15,Fiber optic,0.38775523520570043,Medium
1447-PJGGA,Two year,57,95.25,Fiber optic,0.38773624607900375,Medium
4472-VESGY,Month-to-month,52,98.15,Fiber optic,0.38730410171053786,Medium
7811-JIVPF,Month-to-month,23,49.7,DSL,0.38722458158940126,Medium
5590-ZSKRV,Month-to-month,8,54.65,DSL,0.38694923892549826,Medium
3307-TLCUD,Month-to-month,17,34.4,DSL,0.38679000748073966,Medium
3285-UCQVC,Month-to-month,37,28.6,DSL,0.38672718249799276,Medium
8070-AAWZP,Month-to-month,24,34.25,DSL,0.38668654696762816,Medium
6705-LNMDD,Month-to-month,20,50.0,DSL,0.3866335802678325,Medium
0719-SYFRB,Month-to-month,12,61.65,DSL,0.38661167068565677,Medium
7663-ZTEGJ,One year,29,100.55,Fiber optic,0.3864756307183073,Medium
5897-ZYEKH,One year,67,105.6,Fiber optic,0.3864322772890055,Medium
3570-YUEKJ,Month-to-month,42,49.55,DSL,0.38612131668372923,Medium
9738-QLWTP,One year,39,81.9,Fiber optic,0.3861190128598911,Medium
0191-ZHSKZ,Month-to-month,30,74.75,DSL,0.3855589646410258,Medium
4323-OHFOW,One year,70,105.55,Fiber optic,0.38554783879136345,Medium
9036-CSKBW,One year,51,107.45,Fiber optic,0.38553064779372614,Medium
4402-FTBXC,Month-to-month,54,89.8,Fiber optic,0.385292334775867,Medium
5176-LDKUH,One year,48,75.15,Fiber optic,0.38514942241641537,Medium
1853-ARAAQ,Month-to-month,26,50.35,DSL,0.38508702596783945,Medium
4476-OSWTN,One year,69,110.55,Fiber optic,0.3849069204806388,Medium
4676-MQUEA,One year,50,101.9,Fiber optic,0.38455149426868057,Medium
0308-IVGOK,One year,11,40.4,DSL,0.3843743122494544,Medium
6137-MFAJN,Month-to-month,48,44.8,DSL,0.38430432455218777,Medium
2402-TAIRZ,One year,37,80.05,Fiber optic,0.38417240972422184,Medium
4450-YOOHP,Month-to-month,39,50.65,DSL,0.38391850952624057,Medium
5223-UZAVK,One year,64,100.3,Fiber optic,0.38384359943438523,Medium
0748-RDGGM,One year,70,109.5,Fiber optic,0.38378983529198324,Medium
0330-BGYZE,One year,60,102.5,Fiber optic,0.3836140498119291,Medium
3948-XHGNA,Month-to-month,24,49.55,DSL,0.38355294238415566,Medium
8199-ZLLSA,One year,67,118.35,Fiber optic,0.3835233797731336,Medium
4083-BFNYK,One year,38,95.0,Fiber optic,0.38345179822921416,Medium
0750-EBAIU,One year,52,91.25,Fiber optic,0.38334593775115033,Medium
8849-PRIQJ,One year,67,109.4,Fiber optic,0.38324999713883273,Medium
2843-CQMEG,Month-to-month,24,49.7,DSL,0.3832068572239066,Medium
9138-EFSMO,One year,26,78.95,Fiber optic,0.38310196757951187,Medium
4712-AUQZO,Month-to-month,18,33.6,DSL,0.38303819281098855,Medium
5533-RJFTJ,Month-to-month,49,30.2,DSL,0.38272325394534773,Medium
5945-AZYHT,One year,71,109.6,Fiber optic,0.3826883233230236,Medium
6804-GDMOI,Two year,61,106.6,Fiber optic,0.3824105275767522,Medium
8268-YDIXR,One year,56,93.15,Fiber optic,0.3823157451758203,Medium
7797-EJMDP,Month-to-month,8,66.05,DSL,0.38216042593576677,Medium
4524-QCSSM,Month-to-month,26,44.65,DSL,0.3817598638728842,Medium
9881-VCZEP,Month-to-month,25,54.1,DSL,0.38170795083873726,Medium
9972-VAFJJ,One year,53,94.0,Fiber optic,0.3817018335398486,Medium
8201-AAXCB,Month-to-month,25,60.35,DSL,0.38145186283358246,Medium
6198-PNNSZ,One year,56,109.8,Fiber optic,0.3812724952433145,Medium
3339-EAQNV,One year,72,97.25,Fiber optic,0.38127035838691997,Medium
1202-KKGFU,Month-to-month,12,54.2,DSL,0.3811041859196061,Medium
2270-CHBFN,Month-to-month,44,95.1,Fiber optic,0.3810244524584536,Medium
1110-KYLGQ,Month-to-month,63,108.25,Fiber optic,0.3809194431157535,Medium
2239-CFOUJ,One year,1,20.4,No,0.38062321781886593,Medium
8148-BPLZQ,Month-to-month,34,49.8,DSL,0.38030204592786615,Medium
6994-ORCWG,One year,14,54.25,DSL,0.37998903479666096,Medium
5469-CTCWN,One year,61,106.0,Fiber optic,0.3797395457971632,Medium
1347-KTTTA,One year,64,102.45,Fiber optic,0.3793666813199685,Medium
3680-CTHUH,One year,60,116.6,Fiber optic,0.3789963687349171,Medium
2972-YDYUW,One year,57,94.7,Fiber optic,0.37892818889795926,Medium
4132-POCZS,Month-to-month,52,39.9,DSL,0.3787888714621815,Medium
9896-UYMIE,One year,66,114.3,Fiber optic,0.37871532247261025,Medium
7041-TXQJH,Month-to-month,37,40.2,DSL,0.3786810779467632,Medium
1573-LGXBA,One year,57,97.55,Fiber optic,0.3786743653628752,Medium
1810-BOHSY,One year,51,96.4,Fiber optic,0.37857990936184566,Medium
0939-EREMR,Month-to-month,13,53.45,DSL,0.37840833477958047,Medium
2898-MRKPI,One year,68,101.05,Fiber optic,0.37839744469325715,Medium
0872-JCPIB,Month-to-month,17,65.75,DSL,0.3781866427191337,Medium
8706-HRADD,Month-to-month,21,43.55,DSL,0.37736703169565333,Medium
9052-VKDUW,Month-to-month,65,109.4,Fiber optic,0.37735295460631646,Medium
5562-BETPV,One year,1,19.65,No,0.37734746845906536,Medium
1395-OFUWC,Month-to-month,43,29.3,DSL,0.3772852526390062,Medium
8671-KKKOS,Month-to-month,46,45.55,DSL,0.37718323059773967,Medium
5423-BHIXO,Month-to-month,32,54.2,DSL,0.3771197752496919,Medium
1950-KSVVJ,One year,45,113.3,Fiber optic,0.37706869751573097,Medium
3863-IUBJR,One year,12,53.65,DSL,0.3770552157305113,Medium
8623-ULFNQ,Month-to-month,26,66.05,DSL,0.37679066097063835,Medium
3606-SBKRY,One year,31,50.05,DSL,0.37675619980540753,Medium
9373-WSLOY,Month-to-month,33,50.0,DSL,0.3765929486854087,Medium
1958-RNRKS,Month-to-month,30,49.9,DSL,0.37643304486214235,Medium
5995-OIGLP,Month-to-month,12,56.65,DSL,0.3763789061942665,Medium
7607-QKKTJ,One year,45,95.0,Fiber optic,0.3763620899452748,Medium
3316-UWXUY,Month-to-month,50,93.5,Fiber optic,0.3763472923902282,Medium
7776-QWNFX,Month-to-month,30,50.4,DSL,0.37619970091078847,Medium
6733-LRIZX,Two year,35,108.95,Fiber optic,0.37577305155608604,Medium
3428-MMGUB,Two year,60,89.55,Fiber optic,0.3756700018413595,Medium
5027-YOCXN,One year,51,110.05,Fiber optic,0.3756646219887534,Medium
2796-UUZZO,Month-to-month,63,80.3,Fiber optic,0.3756315593105954,Medium
3466-BYAVD,Month-to-month,15,69.5,DSL,0.3755570914400331,Medium
6465-GSRCL,One year,67,106.6,Fiber optic,0.3754996797774874,Medium
1591-MQJTP,One year,51,93.65,Fiber optic,0.3753234466532623,Medium
8849-GYOKR,One year,54,106.55,Fiber optic,0.37518271778968026,Medium
4495-LHSSK,Month-to-month,18,57.65,DSL,0.3751456092928244,Medium
6583-SZVGP,Two year,48,108.1,Fiber optic,0.3750748650129298,Medium
0274-JKUJR,Month-to-month,7,58.85,DSL,0.37499902124038015,Medium
1229-RCALF,One year,64,115.0,Fiber optic,0.37452312886314293,Medium
1360-RCYRT,Month-to-month,23,30.35,DSL,0.3744174064620712,Medium
3736-BLEPA,One year,28,91.25,Fiber optic,0.3737097159743094,Medium
6097-EQISJ,One year,66,102.45,Fiber optic,0.3735662845654148,Medium
5811-IWXYM,One year,52,101.25,Fiber optic,0.37307928237682636,Medium
6128-DAFVY,Month-to-month,56,44.85,DSL,0.3730748420705625,Medium
7395-XWZOY,Month-to-month,20,55.0,DSL,0.37275893193954496,Medium
3472-OAOOR,Month-to-month,19,34.95,DSL,0.37230612114163564,Medium
1707-HABPF,One year,46,91.3,Fiber optic,0.3722377865722237,Medium
9496-IVVRP,Month-to-month,11,51.0,DSL,0.37216635449275154,Medium
5481-NTDOH,One year,67,107.05,Fiber optic,0.3721474703534083,Medium
9565-JSNFM,One year,38,70.45,Fiber optic,0.37209303308915065,Medium
1360-XFJMR,One year,67,109.7,Fiber optic,0.37202757899692057,Medium
6723-WSNTY,One year,66,108.1,Fiber optic,0.3716104026637893,Medium
4908-XAXAY,One year,49,89.85,Fiber optic,0.3711865335045198,Medium
4283-IVYCI,Month-to-month,9,64.95,DSL,0.37113992458006595,Medium
8999-XXGNS,One year,72,105.75,Fiber optic,0.3710070695808631,Medium
0678-RLHVP,Two year,53,105.55,Fiber optic,0.37094317220240536,Medium
2519-ERQOJ,Month-to-month,33,54.6,DSL,0.37072429480855534,Medium
8980-WQFWL,Month-to-month,35,62.1,DSL,0.37064923746521106,Medium
6837-HAEVO,Two year,69,105.0,Fiber optic,0.3704716692633995,Medium
4765-OXPPD,Month-to-month,9,65.0,DSL,0.37030016224266,Medium
9475-NNDGC,One year,71,113.15,Fiber optic,0.36958451390874986,Medium
9763-GRSKD,Month-to-month,13,49.95,DSL,0.36901507697694524,Medium
2379-GYFLQ,One year,46,94.9,Fiber optic,0.3685389056405114,Medium
7856-GANIL,One year,45,98.7,Fiber optic,0.36821320142906716,Medium
2858-MOFSQ,One year,17,55.85,DSL,0.3679951919094017,Medium
0036-IHMOT,One year,55,103.7,Fiber optic,0.3677108033392126,Medium
2931-XIQBR,One year,50,103.05,Fiber optic,0.3676976957662159,Medium
7740-KKCXF,Month-to-month,51,30.05,DSL,0.36769673620352633,Medium
0471-LVHGK,One year,41,73.0,DSL,0.36748275696549193,Medium
8421-WZOOW,Month-to-month,57,95.3,Fiber optic,0.36737975690724944,Medium
6322-PJJDJ,Two year,49,94.8,Fiber optic,0.36726796583080484,Medium
3209-ZPKFI,Month-to-month,47,54.25,DSL,0.36692249657420545,Medium
2458-EOMRE,Month-to-month,11,64.05,DSL,0.3668701903219422,Medium
6211-WHMYA,Month-to-month,64,43.85,DSL,0.36662857209680877,Medium
6296-DDOOR,One year,19,58.2,DSL,0.3665585717901278,Medium
1732-FEKLD,One year,54,94.75,Fiber optic,0.3664870443999028,Medium
3723-BFBGR,Month-to-month,24,54.8,DSL,0.36647169589766176,Medium
2019-HDCZY,Two year,63,102.6,Fiber optic,0.3662983821031974,Medium
6728-CZFEI,One year,15,56.15,DSL,0.36622315066890787,Medium
6469-MRVET,One year,1,20.2,No,0.36609204669856177,Medium
2692-AQCPF,One year,65,108.05,Fiber optic,0.3658444473495407,Medium
2967-MXRAV,One year,1,18.8,No,0.365701191968825,Medium
0997-YTLNY,Month-to-month,19,48.8,DSL,0.36565333434114206,Medium
3086-RUCRN,Month-to-month,66,103.1,Fiber optic,0.365565475030526,Medium
7016-NVRIC,One year,29,90.1,Fiber optic,0.3654647065875753,Medium
6366-XIVKZ,Month-to-month,13,63.15,DSL,0.36528723946966724,Medium
1397-XKKWR,One year,7,35.3,DSL,0.3652003840812431,Medium
0786-IVLAW,One year,66,108.1,Fiber optic,0.3650624613496768,Medium
7143-BQIBA,Month-to-month,10,62.25,DSL,0.3649995944888677,Medium
5748-RNCJT,Two year,69,106.5,Fiber optic,0.364946781179275,Medium
0002-ORFBO,One year,9,65.6,DSL,0.364793548576537,Medium
1710-RCXUS,One year,51,90.35,Fiber optic,0.3645865614114203,Medium
3865-ZYKAD,Month-to-month,69,84.9,Fiber optic,0.3642282378109865,Medium
2748-MYRVK,One year,63,99.9,Fiber optic,0.3641869758766738,Medium
5740-YHGTW,Month-to-month,70,97.55,Fiber optic,0.3638188990649189,Medium
0523-VNGTF,Month-to-month,52,50.5,DSL,0.3633649093931724,Medium
9978-HYCIN,One year,47,84.95,Fiber optic,0.36283790042056047,Medium
6906-MPARY,One year,40,89.6,Fiber optic,0.36199778599049925,Medium
8402-EIVQS,One year,67,100.9,Fiber optic,0.361442977924552,Medium
4282-MSACW,One year,68,117.2,Fiber optic,0.3611007271974338,Medium
5730-RIITO,Month-to-month,43,33.45,DSL,0.3610364167890237,Medium
8878-RYUKI,Month-to-month,52,59.45,DSL,0.3608688058279524,Medium
5678-VFNEQ,One year,71,104.1,Fiber optic,0.3605339153226197,Medium
8905-IAZPF,One year,69,95.65,Fiber optic,0.36020363812797024,Medium
2001-EWBQU,Two year,60,104.7,Fiber optic,0.36007667159929174,Medium
7666-WKRON,Two year,39,80.45,Fiber optic,0.36002295031045567,Medium
1116-DXXDF,Two year,39,100.45,Fiber optic,0.35998079383224973,Medium
1153-GNOLC,One year,33,39.1,DSL,0.3597658130270841,Medium
5921-NGYRH,Month-to-month,64,73.55,Fiber optic,0.35927925476086264,Medium
7572-KPVKK,Two year,62,104.05,Fiber optic,0.3591249091133841,Medium
7989-AWGEH,Month-to-month,49,39.2,DSL,0.3590160503275677,Medium
5150-LJNSR,One year,31,98.05,Fiber optic,0.3587620580524363,Medium
0820-FNRNX,Month-to-month,17,66.7,DSL,0.35791531025441764,Medium
7718-UPSKJ,One year,69,106.4,Fiber optic,0.3577964253625305,Medium
8769-KKTPH,One year,63,99.65,Fiber optic,0.35761715017795814,Medium
5376-PCKNB,One year,72,104.45,Fiber optic,0.35720226038588704,Medium
2001-MCUUW,Two year,46,108.65,Fiber optic,0.3569120249334297,Medium
2659-VXMWZ,One year,67,111.3,Fiber optic,0.35605525385953835,Medium
6797-UCJHZ,One year,66,104.6,Fiber optic,0.35559360544910634,Medium
8216-AZUUZ,Two year,42,100.4,Fiber optic,0.35535888316937947,Medium
4576-CSAJH,One year,22,55.15,DSL,0.3553347549699789,Medium
1840-BIUOG,One year,20,68.7,DSL,0.3552440297740083,Medium
9391-DXGGG,One year,44,89.15,Fiber optic,0.3551988163240244,Medium
1064-FBXNK,One year,1,19.85,No,0.3548241973089982,Medium
7614-QVWQL,One year,49,51.8,DSL,0.35477388552479105,Medium
3164-YAXFY,Month-to-month,57,53.75,DSL,0.35466869975859766,Medium
3642-GKTCT,One year,61,115.1,Fiber optic,0.35397333600376163,Medium
1017-FBQMM,One year,62,106.05,Fiber optic,0.3539404797847338,Medium
5619-PTMIK,Month-to-month,46,53.1,DSL,0.35380565750118126,Medium
3758-CKOQL,One year,59,107.0,Fiber optic,0.35378785388940603,Medium
9863-JZAIC,Month-to-month,35,55.0,DSL,0.3536819432589202,Medium
6475-VHUIZ,Month-to-month,23,54.25,DSL,0.35348543935970167,Medium
5084-OOVCJ,Month-to-month,17,55.35,DSL,0.3533833649335979,Medium
8865-TNMNX,One year,10,49.55,DSL,0.353129534791894,Medium
8263-OKETD,Month-to-month,20,68.9,DSL,0.35311281892214413,Medium
0516-UXRMT,One year,62,92.05,Fiber optic,0.35300392710931044,Medium
9501-UKKNL,Month-to-month,59,51.7,DSL,0.3529681793390685,Medium
3179-GBRWV,Month-to-month,21,64.95,DSL,0.3529570951393477,Medium
6749-UTDVX,Two year,72,103.65,Fiber optic,0.352523299363056,Medium
7074-STDCN,Month-to-month,39,40.6,DSL,0.3524721491587089,Medium
5445-PZWGX,One year,62,102.0,Fiber optic,0.3520902019613441,Medium
3523-QRQLL,One year,22,69.5,DSL,0.35178760182511387,Medium
7088-FBAWU,Month-to-month,17,74.55,DSL,0.351680079545516,Medium
9115-YQHGA,Month-to-month,40,51.1,DSL,0.3516528745045493,Medium
3893-JRNFS,Month-to-month,68,39.9,DSL,0.3511838956738956,Medium
5168-MQQCA,One year,72,108.5,Fiber optic,0.3511239379478084,Medium
6839-ITVZJ,Month-to-month,26,60.05,DSL,0.3508204112096365,Medium
8992-OBVDG,Month-to-month,21,61.65,DSL,0.3507119802418752,Medium
0080-EMYVY,One year,14,51.45,DSL,0.3505897916882794,Medium
0297-RBCSG,One year,19,65.35,DSL,0.3503170296176164,Medium
0186-CAERR,One year,71,116.3,Fiber optic,0.3502618050742376,Medium
5136-RGMZO,Month-to-month,31,71.05,DSL,0.3502263947121467,Medium
5566-SOEZD,One year,27,80.65,Fiber optic,0.35020429765639743,Medium
9114-VEPUF,One year,62,96.1,Fiber optic,0.3497972656510311,Medium
8894-JVDCV,One year,62,115.05,Fiber optic,0.3496231190143851,Medium
1142-IHLOO,One year,51,87.55,Fiber optic,0.34955032381007767,Medium
3070-BDOQC,Two year,60,99.65,Fiber optic,0.34933329515247136,Medium
5996-NRVXR,One year,40,98.15,Fiber optic,0.3491872904376183,Medium
1051-GEJLJ,Month-to-month,2,19.5,No,0.3491645073466562,Medium
6890-PFRQX,Month-to-month,18,69.5,DSL,0.3488481779238715,Medium
0373-AIVNJ,One year,9,39.55,DSL,0.34866626132188455,Medium
5949-HGVJL,Month-to-month,26,73.05,DSL,0.348083750876423,Medium
7746-AWNQW,Month-to-month,28,35.75,DSL,0.34762763146062536,Medium
9013-AQORL,Month-to-month,48,45.55,DSL,0.34721091792693753,Medium
1400-WIVLL,Two year,57,107.95,Fiber optic,0.34699675784517303,Medium
3528-HFRIQ,Month-to-month,71,52.3,DSL,0.3468595619611507,Medium
3780-DDGSE,Month-to-month,35,76.05,DSL,0.34683696354209004,Medium
6476-YHMGA,Month-to-month,15,76.5,DSL,0.3467384419647017,Medium
5593-SUAOO,One year,24,83.15,Fiber optic,0.34650883641033425,Medium
2696-ECXKC,One year,55,100.9,Fiber optic,0.34644819273586813,Medium
6227-FBDXH,One year,69,99.5,Fiber optic,0.3464221002538734,Medium
9839-ETQOE,Month-to-month,43,40.45,DSL,0.34620722877814963,Medium
8809-RIHDD,Two year,72,103.4,Fiber optic,0.34605893005887556,Medium
7940-UQQUG,One year,64,104.4,Fiber optic,0.3460139546858281,Medium
3633-CDBUW,One year,17,80.85,DSL,0.34593101629902356,Medium
7163-OCEQI,One year,22,78.65,DSL,0.3458168725364973,Medium
1004-NOZNR,One year,56,94.8,Fiber optic,0.34571335174471773,Medium
7089-XXAYG,One year,25,38.1,DSL,0.34547303026907705,Medium
6617-WLBQC,One year,23,81.85,Fiber optic,0.3454466851380749,Medium
2045-BMBTJ,Month-to-month,33,59.45,DSL,0.3453894334380583,Medium
4455-BFSPD,One year,61,101.15,Fiber optic,0.345206758398798,Medium
3845-FXCYS,Month-to-month,2,19.65,No,0.3450803709363654,Medium
2371-KFUOG,One year,58,99.15,Fiber optic,0.34497618001138525,Medium
9128-CPXKI,Two year,59,95.8,Fiber optic,0.34490909502884226,Medium
4833-QTJNO,Month-to-month,67,83.85,Fiber optic,0.34480135963478903,Medium
8910-ICHIU,One year,46,95.65,Fiber optic,0.34452117816188393,Medium
1304-SEGFY,Two year,72,97.85,Fiber optic,0.3439609035724302,Medium
8565-HBFNN,One year,69,107.2,Fiber optic,0.34386074476503076,Medium
5473-KHBPS,One year,52,95.7,Fiber optic,0.3437830791825937,Medium
6614-VBEGU,Month-to-month,24,69.45,DSL,0.34377303864140174,Medium
7872-RDDLZ,Month-to-month,67,54.9,DSL,0.34374153769597704,Medium
1428-IEDPR,Two year,52,109.3,Fiber optic,0.3437122058646284,Medium
0883-EIBTI,Month-to-month,2,19.5,No,0.3436567410366755,Medium
9342-VNIMQ,Month-to-month,33,54.65,DSL,0.34341501825417314,Medium
5160-UXJED,One year,17,44.6,DSL,0.34253792272792377,Medium
8079-XRJRS,One year,65,89.75,Fiber optic,0.34201085381514207,Medium
5195-KPUNQ,One year,53,96.75,Fiber optic,0.3419639051271531,Medium
4683-WYDOU,Two year,62,107.6,Fiber optic,0.34181927938826706,Medium
0822-QGCXA,Month-to-month,27,83.85,DSL,0.3416729023906521,Medium
2530-FMFXO,Two year,56,103.2,Fiber optic,0.3416592472248534,Medium
3898-BSJYF,One year,10,73.55,DSL,0.34146830051566135,Medium
3301-LSLWQ,Month-to-month,29,66.1,DSL,0.341460736902093,Medium
9040-KZVWO,One year,26,75.5,Fiber optic,0.3413719071387028,Medium
8213-TAZPM,One year,69,108.75,Fiber optic,0.34091808741540236,Medium
3059-NGMXB,Month-to-month,14,69.2,DSL,0.34084521192877726,Medium
5197-PYEPU,One year,42,94.45,Fiber optic,0.3401622912524645,Medium
0489-WMEMG,One year,23,49.45,DSL,0.3401571600594348,Medium
2320-SLKMB,Month-to-month,26,44.45,DSL,0.3394991254132799,Medium
8947-YRTDV,One year,32,94.8,Fiber optic,0.3393774231735451,Medium
0052-DCKON,One year,66,115.8,Fiber optic,0.33935430024783336,Medium
3417-TSCIC,One year,29,24.85,DSL,0.33893673213677633,Medium
1208-DNHLN,One year,23,48.35,DSL,0.33875045068271137,Medium
6728-DKUCO,One year,72,104.15,Fiber optic,0.3387478680844814,Medium
9644-KVCNC,One year,66,92.15,Fiber optic,0.3385936484495828,Medium
8474-UMLNT,Month-to-month,13,67.8,DSL,0.3385809292555131,Medium
1265-XTECC,One year,68,96.55,Fiber optic,0.33826757078421826,Medium
9391-LMANN,One year,53,95.95,Fiber optic,0.3379255777296359,Medium
1125-SNVCK,Month-to-month,49,43.8,DSL,0.33786850729778417,Medium
9938-EKRGF,Month-to-month,15,84.45,DSL,0.33747166621839103,Medium
2450-ZKEED,One year,11,53.8,DSL,0.33740638455494393,Medium
4868-AADLV,One year,66,116.25,Fiber optic,0.3373100994047564,Medium
3413-CSSTH,Month-to-month,41,55.7,DSL,0.33717308066664625,Medium
8133-ANHHJ,One year,49,103.0,Fiber optic,0.3371427681335945,Medium
2234-XADUH,One year,72,103.2,Fiber optic,0.33702570867035503,Medium
6959-GQEGV,Month-to-month,45,75.95,DSL,0.33694120630385865,Medium
9143-CANJF,Month-to-month,24,55.15,DSL,0.3369365091596033,Medium
1131-SUEKT,One year,61,98.45,Fiber optic,0.3369015370336784,Medium
7673-LPRNY,One year,23,78.55,DSL,0.3365078725795133,Medium
6261-LHRTG,Month-to-month,26,54.75,DSL,0.3364121167854448,Medium
0440-UEDAI,One year,53,94.45,Fiber optic,0.3363405586401398,Medium
3450-WXOAT,Month-to-month,46,45.2,DSL,0.33625101855662914,Medium
5337-IIWKZ,Month-to-month,34,44.85,DSL,0.3361616546538092,Medium
6738-ISCBM,One year,44,54.0,DSL,0.3359818987952082,Medium
0723-VSOBE,One year,45,34.2,DSL,0.33576505500053,Medium
3865-YIOTT,One year,72,106.1,Fiber optic,0.33575323664096296,Medium
9480-BQJEI,One year,62,92.3,Fiber optic,0.3357523463886323,Medium
7123-WQUHX,One year,38,95.0,Fiber optic,0.33548424176856645,Medium
4075-WKNIU,Two year,0,73.35,DSL,0.3350123295108331,Medium
2946-KIQSP,Month-to-month,35,33.45,DSL,0.3347859643014593,Medium
5081-NWSUP,One year,10,64.9,DSL,0.33447949294000817,Medium
8314-DPQHL,One year,9,50.8,DSL,0.33434832904859896,Medium
5013-SBUIH,Two year,50,109.65,Fiber optic,0.3342257561202231,Medium
1337-BOZWO,One year,18,46.4,DSL,0.33388095606573026,Medium
4472-LVYGI,Two year,0,52.55,DSL,0.33387388085858194,Medium
1518-OMDIK,Month-to-month,33,44.55,DSL,0.33321849970583634,Medium
5985-BEHZK,One year,72,105.0,Fiber optic,0.33310567424621695,Medium
2889-FPWRM,One year,72,117.8,Fiber optic,0.33295139096164145,Medium
3327-YBAKM,One year,64,96.9,Fiber optic,0.33217479898222546,Medium
8319-QBEHW,One year,26,39.95,DSL,0.33205946104371936,Medium
0487-RPVUM,Month-to-month,61,99.4,Fiber optic,0.33176665392255944,Medium
0665-XHDJU,Two year,72,99.4,Fiber optic,0.3317107160801737,Medium
4418-LZMSV,Month-to-month,13,61.8,DSL,0.3316896035253835,Medium
5837-LXSDN,One year,21,58.85,DSL,0.3316086558845751,Medium
2908-ZTPNF,Month-to-month,36,34.85,DSL,0.3315540709131541,Medium
4355-CVPVS,One year,56,88.9,Fiber optic,0.3315365093744895,Medium
0440-MOGPM,One year,41,80.55,DSL,0.331400936189234,Medium
4510-PYUSH,Month-to-month,38,57.15,DSL,0.33109656652904124,Medium
3391-JSQEW,Month-to-month,40,50.15,DSL,0.33108151817613163,Medium
3920-HIHMQ,Month-to-month,26,49.5,DSL,0.33105774823269063,Medium
5353-WILCI,Month-to-month,28,56.05,DSL,0.3308925135655829,Medium
0795-GMVQO,One year,67,109.9,Fiber optic,0.3308895858501362,Medium
1925-LFCZZ,One year,55,50.05,DSL,0.3307741255083949,Medium
0824-VWDPO,One year,45,96.75,Fiber optic,0.3306656993581022,Medium
1442-OKRJE,One year,66,103.15,Fiber optic,0.3305096100715266,Medium
4700-UBQMV,One year,21,75.9,DSL,0.3302202110917783,Medium
7674-YTAFD,One year,33,79.95,Fiber optic,0.3299192552103189,Medium
0864-FVJNJ,One year,64,113.35,Fiber optic,0.32957487574043554,Medium
0440-QEXBZ,Month-to-month,44,50.15,DSL,0.3295212717514009,Medium
7516-GMHUV,Two year,50,105.05,Fiber optic,0.3291717709121665,Medium
6408-OTUBZ,One year,66,104.55,Fiber optic,0.3290370741487925,Medium
0201-OAMXR,One year,70,115.55,Fiber optic,0.32893364992258356,Medium
4776-XSKYQ,One year,12,30.25,DSL,0.3287058341372555,Medium
6207-WIOLX,Month-to-month,25,58.6,DSL,0.3280808762245625,Medium
5756-JYOJT,One year,11,64.9,DSL,0.3280087608420359,Medium
5268-DSMNQ,One year,62,97.95,Fiber optic,0.3279752565317221,Medium
9762-YAQAA,One year,39,81.4,Fiber optic,0.3279596429966919,Medium
0549-CYCQN,One year,51,79.6,Fiber optic,0.32771983935660354,Medium
1444-VVSGW,One year,70,115.65,Fiber optic,0.3274141430116833,Medium
7228-PAQPD,One year,14,59.1,DSL,0.32736856173581474,Medium
3786-WOVKF,One year,72,106.85,Fiber optic,0.32716674054034395,Medium
9308-ANMVE,Month-to-month,47,55.3,DSL,0.3271301643281786,Medium
7803-XOCCZ,Month-to-month,52,84.05,Fiber optic,0.32658439861327854,Medium
5294-IMHHT,One year,53,97.75,Fiber optic,0.3262417419103504,Medium
1134-YWTYF,Month-to-month,27,53.8,DSL,0.32617664727018786,Medium
4945-RVMTE,Month-to-month,28,59.55,DSL,0.3259607698923799,Medium
5989-OMNJE,One year,24,57.6,DSL,0.32590605609022455,Medium
9504-DSHWM,Month-to-month,20,59.2,DSL,0.32579866350902636,Medium
4742-DRORA,One year,60,95.4,Fiber optic,0.32562201826028775,Medium
6302-JGYRJ,One year,31,79.45,DSL,0.32542821215449536,Medium
0655-YDGFJ,Month-to-month,29,48.95,DSL,0.3250983344737001,Medium
2056-EVGZL,One year,68,105.75,Fiber optic,0.32501760395132756,Medium
9633-DENPU,Month-to-month,47,58.6,DSL,0.3246616634892771,Medium
7049-GKVZY,One year,17,79.85,DSL,0.32453919492498867,Medium
1696-MZVAU,One year,39,25.25,DSL,0.32436329265726055,Medium
2851-STERV,One year,35,73.0,DSL,0.3242378722847985,Medium
0623-EJQEG,One year,65,93.55,Fiber optic,0.32420917352330414,Medium
1104-FEJAM,Month-to-month,28,64.4,DSL,0.32409471462505696,Medium
2805-EDJPQ,One year,56,99.75,Fiber optic,0.32385287484300485,Medium
1371-WEPDS,One year,40,55.8,DSL,0.32385007003487754,Medium
2212-LYASK,One year,27,45.85,DSL,0.32354964924869234,Medium
4198-VFOEA,One year,12,33.6,DSL,0.3235012251269465,Medium
1346-PJWTK,Month-to-month,61,94.15,Fiber optic,0.3234941598758254,Medium
0689-DSXGL,Month-to-month,52,85.8,Fiber optic,0.3231906596647542,Medium
1697-NVVGY,Month-to-month,19,66.4,DSL,0.32296152530336286,Medium
0621-JFHOL,Two year,10,29.6,DSL,0.32289749823670494,Medium
2931-VUVJN,One year,59,94.05,Fiber optic,0.3228589129266588,Medium
8035-BUYVG,One year,40,42.35,DSL,0.3227634557504928,Medium
0842-IWYCP,Month-to-month,46,44.95,DSL,0.32242476621987004,Medium
5315-CKEQK,One year,28,51.0,DSL,0.32241264200188385,Medium
7080-TNUWP,One year,70,95.0,Fiber optic,0.32198421724713644,Medium
0557-ASKVU,One year,18,54.4,DSL,0.3219754537007484,Medium
8561-NMTBD,One year,67,112.35,Fiber optic,0.3219564140172293,Medium
4119-ZYPZY,Two year,71,106.8,Fiber optic,0.3217893289699985,Medium
6131-FOYAS,Month-to-month,35,59.6,DSL,0.3215258888300872,Medium
2266-SJNAT,One year,72,109.15,Fiber optic,0.32150177696996374,Medium
6574-MCOEH,One year,33,79.15,DSL,0.32134540011680546,Medium
7159-NOKYQ,Two year,67,93.15,Fiber optic,0.3213236605745014,Medium
1409-PHXTF,Two year,54,110.45,Fiber optic,0.3210790787831811,Medium
2040-OBMLJ,One year,31,81.7,Fiber optic,0.321028095597888,Medium
6794-HKIAJ,Month-to-month,62,90.7,Fiber optic,0.3209166857903075,Medium
3941-XTSKM,One year,42,45.1,DSL,0.32087650251072425,Medium
5240-CAOYT,Month-to-month,57,87.55,Fiber optic,0.3205981713254632,Medium
7102-JJVTX,One year,9,48.6,DSL,0.3204803496928257,Medium
8929-KSWIH,Two year,25,99.3,Fiber optic,0.32039452959890513,Medium
7629-WFGLW,One year,56,95.65,Fiber optic,0.32027512341430936,Medium
6937-GCDGQ,One year,19,48.95,DSL,0.32000144904497974,Medium
5448-VWNAM,Month-to-month,19,75.9,DSL,0.3196277386341282,Medium
9555-SAHUZ,Month-to-month,38,54.5,DSL,0.319451710808463,Medium
5709-LVOEQ,Two year,0,80.85,DSL,0.31934518355664204,Medium
3324-OIRTO,One year,71,104.65,Fiber optic,0.3193256348129304,Medium
0696-UKTOX,Month-to-month,23,54.15,DSL,0.31917136983534994,Medium
0744-GKNGE,Month-to-month,64,86.8,Fiber optic,0.3189851727631255,Medium
7595-EHCDL,Month-to-month,32,50.6,DSL,0.31894190488494367,Medium
7820-ZYGNY,One year,63,90.45,Fiber optic,0.318897098704474,Medium
5951-AOFIH,Month-to-month,33,66.4,DSL,0.3187040015991615,Medium
0218-QNVAS,One year,71,100.55,Fiber optic,0.3184731597070758,Medium
3099-OONVS,Month-to-month,25,54.3,DSL,0.3183873418572952,Medium
8033-ATFAS,Month-to-month,39,59.85,DSL,0.31834693530543107,Medium
4419-UJMUS,Two year,69,99.35,Fiber optic,0.3183363520653943,Medium
4274-DRSQT,One year,66,88.9,Fiber optic,0.31831538287662026,Medium
1309-XGFSN,One year,52,80.85,DSL,0.3182865143726355,Medium
0565-JUPYD,One year,63,104.5,Fiber optic,0.3181149413076973,Medium
5760-WRAHC,Month-to-month,22,69.75,DSL,0.3180608746467378,Medium
7868-BGSZA,One year,43,80.2,DSL,0.3180538738961631,Medium
3635-JBPSG,Two year,15,38.8,DSL,0.31801635313700466,Medium
9402-ROUMJ,One year,67,100.25,Fiber optic,0.3180025820782147,Medium
5294-CDGWY,One year,51,59.3,DSL,0.3179799129600538,Medium
2801-NISEI,Month-to-month,24,54.95,DSL,0.3177598112764633,Medium
3259-FDWOY,Two year,71,106.0,Fiber optic,0.3177135039039481,Medium
3794-NFNCH,Month-to-month,30,50.0,DSL,0.3176790320636188,Medium
7036-TYDEC,Two year,69,104.0,Fiber optic,0.3176358802903375,Medium
1666-JZPZT,Month-to-month,27,49.0,DSL,0.3175051060277979,Medium
4644-PIZRT,One year,17,70.35,DSL,0.3173418370741357,Medium
1114-CENIM,Month-to-month,54,55.0,DSL,0.31722000643002907,Medium
3096-WPXBT,One year,61,100.7,Fiber optic,0.3171267000317395,Medium
2108-GLPQB,Month-to-month,25,55.55,DSL,0.31704756698075975,Medium
0895-LMRSF,One year,23,64.9,DSL,0.3170362172958747,Medium
7789-CRUVC,Month-to-month,61,94.2,Fiber optic,0.3170087499763464,Medium
1768-HNVGJ,Month-to-month,45,70.05,DSL,0.3169782384570797,Medium
9060-HJJRW,One year,51,56.4,DSL,0.31690042940186003,Medium
4827-LTQRJ,One year,66,110.6,Fiber optic,0.31678008185096934,Medium
2830-LEWOA,One year,61,103.9,Fiber optic,0.3166962104930312,Medium
3351-NQLDI,One year,67,94.35,Fiber optic,0.3166313977435402,Medium
0136-IFMYD,Two year,69,109.95,Fiber optic,0.3165404764651019,Medium
3126-WQMGH,Month-to-month,49,52.15,DSL,0.316348219954452,Medium
4429-WYGFR,Month-to-month,26,49.15,DSL,0.315938971282176,Medium
8984-EYLLL,Two year,64,105.25,Fiber optic,0.3158358241574482,Medium
2794-XIMMO,One year,53,60.45,DSL,0.31551002752239515,Medium
3221-CJMSG,Month-to-month,24,51.1,DSL,0.31542224365031074,Medium
8756-RDDLT,Month-to-month,68,44.95,DSL,0.3153034023976557,Medium
7108-DGVUU,One year,21,71.7,DSL,0.3152405617916909,Medium
2277-BKJKN,Two year,71,99.2,Fiber optic,0.3152317158362914,Medium
7964-ZRKKG,One year,67,88.4,Fiber optic,0.31512393175959647,Medium
6481-OGDOO,One year,67,90.6,Fiber optic,0.3151001560768091,Medium
0222-CNVPT,Month-to-month,52,48.8,DSL,0.3150173262975104,Medium
6156-UZDLF,One year,26,87.15,Fiber optic,0.31497577472833804,Medium
8220-OCUFY,One year,21,60.25,DSL,0.31474021800670365,Medium
5149-CUZUJ,One year,28,92.9,Fiber optic,0.3144943887217392,Medium
7869-ZYDST,Month-to-month,31,59.05,DSL,0.31419954708737513,Medium
5913-INRQV,One year,34,90.15,Fiber optic,0.31417527878090806,Medium
9076-AXYIK,Two year,64,102.1,Fiber optic,0.313826741239874,Medium
2303-PJYHN,Month-to-month,2,19.85,No,0.3136794022317361,Medium
0268-QKIWO,Month-to-month,3,19.75,No,0.31329276274062046,Medium
5578-NKCXI,One year,58,99.25,Fiber optic,0.31303929198405234,Medium
9700-ZCLOT,Month-to-month,2,20.0,No,0.3130177583456986,Medium
4195-SMMNX,Month-to-month,2,20.35,No,0.31295119200232974,Medium
4531-AUZNK,One year,51,95.15,Fiber optic,0.31291503204521437,Medium
9798-DRYDS,One year,17,61.95,DSL,0.312881184625363,Medium
5193-QLVZB,Two year,63,104.75,Fiber optic,0.31287910039704814,Medium
0117-LFRMW,Month-to-month,37,40.2,DSL,0.3125997588505979,Medium
7605-SNLQG,Month-to-month,45,50.25,DSL,0.3123716683643885,Medium
8100-HZZLJ,Month-to-month,43,63.95,DSL,0.3123532461258382,Medium
1060-ENTOF,One year,67,105.4,Fiber optic,0.3120637061033505,Medium
9853-JFZDU,Month-to-month,35,56.85,DSL,0.31190188057188717,Medium
9758-MFWGD,One year,48,29.9,DSL,0.3118065226418243,Medium
8559-WNQZS,Two year,1,20.45,No,0.3114371310389063,Medium
6981-TDRFT,One year,44,54.3,DSL,0.3113633860811703,Medium
2321-OMBXY,One year,38,80.3,DSL,0.3113252647351197,Medium
5343-SGUBI,One year,52,80.2,Fiber optic,0.31127140976649464,Medium
6586-PSJOX,One year,15,55.2,DSL,0.30974331455859294,Medium
2978-XXSOG,Month-to-month,22,59.05,DSL,0.3096323496936227,Medium
2307-FYNNL,Two year,65,109.05,Fiber optic,0.3092704911602204,Medium
4139-SUGLD,Month-to-month,31,35.4,DSL,0.309234436313998,Medium
7502-BNYGS,Month-to-month,46,69.1,DSL,0.3090103065801755,Medium
6732-FZUGP,One year,47,94.9,Fiber optic,0.308939243018252,Medium
0733-VUNUW,Month-to-month,24,55.65,DSL,0.3089020069749439,Medium
2324-EFHVG,Two year,64,104.4,Fiber optic,0.30879504589141693,Medium
2186-QZEYA,Month-to-month,29,58.55,DSL,0.30868564865624976,Medium
6502-KUGLL,Month-to-month,14,59.45,DSL,0.30852844549156144,Medium
2832-SCUCO,Month-to-month,2,19.9,No,0.3080333218234663,Medium
6250-CGGUN,One year,54,84.4,Fiber optic,0.3078134968653839,Medium
5440-FLBQG,Two year,69,108.4,Fiber optic,0.307806159677442,Medium
3192-NQECA,Two year,68,110.0,Fiber optic,0.3077569145848333,Medium
1543-LLLFT,One year,61,98.3,Fiber optic,0.3075968078261751,Medium
7541-YLXCL,One year,36,65.4,DSL,0.30745314006383745,Medium
3354-OADJP,One year,8,54.25,DSL,0.30737643433885786,Medium
3402-XRIUO,Month-to-month,22,63.55,DSL,0.307335005536489,Medium
7446-KQISO,Two year,45,109.75,Fiber optic,0.30719509297606673,Medium
7740-BTPUX,Two year,55,113.6,Fiber optic,0.306842650654427,Medium
6289-CPNLD,One year,33,73.9,DSL,0.3065909065522339,Medium
3552-CTCYF,Two year,63,104.8,Fiber optic,0.3064250697968907,Medium
0384-RVBPI,Month-to-month,20,64.4,DSL,0.3060395872793272,Medium
7657-DYEPJ,One year,38,70.15,DSL,0.30545569581089227,Medium
2887-JPYLU,Month-to-month,41,45.2,DSL,0.3054421404984153,Medium
1099-GODLO,Two year,1,20.35,No,0.30539852106708226,Medium
7017-VFULY,Month-to-month,2,20.1,No,0.305282210312488,Medium
2294-SALNE,One year,23,86.8,Fiber optic,0.30522923721112605,Medium
9481-IEBZY,Month-to-month,72,112.9,Fiber optic,0.3051903915970862,Medium
2520-SGTTA,Two year,0,20.0,No,0.30474314052056845,Medium
6968-MHOMU,One year,58,45.0,DSL,0.3045283716840589,Medium
1877-HKBQX,One year,11,54.6,DSL,0.3044735865288642,Medium
6402-SSEJG,One year,25,61.05,DSL,0.30434720986792974,Medium
4826-DXMUP,One year,35,72.1,DSL,0.30404570475343506,Medium
0484-FFVBJ,One year,32,64.85,DSL,0.30379901358941264,Medium
0112-QWPNC,One year,49,84.35,DSL,0.3027945833208542,Medium
9770-KXGQU,One year,53,98.6,Fiber optic,0.3026655458528932,Medium
4622-YNKIJ,Two year,33,88.95,Fiber optic,0.30240886147563284,Medium
2233-TXSIU,One year,17,44.45,DSL,0.30226604442671706,Medium
2150-UWTFY,Month-to-month,22,61.15,DSL,0.30185303802087393,Medium
3347-YJZZE,Month-to-month,29,80.1,DSL,0.3016484464332669,Medium
5651-CRHKQ,One year,41,86.2,Fiber optic,0.30162361240844915,Medium
4129-LYCOI,Two year,67,104.0,Fiber optic,0.3008581241289468,Medium
6873-UDNLD,Month-to-month,40,67.45,DSL,0.3007661131121888,Medium
0305-SQECB,One year,11,36.05,DSL,0.300637292936219,Medium
4701-MLJPN,Month-to-month,31,55.25,DSL,0.30051825973208873,Medium
8017-UVSZU,Month-to-month,40,56.6,DSL,0.3003588125979972,Medium
3034-ZBEQN,One year,48,34.7,DSL,0.2998242527896088,Low
7816-VGHTO,Two year,6,40.55,DSL,0.29977505678741767,Low
4785-QRJHC,One year,46,59.9,DSL,0.29941320509782565,Low
1096-ADRUX,One year,66,74.25,Fiber optic,0.2990916324807809,Low
6386-SZZKH,Two year,49,107.95,Fiber optic,0.29894679967552024,Low
8644-XYTSV,Month-to-month,42,40.15,DSL,0.2987186332293398,Low
8200-KLNYW,One year,21,80.9,DSL,0.29832273344808985,Low
4489-SNOJF,Month-to-month,35,72.25,DSL,0.29793859334138334,Low
2558-BUOZZ,One year,47,94.8,Fiber optic,0.29786148940493806,Low
2055-SIFSS,Month-to-month,55,51.65,DSL,0.29757578895118075,Low
2775-SEFEE,Two year,0,61.9,DSL,0.29745349787231123,Low
0960-HUWBM,Two year,65,104.1,Fiber optic,0.29700267454378104,Low
2486-WYVVE,One year,31,79.3,DSL,0.2969910173484451,Low
0810-BDHAW,One year,24,78.4,DSL,0.29674937628343256,Low
6035-RIIOM,Two year,54,97.2,Fiber optic,0.29670359096090737,Low
4353-HYOJD,Month-to-month,27,49.85,DSL,0.29666891820349833,Low
9259-PACGQ,Month-to-month,34,62.65,DSL,0.29611527879634536,Low
0396-UKGAI,Month-to-month,23,55.3,DSL,0.2960445684393774,Low
6266-QHOJZ,One year,65,89.85,Fiber optic,0.2960208917736294,Low
4106-HADHQ,One year,39,80.0,DSL,0.2960120209983924,Low
3115-CZMZD,Two year,0,20.25,No,0.2959442557531324,Low
3571-DPYUH,One year,58,94.7,Fiber optic,0.29574331536474485,Low
4654-GGUII,One year,18,40.2,DSL,0.2955771711401334,Low
4693-VWVBO,Month-to-month,3,19.55,No,0.2952113727598207,Low
9107-UKCKY,One year,61,79.8,DSL,0.29515758596122954,Low
7854-EKTJL,Month-to-month,2,19.6,No,0.29511923866876344,Low
5089-IFSDP,Two year,58,109.45,Fiber optic,0.29499775780856735,Low
2680-XKKNJ,One year,8,58.2,DSL,0.29474846251420134,Low
1009-IRMNA,Month-to-month,7,20.0,No,0.2946900651480158,Low
8496-DMZUK,One year,30,90.4,Fiber optic,0.29465708648917643,Low
2242-MFOTG,One year,33,80.1,Fiber optic,0.29458916570780613,Low
2639-UGMAZ,One year,71,56.45,DSL,0.29448005206652583,Low
5514-YQENT,Two year,41,111.15,Fiber optic,0.29440583477817267,Low
1371-DWPAZ,Two year,0,56.05,DSL,0.2942621689178278,Low
6941-KXRRV,One year,48,58.95,DSL,0.2937646034647768,Low
8107-RZLNV,Two year,72,106.3,Fiber optic,0.29375327981281407,Low
2474-LCNUE,Month-to-month,23,73.65,DSL,0.29335313336163676,Low
8400-WZICQ,Month-to-month,55,55.7,DSL,0.2933447608134682,Low
5269-NRGDP,One year,42,73.15,DSL,0.2932106491623778,Low
0917-EZOLA,Two year,72,104.15,Fiber optic,0.29309423703157567,Low
7762-URZQH,Two year,66,106.05,Fiber optic,0.2929586046817909,Low
9774-NRNAU,Month-to-month,27,84.8,DSL,0.2927845110905724,Low
2155-AMQRX,Month-to-month,28,54.9,DSL,0.2927041643078747,Low
4422-QVIJA,Month-to-month,35,50.15,DSL,0.29269698422082185,Low
8741-LQOBK,Month-to-month,46,35.05,DSL,0.2922977735917495,Low
1247-QBVSH,Month-to-month,43,50.2,DSL,0.2921613917105939,Low
3703-TTEPD,Month-to-month,21,65.35,DSL,0.2920772488983326,Low
9470-RTWDV,One year,26,82.0,DSL,0.29184780375228425,Low
7644-OMVMY,Two year,0,19.85,No,0.29126401857725864,Low
8752-GHJFU,One year,71,92.0,Fiber optic,0.2910672699095188,Low
8231-BSWXX,One year,71,79.05,Fiber optic,0.2910358030625513,Low
3097-PYWXL,Month-to-month,4,19.95,No,0.2910300606466181,Low
4423-JWZJN,One year,64,90.25,Fiber optic,0.2910035008424795,Low
3744-ZBHON,Month-to-month,3,20.2,No,0.2909309146932817,Low
6661-EIPZC,Month-to-month,48,29.5,DSL,0.2907175219025026,Low
3374-TTZTK,Two year,52,106.3,Fiber optic,0.29042436783067715,Low
0233-FTHAV,One year,60,79.2,Fiber optic,0.29024614750140576,Low
6469-QJKZW,Month-to-month,4,20.15,No,0.29001546018762897,Low
8350-NYMVI,Month-to-month,39,41.1,DSL,0.28976127190864764,Low
7931-PXHFC,One year,38,62.3,DSL,0.28948903407958243,Low
8467-WYNSR,Month-to-month,22,55.1,DSL,0.28925597701293115,Low
3729-OWRVL,Two year,65,110.35,Fiber optic,0.28909874365143773,Low
1389-WNUIB,One year,20,76.0,DSL,0.2889311395835358,Low
7432-FFVAR,One year,46,90.95,Fiber optic,0.2889150855589078,Low
2530-ENDWQ,Two year,71,93.7,Fiber optic,0.28860564055238686,Low
3090-HAWSU,Two year,61,111.6,Fiber optic,0.2885338397324022,Low
6556-DBKZF,Two year,71,76.05,Fiber optic,0.2883449640184341,Low
2634-HCZGT,One year,53,60.05,DSL,0.2883009759143813,Low
4923-ADWXJ,Month-to-month,25,65.8,DSL,0.28810045211902746,Low
6034-ZRYCV,Two year,72,54.2,DSL,0.2880431474610193,Low
7845-URHJN,Month-to-month,8,20.15,No,0.287868425760071,Low
8034-RYTVV,One year,55,84.25,Fiber optic,0.2878450776194117,Low
5155-AZQPB,Month-to-month,28,49.9,DSL,0.2876852156727653,Low
8409-WQJUX,One year,25,54.2,DSL,0.287277308752375,Low
1679-JRFBR,One year,70,108.15,Fiber optic,0.2872426342158019,Low
4713-ZBURT,Two year,45,99.7,Fiber optic,0.28723069073134444,Low
7470-DYNOE,One year,53,61.1,DSL,0.2872247331155183,Low
5640-CAXOA,One year,30,40.35,DSL,0.28699543799950866,Low
2773-OVBPK,Two year,67,111.3,Fiber optic,0.28656186596415223,Low
0345-XMMUG,Two year,46,108.9,Fiber optic,0.2865134803142309,Low
2834-JRTUA,Two year,71,108.05,Fiber optic,0.28650272091322465,Low
0292-WEGCH,Month-to-month,54,86.2,DSL,0.2864430787246927,Low
9754-CLVZW,Month-to-month,26,38.85,DSL,0.2864262402088589,Low
8734-FNWVH,Month-to-month,31,59.7,DSL,0.28621249057018405,Low
1099-BTKWT,One year,68,54.4,DSL,0.2860988846900233,Low
9170-GYZJC,Month-to-month,41,79.9,DSL,0.28604591266645957,Low
8970-ANWXO,One year,23,73.75,DSL,0.2859008553945941,Low
5397-TUPSH,One year,65,70.95,Fiber optic,0.285855088795903,Low
6635-MYYYZ,One year,30,85.35,DSL,0.2856461372340851,Low
4160-AMJTL,Month-to-month,8,19.65,No,0.2853705646424026,Low
1530-ZTDOZ,Month-to-month,49,40.65,DSL,0.28525526722649114,Low
6035-BXTTY,Month-to-month,32,54.65,DSL,0.2851478031924955,Low
5766-XQXMQ,Month-to-month,29,68.85,DSL,0.2850619556609691,Low
5360-LJCNJ,Two year,71,105.15,Fiber optic,0.2850570028704705,Low
2065-MMKGR,One year,29,71.0,DSL,0.2848752418592322,Low
9134-WYRVP,One year,51,86.35,Fiber optic,0.28479997006103897,Low
6500-JVEGC,One year,68,101.35,Fiber optic,0.284788064213699,Low
7954-MLBUN,Two year,31,99.45,Fiber optic,0.28455161497194115,Low
6261-RCVNS,One year,42,73.9,DSL,0.2842363058499338,Low
7746-QYVCO,One year,16,55.85,DSL,0.2841548905754619,Low
8065-QBYTO,One year,71,99.65,Fiber optic,0.2840276434232909,Low
5286-YHCVC,Two year,72,104.8,Fiber optic,0.2840047331400052,Low
1121-QSIVB,One year,44,77.55,DSL,0.28397760361736685,Low
3160-TYXLT,Month-to-month,53,46.3,DSL,0.28381057921982183,Low
8548-AWOFC,Month-to-month,66,63.85,DSL,0.2834325787512703,Low
9513-DXHDA,One year,27,81.7,DSL,0.28329826991161816,Low
5577-OTWWW,Month-to-month,15,19.75,No,0.2832214668390447,Low
5066-GFJMM,Month-to-month,3,19.9,No,0.2831666294868489,Low
4140-WJAWW,Month-to-month,5,19.85,No,0.2828459501408675,Low
2851-MMUTZ,Month-to-month,27,56.15,DSL,0.2825717232981433,Low
0946-FKYTX,One year,52,30.1,DSL,0.28252614253406494,Low
6559-ILWKJ,Two year,71,49.35,DSL,0.282313410272897,Low
5382-TEMLV,Month-to-month,45,50.9,DSL,0.28192890427619166,Low
1684-FLBGS,Month-to-month,23,69.5,DSL,0.28186679414595767,Low
4853-RULSV,Two year,70,104.0,Fiber optic,0.2817866606484113,Low
7808-DVWEP,Month-to-month,3,20.0,No,0.28178589213233424,Low
2577-GVSIL,One year,35,73.45,DSL,0.2817828426324331,Low
7208-PSIHR,Two year,70,104.3,Fiber optic,0.28144207591914877,Low
4939-KYYPY,Month-to-month,27,59.45,DSL,0.2812030724772593,Low
4815-YOSUK,One year,72,104.9,Fiber optic,0.2810635164994218,Low
7951-VRDVK,One year,36,85.85,DSL,0.28102844652893405,Low
9069-LGEUL,Month-to-month,23,59.95,DSL,0.28100800689024763,Low
4023-RTIQM,One year,31,50.4,DSL,0.28088220781379936,Low
4174-LPGTI,One year,41,66.5,DSL,0.28084812090396194,Low
0289-IVARM,Month-to-month,35,60.55,DSL,0.2808210334863943,Low
8559-CIZFV,One year,21,77.5,DSL,0.2807116026458931,Low
2533-QVMSK,Two year,61,94.1,Fiber optic,0.2805403338672899,Low
3224-DFQNQ,One year,66,89.0,Fiber optic,0.28038782075247826,Low
5446-DKWYW,One year,61,65.2,DSL,0.28034654765713307,Low
0670-ANMUU,One year,71,97.65,Fiber optic,0.2801676787340684,Low
5832-TRLPB,One year,29,75.35,DSL,0.2797529357131437,Low
4837-QUSFT,One year,65,100.15,Fiber optic,0.2792801103733309,Low
4396-KLSEH,Month-to-month,4,19.85,No,0.27927561369430864,Low
0743-HRVFF,One year,51,56.15,DSL,0.27915548620652253,Low
8405-IGQFX,One year,63,90.05,Fiber optic,0.27908104310551307,Low
1852-XEMDW,Month-to-month,22,65.05,DSL,0.27906348587300694,Low
3282-ZISZV,One year,32,83.7,DSL,0.27865559818153657,Low
7013-PSXHK,One year,40,80.75,DSL,0.2783869639621895,Low
1492-QGCLU,Month-to-month,53,85.7,DSL,0.2782836283157131,Low
3007-FDPEA,Month-to-month,2,20.7,No,0.2781479681922271,Low
6242-SGYTS,One year,62,94.95,Fiber optic,0.2780116451685699,Low
0447-BEMNG,Month-to-month,48,45.3,DSL,0.2780108475886736,Low
8624-GIOUT,Month-to-month,49,59.75,DSL,0.2778868341292504,Low
2419-FSORS,Two year,72,108.4,Fiber optic,0.2773201147609137,Low
3863-QSTYI,Month-to-month,59,64.65,DSL,0.2772761851550905,Low
5681-LLOEI,One year,43,91.25,Fiber optic,0.2771773485669143,Low
9495-REDIY,One year,25,40.65,DSL,0.2771504265491445,Low
8224-UAXBZ,One year,58,45.35,DSL,0.2770686429983606,Low
1376-HHBDV,Month-to-month,30,48.8,DSL,0.27668728598471537,Low
4926-UMJZD,Month-to-month,31,49.2,DSL,0.2766072069082247,Low
6865-JZNKO,Month-to-month,30,55.3,DSL,0.276549869395375,Low
4385-ZKVNW,Month-to-month,44,54.9,DSL,0.27617472337470184,Low
4390-KYULV,Month-to-month,3,20.55,No,0.2761040846466622,Low
2651-ZCBXV,Two year,54,108.0,Fiber optic,0.2759743680931807,Low
5724-BIDBU,One year,49,55.35,DSL,0.2757185748753029,Low
8883-GRDWQ,One year,20,54.0,DSL,0.2752421449650585,Low
9742-XOKTS,One year,67,89.55,Fiber optic,0.27518873459968635,Low
2294-DMMUS,Month-to-month,62,70.45,DSL,0.2751868089163868,Low
4822-LPTYJ,Two year,72,103.75,Fiber optic,0.27468108237021116,Low
6942-LBFDP,Month-to-month,2,20.55,No,0.2746038491039883,Low
0285-INHLN,Month-to-month,27,54.75,DSL,0.2745152375237425,Low
0257-KXZGU,Month-to-month,32,62.45,DSL,0.27411725659448377,Low
2959-EEXWB,Month-to-month,45,50.9,DSL,0.27364663046605675,Low
4043-MKDTV,Two year,71,105.25,Fiber optic,0.27336882115202754,Low
3594-UVONA,One year,35,85.95,DSL,0.273042544996278,Low
5562-YJQGT,Month-to-month,2,20.35,No,0.27297453717917164,Low
1921-KYSAY,One year,41,68.6,DSL,0.27286467394646113,Low
3537-RYBHH,Month-to-month,47,67.45,DSL,0.27284677716939737,Low
7317-GGVPB,Two year,71,108.6,Fiber optic,0.2728230502088435,Low
6968-URWQU,One year,43,56.35,DSL,0.2726354849672726,Low
7654-YWJUF,One year,43,84.25,Fiber optic,0.2725734902742078,Low
9114-AAFQH,One year,48,65.65,DSL,0.27247442075478956,Low
6303-KFWSL,One year,29,55.25,DSL,0.2724082933367373,Low
9609-BENEA,One year,35,69.0,DSL,0.272404746101072,Low
0377-JBKKT,Month-to-month,22,57.95,DSL,0.2722256248615555,Low
4011-ARPHK,Month-to-month,27,50.35,DSL,0.27211237776242714,Low
9357-UJRUN,One year,24,58.35,DSL,0.27208647080005594,Low
4367-NUYAO,Two year,0,25.75,No,0.2718782103838965,Low
0384-LPITE,One year,40,62.05,DSL,0.2716494801574429,Low
6103-LIANB,Two year,59,99.5,Fiber optic,0.27153573435147443,Low
8707-RMEZH,One year,69,87.3,Fiber optic,0.2715354065039374,Low
8739-QOTTN,Month-to-month,2,20.35,No,0.27152556633946445,Low
6196-HBOBZ,Two year,65,99.35,Fiber optic,0.2714700867285349,Low
3213-VVOLG,Two year,0,25.35,No,0.27134043444118394,Low
6368-NWMCE,Month-to-month,38,68.15,DSL,0.2713173658991441,Low
4654-DLAMQ,One year,64,97.0,Fiber optic,0.27120202935329835,Low
6184-DYUOB,Month-to-month,3,19.6,No,0.2711533309720462,Low
4189-NAKJS,One year,26,51.55,DSL,0.2710548269189202,Low
9715-WZCLW,Two year,71,97.2,Fiber optic,0.2710327071435064,Low
9137-NOQKA,Month-to-month,2,19.2,No,0.270949356521943,Low
6840-RESVB,One year,24,84.8,DSL,0.2702810465384214,Low
2621-UDNLU,Month-to-month,3,20.85,No,0.27028099008888745,Low
1898-JSNDC,One year,39,58.6,DSL,0.2701135740534431,Low
1623-NLDOT,One year,42,33.55,DSL,0.27005995090303586,Low
0723-FDLAY,One year,44,85.25,DSL,0.2698470764848029,Low
5307-UVGNB,Month-to-month,53,48.7,DSL,0.26976005836035477,Low
2911-IJORQ,One year,37,90.6,DSL,0.2696918816039093,Low
9848-JQJTX,Two year,72,100.9,Fiber optic,0.2694889939447485,Low
8089-UZWLX,Two year,71,104.05,Fiber optic,0.2694660768942371,Low
3733-UOCWF,One year,61,85.55,Fiber optic,0.2694468655588173,Low
7519-JTWQH,Two year,69,110.5,Fiber optic,0.26938606682483157,Low
2636-SJDOU,One year,64,84.3,Fiber optic,0.2690047219627725,Low
3022-BEXHZ,Two year,67,111.2,Fiber optic,0.26886382251482716,Low
8582-KRHPJ,Month-to-month,50,35.0,DSL,0.2688550973582944,Low
5020-ZSTTY,One year,54,82.45,DSL,0.2688479504894755,Low
4000-VGMQP,One year,38,78.95,DSL,0.26869199866307564,Low
7672-VFMXZ,Month-to-month,57,55.7,DSL,0.2686798542893048,Low
2791-SFVEW,Month-to-month,9,20.15,No,0.2686607804925953,Low
0975-UYDTX,One year,26,90.1,DSL,0.2686234163091918,Low
8053-WWDRO,Month-to-month,6,19.5,No,0.26857006077031514,Low
2316-ESMLS,One year,12,33.15,DSL,0.26851254808827285,Low
2578-JQPHZ,Two year,44,100.1,Fiber optic,0.26850734301774887,Low
7105-BENQF,One year,15,64.85,DSL,0.2681950232630333,Low
1282-IHQAC,One year,70,44.05,DSL,0.2681940678774025,Low
2197-OMWGI,Two year,68,53.0,DSL,0.2680200336731477,Low
0266-CLZKZ,Two year,67,105.65,Fiber optic,0.26800196109674546,Low
1729-VLAZJ,One year,10,40.25,DSL,0.26784059649457065,Low
7636-XUHWW,Month-to-month,2,19.9,No,0.2678344658877789,Low
3551-GAEGL,One year,34,30.4,DSL,0.267823614634134,Low
6603-QWSPR,Two year,46,104.4,Fiber optic,0.2677648414789224,Low
4986-MXSFP,Month-to-month,2,20.0,No,0.26766869202426163,Low
3137-NYQQI,One year,17,64.8,DSL,0.2676451106478735,Low
9152-AMKAK,Two year,6,80.25,DSL,0.2676381619701508,Low
2834-JKOOW,One year,15,45.9,DSL,0.2676308696278958,Low
0137-UDEUO,Month-to-month,3,19.85,No,0.2673305855025959,Low
3195-TQDZX,Month-to-month,3,20.25,No,0.2671880233051526,Low
6308-CQRBU,Two year,71,109.25,Fiber optic,0.26659291960161025,Low
0871-OPBXW,Month-to-month,2,20.05,No,0.2665380542491549,Low
5872-OEQNH,One year,60,44.45,DSL,0.26638833223674235,Low
9488-FYQAU,Two year,63,109.25,Fiber optic,0.26637040225154024,Low
9426-SXNHE,Month-to-month,2,18.75,No,0.2662438182815473,Low
1090-PYKCI,One year,69,105.1,Fiber optic,0.26590480067932987,Low
2292-XQWSV,One year,40,60.3,DSL,0.26576582160339945,Low
6575-SUVOI,Month-to-month,25,69.5,DSL,0.2653980252297494,Low
0708-SJDIS,Month-to-month,34,65.0,DSL,0.26534552947005435,Low
1353-GHZOS,One year,22,59.75,DSL,0.26530871299977504,Low
7184-LRUUR,One year,22,65.25,DSL,0.265262440536263,Low
2073-QBVBI,One year,41,35.45,DSL,0.26510424334104365,Low
3345-JHUEO,Month-to-month,4,20.2,No,0.2650106213609682,Low
9386-LDCZR,One year,43,90.65,Fiber optic,0.26491953601678825,Low
1163-ONYEY,Month-to-month,41,74.55,DSL,0.26483934972731454,Low
3197-NNYNB,Two year,65,105.1,Fiber optic,0.26469682720623183,Low
9554-DFKIC,Month-to-month,30,54.45,DSL,0.2646619289202818,Low
5032-USPKF,One year,38,84.1,DSL,0.2646135326287471,Low
6778-JFCMK,One year,24,50.6,DSL,0.2646045830587835,Low
0030-FNXPP,Month-to-month,3,19.85,No,0.26458506072518395,Low
0068-FIGTF,One year,27,78.2,DSL,0.26455235910789276,Low
7787-BNTZM,Month-to-month,6,20.15,No,0.26453757026613706,Low
6297-NOOPG,Two year,70,110.5,Fiber optic,0.2645259034602306,Low
7727-SHVZV,Month-to-month,9,19.5,No,0.2645219456616487,Low
6993-YCOBK,Two year,60,110.6,Fiber optic,0.2645089638520081,Low
8707-HOEDG,Two year,70,110.2,Fiber optic,0.26444561683962525,Low
3186-AJIEK,Two year,66,105.65,Fiber optic,0.26442128802765674,Low
7997-EASSD,One year,63,81.2,Fiber optic,0.2643993949887113,Low
2710-WYVXG,Two year,3,71.1,DSL,0.2643021668712889,Low
7175-NTIXE,Month-to-month,25,76.15,DSL,0.26408049673360395,Low
1097-FSPVW,Month-to-month,42,54.55,DSL,0.2640781502129026,Low
9822-BIIGN,Month-to-month,53,71.85,DSL,0.26407457896993797,Low
4860-YZGZM,Month-to-month,10,20.0,No,0.2639711528511425,Low
8224-IVVPA,Month-to-month,27,56.7,DSL,0.26363603186721934,Low
4785-NKHCX,Month-to-month,5,20.05,No,0.2636032480354599,Low
9986-BONCE,Month-to-month,4,20.95,No,0.26350442963061216,Low
7839-NUIAA,Month-to-month,61,59.8,DSL,0.2634490917769808,Low
9309-BZGNT,One year,69,29.8,DSL,0.2634482011972072,Low
1527-SXDPN,Two year,52,96.25,Fiber optic,0.26342974543834113,Low
8080-POTJR,One year,30,79.3,DSL,0.26341930986802903,Low
5701-GUXDC,One year,26,35.4,DSL,0.2631741272547203,Low
9086-YJYXS,One year,34,77.2,DSL,0.26304617890553117,Low
4701-AHWMW,Month-to-month,55,54.55,DSL,0.26298615773768,Low
7105-MXJLL,One year,26,60.7,DSL,0.26278686660370326,Low
6900-RBKER,Two year,52,89.45,Fiber optic,0.2627123456867,Low
0815-MFZGM,Two year,42,99.0,Fiber optic,0.2626853160559206,Low
4115-UMJFQ,One year,69,35.75,DSL,0.2626736364013245,Low
1095-WGNGG,Two year,61,101.05,Fiber optic,0.26207042193504426,Low
0458-HEUZG,Two year,13,35.4,DSL,0.26193890594430325,Low
5712-VBOXD,Month-to-month,4,20.15,No,0.26191303737928434,Low
6806-YDEUL,Month-to-month,6,19.5,No,0.2618312566228035,Low
3096-YXENJ,Two year,65,107.65,Fiber optic,0.2617754279901543,Low
6784-XYJAE,One year,36,55.8,DSL,0.2616616922058067,Low
5624-RYAMH,Month-to-month,9,19.5,No,0.2615920248759068,Low
4186-ZBUEW,One year,36,70.7,DSL,0.2614653157427512,Low
8109-YUOHE,One year,17,56.1,DSL,0.26133669048559854,Low
9139-TWBAS,One year,26,47.85,DSL,0.26092665166048745,Low
2223-KAGMX,Month-to-month,15,19.4,No,0.2608408904781801,Low
1264-FUHCX,One year,49,56.3,DSL,0.2608295429680964,Low
7156-MXBJE,One year,43,85.1,DSL,0.26074727760899674,Low
1730-VFMWO,Month-to-month,34,50.2,DSL,0.26063172216294733,Low
6075-QMNRR,Month-to-month,52,49.75,DSL,0.2606279307871948,Low
4611-ANLQC,One year,60,50.05,DSL,0.2605401651552829,Low
1465-WCZVT,Month-to-month,3,19.65,No,0.26029594333321726,Low
4389-UEFCZ,Two year,72,105.5,Fiber optic,0.2601540122236393,Low
1796-JANOW,Month-to-month,2,19.95,No,0.2600304097703364,Low
2338-BQEZT,Month-to-month,55,50.55,DSL,0.25992342507949456,Low
8663-UPDGF,Month-to-month,26,69.5,DSL,0.25991762931339496,Low
5906-CVLHP,One year,45,54.15,DSL,0.2598722002703939,Low
2792-VPPET,Month-to-month,3,20.5,No,0.2598185836314383,Low
9677-AVKED,One year,53,84.6,DSL,0.2594210580059616,Low
4854-SSLTN,Two year,2,59.5,DSL,0.25936782043916756,Low
0022-TCJCI,One year,45,62.7,DSL,0.25933625967322904,Low
0031-PVLZI,Month-to-month,4,20.35,No,0.2593157126773413,Low
3363-DTIVD,Two year,71,105.55,Fiber optic,0.259189863090166,Low
9972-NKTFD,Month-to-month,28,54.65,DSL,0.2591788479493838,Low
0895-UADGO,Two year,8,44.55,DSL,0.258902338967074,Low
8006-PYCSW,Month-to-month,2,20.1,No,0.25888843330941663,Low
9987-LUTYD,One year,13,55.15,DSL,0.2588229281379958,Low
9933-QRGTX,Two year,60,97.2,Fiber optic,0.2588221310237833,Low
1536-YHDOE,One year,17,62.1,DSL,0.2587296465945396,Low
6050-FFXES,Two year,69,105.35,Fiber optic,0.25866930455817877,Low
8731-WBBMB,Month-to-month,26,81.9,DSL,0.25864129942871183,Low
4747-LCAQL,Month-to-month,25,79.0,DSL,0.2586276262585599,Low
0178-CIIKR,Month-to-month,3,19.95,No,0.258595870762139,Low
5236-PERKL,Two year,57,112.95,Fiber optic,0.2585021584846072,Low
3594-IVHJZ,Month-to-month,2,20.45,No,0.25845196346994326,Low
0134-XWXCE,One year,44,74.85,DSL,0.25834292043294826,Low
2746-DIJLO,One year,41,56.3,DSL,0.2579998278211286,Low
8996-ZROXE,One year,57,53.5,DSL,0.25798079618670494,Low
7459-IMVYU,Month-to-month,38,69.95,DSL,0.25793381405855526,Low
6257-DTAYD,Two year,71,104.15,Fiber optic,0.25784204349863943,Low
7641-TQFHN,Two year,39,100.55,Fiber optic,0.25751524445293245,Low
2868-LLSKM,One year,68,83.65,Fiber optic,0.25746684925611896,Low
4237-CLSMM,Month-to-month,2,20.0,No,0.2574448835158644,Low
2091-MJTFX,Month-to-month,30,51.2,DSL,0.2574321704193962,Low
3648-GZPHF,One year,32,36.25,DSL,0.257361184794892,Low
1725-IQNIY,Two year,54,109.75,Fiber optic,0.25734744953338295,Low
3800-LYTRK,One year,14,55.7,DSL,0.2573041506858299,Low
9970-QBCDA,Month-to-month,6,19.7,No,0.2572607711857879,Low
2391-IPLOP,One year,50,69.65,DSL,0.2571169612440151,Low
8610-ZIKJJ,One year,2,20.3,No,0.2568874683087354,Low
6734-CKRSM,Month-to-month,3,20.0,No,0.2568170225805124,Low
3301-VKTGC,One year,68,85.5,Fiber optic,0.2567745067552557,Low
2483-XSSMZ,One year,39,47.85,DSL,0.2564815081514266,Low
0725-CXOTM,One year,36,89.65,DSL,0.25645335908069383,Low
2330-PQGDQ,One year,51,84.2,Fiber optic,0.25641304533414927,Low
8608-OZTLB,One year,38,74.05,DSL,0.2563950782077987,Low
7233-IOQNP,Month-to-month,43,34.0,DSL,0.2563733997231613,Low
2342-CKIAO,Month-to-month,2,20.3,No,0.25633995368472806,Low
0128-MKWSG,Month-to-month,26,45.8,DSL,0.25624364152313395,Low
4726-DLWQN,Month-to-month,50,70.35,DSL,0.25612424201160455,Low
3275-RHRNE,One year,28,60.0,DSL,0.25609347958058865,Low
5504-WSIUR,One year,70,90.25,Fiber optic,0.25576693515195115,Low
5693-PIPCS,Two year,41,99.65,Fiber optic,0.2557238316828953,Low
9705-ZJBCG,One year,13,54.15,DSL,0.25570125698612806,Low
9750-BOOHV,One year,32,30.15,DSL,0.25569675272651604,Low
9074-KGVOX,Month-to-month,50,39.45,DSL,0.2556696504059541,Low
1452-XRSJV,Month-to-month,39,51.05,DSL,0.25553070404283096,Low
7576-ASEJU,One year,41,74.7,DSL,0.25543551546192295,Low
8406-LNMHF,One year,59,82.95,Fiber optic,0.25537361015547616,Low
9818-XQCUV,Month-to-month,2,20.35,No,0.25520116177980656,Low
8465-SBRXP,Two year,38,94.9,Fiber optic,0.2550423828186315,Low
6933-VLYFX,One year,31,59.95,DSL,0.25503912486261376,Low
1449-XQEMT,Month-to-month,3,19.8,No,0.25487004528047547,Low
6838-YAUVY,Two year,54,95.1,Fiber optic,0.2547013153323124,Low
4079-VTGLK,Two year,30,74.85,DSL,0.2546830027938584,Low
7036-ZZKBD,Month-to-month,31,66.4,DSL,0.2546343961599916,Low
3229-USWAR,One year,34,79.95,DSL,0.25453865027347555,Low
1925-GMVBW,Month-to-month,5,20.55,No,0.2542378187652996,Low
0076-LVEPS,Month-to-month,29,45.0,DSL,0.2542046782064581,Low
3597-YASZG,Two year,70,104.45,Fiber optic,0.25411915942436364,Low
6265-SXWBU,One year,69,95.75,Fiber optic,0.2541065107415795,Low
6416-JNVRK,One year,46,55.65,DSL,0.2539644146130069,Low
2393-DIVAI,Month-to-month,3,20.0,No,0.25366681227514687,Low
1810-MVMAI,Month-to-month,30,67.6,DSL,0.25357067314565424,Low
9931-KGHOA,Month-to-month,46,55.0,DSL,0.25348701726076683,Low
4759-PXTAN,One year,59,80.1,DSL,0.25341625672512724,Low
7217-JYHOQ,Month-to-month,24,70.3,DSL,0.25313164834248064,Low
3977-QCRSL,Month-to-month,5,20.15,No,0.2529132197543756,Low
7874-ECPQJ,Month-to-month,4,20.05,No,0.2528955954138444,Low
2839-RFSQE,Month-to-month,2,20.65,No,0.2528365180341836,Low
4072-IPYLT,Month-to-month,36,51.05,DSL,0.25277447073504167,Low
1708-PBBOA,One year,42,54.75,DSL,0.2525856520188846,Low
2640-LYMOV,Month-to-month,2,19.65,No,0.25245708182445464,Low
3675-EQOZA,Month-to-month,5,20.65,No,0.2524451786478783,Low
4682-BLBUC,One year,44,70.95,DSL,0.2523436188121023,Low
8550-XSXUQ,One year,48,70.55,DSL,0.252310678559242,Low
5702-SKUOB,Month-to-month,4,19.6,No,0.2521775326195521,Low
3694-GLTJM,Month-to-month,5,19.65,No,0.25211215662619213,Low
5151-HQRDG,Month-to-month,37,55.05,DSL,0.2520766567138295,Low
1697-BCSHV,Month-to-month,58,66.8,DSL,0.251986200089469,Low
5687-DKDTV,Month-to-month,4,20.35,No,0.2519760110157695,Low
4277-UDIEF,Month-to-month,24,81.0,DSL,0.25193825312255386,Low
3915-ODIYG,One year,60,71.75,DSL,0.25182058576641364,Low
9618-LFJRU,Month-to-month,4,20.45,No,0.25170702647564347,Low
1042-HFUCW,One year,25,54.75,DSL,0.2515188933438125,Low
5688-KZTSN,Month-to-month,15,20.0,No,0.25121454606477517,Low
2361-FJWNO,One year,40,36.0,DSL,0.251194072029815,Low
6682-QJDGB,Month-to-month,40,55.25,DSL,0.25096247628452645,Low
9031-ZVQPT,Two year,72,108.2,Fiber optic,0.25075806184657,Low
2798-NYLMZ,Two year,71,108.55,Fiber optic,0.2507050840447197,Low
7663-CUXZB,Two year,59,113.75,Fiber optic,0.25058927876741427,Low
9711-FJTBX,One year,56,85.85,Fiber optic,0.2505750524627365,Low
8879-ZKJOF,One year,41,79.85,DSL,0.2503727083567912,Low
3363-EWLGO,Month-to-month,5,19.95,No,0.2503248782652259,Low
4508-OEBEY,One year,31,75.5,DSL,0.25032423723045816,Low
3115-JPJDD,One year,59,81.25,Fiber optic,0.2501521006130599,Low
1087-UDSIH,Month-to-month,3,19.6,No,0.2500571725987903,Low
6481-LXPWL,One year,56,36.1,DSL,0.2500233758810039,Low
0201-MIBOL,Two year,66,102.4,Fiber optic,0.2496949669452294,Low
6734-FQAJX,Two year,67,105.05,Fiber optic,0.24967831988768244,Low
5153-LXKDT,Two year,68,110.2,Fiber optic,0.24963836363457317,Low
0699-NDKJM,Month-to-month,57,58.75,DSL,0.24955355555617226,Low
7361-YPXFS,Month-to-month,28,64.45,DSL,0.2493184759267661,Low
2200-DSAAL,Two year,68,80.65,DSL,0.24911083963724914,Low
5815-HGGHV,One year,20,64.15,DSL,0.2490921752230504,Low
7219-TLZHO,Month-to-month,4,20.85,No,0.24908587022442064,Low
0607-MVMGC,One year,45,78.75,DSL,0.24883863257966182,Low
6990-YNRIO,Two year,65,108.65,Fiber optic,0.24864752356478875,Low
9405-GPBBG,Two year,64,110.5,Fiber optic,0.24864484203738285,Low
5524-KHNJP,One year,33,74.75,DSL,0.24851050723484278,Low
0303-UNCIP,One year,41,65.0,DSL,0.24824994772560208,Low
6341-JVQGF,One year,31,81.15,DSL,0.2482038361564909,Low
2882-DDZPG,Month-to-month,12,19.45,No,0.2480571718123761,Low
5327-CNLUQ,Two year,48,96.9,Fiber optic,0.24802471682293165,Low
5229-DTFYB,Two year,41,98.8,Fiber optic,0.24758986100854316,Low
1334-PDUKM,One year,68,86.45,Fiber optic,0.24741268052570206,Low
1383-EZRWL,Month-to-month,7,20.05,No,0.2470840853917269,Low
5278-PNYOX,Two year,49,100.65,Fiber optic,0.24703319986166028,Low
0463-WZZKO,Month-to-month,3,20.75,No,0.24701774509113814,Low
6933-FHBZC,One year,26,56.05,DSL,0.2469720464815255,Low
4541-RMRLG,Month-to-month,7,19.25,No,0.24694878405995596,Low
6893-ODYYE,One year,50,90.1,Fiber optic,0.24692152336990308,Low
1545-JFUML,Two year,71,99.0,Fiber optic,0.24678633335745606,Low
5236-XMZJY,Month-to-month,42,59.65,DSL,0.24676276605495043,Low
1402-PTHGN,One year,18,61.5,DSL,0.2467349683356091,Low
8819-ZBYNA,Two year,58,109.1,Fiber optic,0.2466666349847452,Low
8646-JCOMS,One year,66,90.55,Fiber optic,0.24662944525072408,Low
7838-LAZFO,One year,45,78.8,DSL,0.24658516668280542,Low
7785-RDVIG,Month-to-month,3,19.3,No,0.2465834852031026,Low
4488-PSYCG,Month-to-month,16,20.25,No,0.24656537780096252,Low
0188-GWFLE,Month-to-month,2,20.05,No,0.24651488450401923,Low
2159-TURXX,Month-to-month,5,20.05,No,0.2462874235977289,Low
0679-TDGAK,One year,50,75.5,DSL,0.24606372911933852,Low
9256-JTBNZ,Month-to-month,11,20.3,No,0.2459525381248649,Low
2790-XUYMV,One year,71,85.45,Fiber optic,0.24583274803631905,Low
6164-HXUGH,Month-to-month,6,19.85,No,0.2458170264693402,Low
7691-XVTZH,Two year,68,89.95,Fiber optic,0.2457913731170467,Low
1855-CFULU,Month-to-month,4,20.05,No,0.24556037368698327,Low
6092-QZVPP,Month-to-month,36,79.2,DSL,0.24554407449566257,Low
4397-FRLTA,Month-to-month,4,20.15,No,0.24552637055791193,Low
3612-YUNGG,Two year,64,109.2,Fiber optic,0.2454608222602315,Low
0835-JKADZ,Two year,71,111.25,Fiber optic,0.2454561007400034,Low
9770-LXDBK,Month-to-month,3,20.4,No,0.2454202851311671,Low
4504-YOULA,Month-to-month,35,59.45,DSL,0.24535853188744908,Low
9388-ZEYVT,One year,43,44.15,DSL,0.2451817871961222,Low
6869-FGJJC,One year,68,79.6,Fiber optic,0.24517114594335865,Low
5062-CJJKH,One year,25,53.65,DSL,0.24508047475762496,Low
7021-XSNYE,Two year,7,49.65,DSL,0.2449610243311956,Low
4002-BQWPQ,Month-to-month,25,81.75,DSL,0.2448097987112886,Low
4182-BGSIQ,Month-to-month,10,19.8,No,0.2447963371009116,Low
1336-EZFZY,Month-to-month,4,20.05,No,0.2447806094121907,Low
7841-FCRQD,One year,33,53.75,DSL,0.2446257485024662,Low
8822-KNBHV,One year,48,83.45,DSL,0.24454503418467535,Low
0096-FCPUF,Month-to-month,30,64.5,DSL,0.24446392499012864,Low
1163-VIPRI,Two year,65,109.3,Fiber optic,0.244339719068763,Low
5777-KJIRB,One year,40,50.25,DSL,0.24427585008875746,Low
4501-UYKBC,One year,46,69.1,DSL,0.24422103849945093,Low
3714-XPXBW,Month-to-month,37,78.9,DSL,0.24410846517853765,Low
2205-LPVGL,One year,58,89.85,Fiber optic,0.24410718981965077,Low
7492-TAFJD,Two year,7,38.55,DSL,0.24395951426402196,Low
7343-EOBEU,Month-to-month,3,23.6,No,0.24374230808094902,Low
3936-QQFLL,Month-to-month,2,19.75,No,0.24349158211058286,Low
4404-HIBDJ,One year,25,74.3,DSL,0.24346723312794774,Low
4903-CNOZC,One year,29,70.9,DSL,0.24278943265226738,Low
5386-THSLQ,One year,66,45.55,DSL,0.24274415712695838,Low
2616-UUTFK,Month-to-month,33,72.75,DSL,0.24262980657863376,Low
7472-EQOAV,One year,71,86.7,Fiber optic,0.24256676178591827,Low
6047-SUHPR,One year,39,59.8,DSL,0.2425162618174069,Low
1298-PHBTI,Two year,71,84.8,Fiber optic,0.24230181722818092,Low
8150-QUDFX,Month-to-month,2,19.85,No,0.24227033406517454,Low
4328-VUFWD,One year,39,59.3,DSL,0.24226457314497238,Low
1150-FTQGN,One year,60,94.15,Fiber optic,0.24208574602309374,Low
0584-BJQGZ,Month-to-month,25,78.35,DSL,0.2420070190567837,Low
7781-EWARA,One year,70,60.35,DSL,0.2418704282353292,Low
9702-AIUJO,One year,50,44.8,DSL,0.24179672958466764,Low
6505-OZNPG,Two year,6,63.4,DSL,0.24174954801644313,Low
4957-TIALW,One year,15,65.6,DSL,0.24173481354650125,Low
5297-MDOIR,One year,63,81.15,Fiber optic,0.24171646664043672,Low
8845-LWKGE,One year,30,64.5,DSL,0.24169465676487548,Low
3716-LRGXK,Two year,60,101.15,Fiber optic,0.2416562434525504,Low
4522-XRWWI,One year,42,80.45,DSL,0.24148614237780108,Low
6861-OKBCE,Month-to-month,11,20.1,No,0.24139415691879848,Low
5393-HJZSM,Month-to-month,32,76.3,DSL,0.2413905827385301,Low
5306-BVTKJ,One year,48,55.8,DSL,0.24130938728205062,Low
5144-PQCDZ,Month-to-month,4,19.95,No,0.2411274584378854,Low
2408-PSJVE,Month-to-month,44,61.9,DSL,0.2411071091719804,Low
5067-DGXLL,Month-to-month,2,20.25,No,0.2410546358083492,Low
4526-RMTLL,Two year,8,76.15,DSL,0.24104375839554915,Low
0816-TSPHQ,Month-to-month,2,20.75,No,0.24096518156174304,Low
9039-RBEEE,Month-to-month,39,48.95,DSL,0.24072148588791842,Low
6766-HFKLA,Two year,56,103.2,Fiber optic,0.24071789005481223,Low
6776-TLWOI,Month-to-month,3,19.85,No,0.24050509251913973,Low
2988-QRAJY,Two year,69,110.05,Fiber optic,0.24037805887078031,Low
8226-BXGES,One year,64,89.45,Fiber optic,0.2403240977816548,Low
9938-TKDGL,Two year,68,99.55,Fiber optic,0.2403080407910262,Low
6568-POCUI,Two year,45,95.2,Fiber optic,0.24022453337850241,Low
2519-TWKFS,One year,25,55.1,DSL,0.24001018504793767,Low
8348-JLBUG,One year,64,80.3,Fiber optic,0.23966038424733555,Low
7901-IIDQV,One year,24,54.6,DSL,0.23961249878930627,Low
9931-DCEZH,One year,28,54.4,DSL,0.23951871476018846,Low
7696-AMHOD,One year,49,78.0,DSL,0.23922922176255562,Low
9786-IJYDL,Two year,35,113.2,Fiber optic,0.23918732477495788,Low
4973-RLZVI,One year,30,74.65,DSL,0.2391685625201074,Low
2724-FJDYW,One year,39,54.85,DSL,0.23907529465072963,Low
0661-KBKPA,One year,53,78.75,DSL,0.23905409728308957,Low
0840-DCNZE,One year,47,86.95,DSL,0.23889538704870447,Low
1755-RMCXH,Month-to-month,2,20.3,No,0.23854090166692216,Low
5919-VCZYM,Month-to-month,2,20.05,No,0.23851081308860286,Low
6663-JOCQO,One year,31,75.25,DSL,0.23796746516181538,Low
3026-ATZYV,One year,37,75.1,DSL,0.23796732839667428,Low
5478-JJVZK,Month-to-month,33,60.9,DSL,0.2378605722628279,Low
2308-STERM,Month-to-month,2,19.4,No,0.23781084891482843,Low
5616-PRTNT,Month-to-month,20,19.4,No,0.2377996790940733,Low
7976-CICYS,Month-to-month,4,20.7,No,0.23775339441099713,Low
4366-CTOUZ,Two year,50,100.2,Fiber optic,0.23772525793878388,Low
4199-QHJNM,Two year,67,102.9,Fiber optic,0.23763600405897628,Low
4223-BKEOR,One year,21,64.85,DSL,0.23731413344563165,Low
4091-TVOCN,One year,48,78.75,DSL,0.23719464322477904,Low
6972-SNKKW,Month-to-month,6,20.0,No,0.23695559967639146,Low
0114-RSRRW,Month-to-month,10,19.95,No,0.23684879388131685,Low
8317-BVKSO,Month-to-month,14,20.05,No,0.2368288270183596,Low
3038-PQIUY,Month-to-month,38,66.15,DSL,0.23673052631781194,Low
2925-MXLSX,One year,30,68.95,DSL,0.23670818543702055,Low
9378-FXTIZ,One year,54,70.15,DSL,0.23646631538044663,Low
3214-IYUUQ,One year,61,93.7,Fiber optic,0.2364351185542511,Low
3981-QSVQI,Month-to-month,8,19.7,No,0.2363283724195862,Low
6967-PEJLL,One year,37,40.2,DSL,0.2361877969894579,Low
1866-NXPSP,One year,36,75.55,DSL,0.23611795759578338,Low
9619-GSATL,One year,43,55.45,DSL,0.23600585907298702,Low
4057-FKCZK,Two year,58,82.5,Fiber optic,0.23586611278745973,Low
5092-STPKP,Month-to-month,24,56.35,DSL,0.23571928160451597,Low
8318-LCNBW,One year,35,53.15,DSL,0.23566658631381765,Low
1621-YNCJH,Two year,36,106.05,Fiber optic,0.23545012370014395,Low
5850-BDWCY,Month-to-month,6,20.2,No,0.2354400685255637,Low
7526-IVLYU,Month-to-month,3,19.65,No,0.23543506684571994,Low
3039-MJSLN,Month-to-month,3,20.2,No,0.23541359095194717,Low
9200-NLNPD,One year,56,54.05,DSL,0.23522954077802485,Low
0661-WCQNQ,One year,22,56.25,DSL,0.23495763585400722,Low
0278-YXOOG,Month-to-month,5,21.05,No,0.23487748181138002,Low
1352-VHKAJ,Month-to-month,27,71.6,DSL,0.2347068302052736,Low
3397-AVTKU,Two year,43,60.0,DSL,0.23448543841145805,Low
0716-BQNDX,Two year,57,93.75,Fiber optic,0.23441697344437087,Low
5832-EXGTT,Month-to-month,29,60.2,DSL,0.2342556743838891,Low
9894-QMIMJ,One year,23,55.8,DSL,0.23413752095545892,Low
4795-WRNVT,Month-to-month,40,65.1,DSL,0.23411954454085848,Low
6377-KSLXC,Month-to-month,5,19.95,No,0.2339563565188883,Low
2323-ARSVR,Two year,67,111.05,Fiber optic,0.2339023407934817,Low
2439-QKJUL,Month-to-month,5,20.25,No,0.23383859326430487,Low
9586-JGQKH,Two year,64,105.4,Fiber optic,0.23379157393605624,Low
6616-AALSR,Two year,65,104.3,Fiber optic,0.23356193208040707,Low
3077-RSNTJ,Month-to-month,6,19.7,No,0.23342372393381008,Low
0380-ZCSBI,Month-to-month,10,20.0,No,0.2334154556277601,Low
9917-KWRBE,One year,41,78.35,DSL,0.23329989083124578,Low
6394-HHHZM,Month-to-month,3,20.7,No,0.2330123395368604,Low
9959-WOFKT,Two year,71,106.7,Fiber optic,0.23294582105860207,Low
9845-PEEKO,Two year,59,79.2,Fiber optic,0.23284672218954777,Low
1891-QRQSA,Two year,64,111.6,Fiber optic,0.23283966600186398,Low
3766-EJLFL,Two year,68,109.05,Fiber optic,0.23276722817636275,Low
0980-FEXWF,One year,26,50.35,DSL,0.23274702607572142,Low
5161-XEUVX,Two year,37,94.3,Fiber optic,0.23263155658584267,Low
9052-DHNKM,One year,26,61.55,DSL,0.23250277438563757,Low
3896-RCYYE,Month-to-month,67,53.4,DSL,0.23243788642275343,Low
6671-NGWON,Month-to-month,7,20.35,No,0.2323367569751233,Low
0568-ONFPC,Month-to-month,5,25.9,No,0.23223231009422796,Low
1696-HXOWK,One year,71,95.65,Fiber optic,0.2321367182308253,Low
8401-EMUWF,Month-to-month,42,69.4,DSL,0.2320109403536112,Low
9174-IHETN,Two year,50,70.35,Fiber optic,0.23185609779316166,Low
4369-NYSCF,One year,56,75.75,DSL,0.23148303668512932,Low
9367-OIUXP,Month-to-month,4,20.7,No,0.2314678876841562,Low
6752-APNJL,Month-to-month,42,54.5,DSL,0.2314240234505839,Low
3011-WQKSZ,Month-to-month,19,20.0,No,0.23130620781907657,Low
2428-ZMCTB,Month-to-month,10,19.75,No,0.23128795523168524,Low
2364-UFROM,One year,30,70.4,DSL,0.2309799352176293,Low
4558-CGYCZ,Month-to-month,4,19.75,No,0.23088468333732726,Low
4355-HBJHH,Two year,67,79.7,DSL,0.23073625311093673,Low
1094-BKOSX,One year,45,51.0,DSL,0.23014802091731193,Low
4903-UYAVB,Month-to-month,5,19.35,No,0.2300290820349944,Low
0690-SRQID,Month-to-month,4,19.65,No,0.22985885943557222,Low
0396-HUJBP,Month-to-month,2,19.3,No,0.22981261789732035,Low
2683-JXWQQ,Month-to-month,61,33.6,DSL,0.22967655046444488,Low
6797-LNAQX,Two year,70,98.3,Fiber optic,0.22959048746105448,Low
4322-RCYMT,One year,68,75.8,DSL,0.2294373601091931,Low
8003-EWNDZ,Month-to-month,10,21.2,No,0.229294174782798,Low
9929-PLVPA,Month-to-month,4,20.4,No,0.22923320762756266,Low
5915-DGNVC,One year,49,71.8,DSL,0.22921126838221909,Low
8668-KNZTI,One year,52,53.75,DSL,0.22910188383334992,Low
7336-RLLRH,One year,27,80.85,DSL,0.22894370256824564,Low
1136-XGEQU,One year,50,84.15,DSL,0.22886929788964072,Low
3850-OKINF,One year,71,66.2,DSL,0.22882738272509906,Low
8851-RAGOV,Month-to-month,25,71.05,DSL,0.22872903233844746,Low
0208-BPQEJ,Month-to-month,12,19.4,No,0.22863180947956713,Low
6621-YOBKI,Month-to-month,5,20.35,No,0.22855459957033308,Low
5954-BDFSG,Two year,72,107.5,Fiber optic,0.22853534328837966,Low
9330-VOFSZ,Two year,60,110.8,Fiber optic,0.22848227629305265,Low
1599-MMYRQ,One year,62,81.45,Fiber optic,0.2282606671964252,Low
1045-LTCYT,Month-to-month,8,21.05,No,0.22811176210580958,Low
9691-HKOVS,One year,55,90.15,DSL,0.2280376054943791,Low
9277-JOOMO,Month-to-month,3,24.6,No,0.2280011492039963,Low
6319-QSUSR,Month-to-month,11,19.7,No,0.22793301110765407,Low
1385-TQOZW,Month-to-month,9,20.45,No,0.2278962336499414,Low
6174-NRBTZ,One year,46,30.75,DSL,0.22778617135068127,Low
0401-WDBXM,Two year,72,105.55,Fiber optic,0.22761815027331012,Low
9209-NWPGU,One year,44,65.4,DSL,0.22755752231379223,Low
8713-IGZSO,Month-to-month,2,24.85,No,0.22752352965568032,Low
2717-HVIZY,Month-to-month,8,20.05,No,0.22752222900854804,Low
4770-QAZXN,Month-to-month,13,19.45,No,0.22741072407655036,Low
8591-NXRCV,Month-to-month,41,74.65,DSL,0.22727067471071905,Low
6161-ERDGD,One year,71,85.45,DSL,0.22713649249711249,Low
8466-PZBLH,Two year,67,104.6,Fiber optic,0.22692354844726148,Low
4049-ZPALD,Two year,64,99.0,Fiber optic,0.22681168252156364,Low
7136-IHZJA,Month-to-month,40,71.35,DSL,0.2268090313183643,Low
5663-QBGIS,Two year,72,98.35,Fiber optic,0.22672509407257385,Low
0983-TATYJ,One year,33,51.45,DSL,0.22667981157851352,Low
9592-ERDKV,One year,37,79.25,DSL,0.22663880682522589,Low
2233-FAGXV,Month-to-month,5,24.3,No,0.2266142773157018,Low
0628-CNQRM,One year,22,67.5,DSL,0.2265068426641584,Low
7182-OVLBJ,Two year,62,101.15,Fiber optic,0.2264016427659472,Low
7964-YESJC,Month-to-month,24,66.3,DSL,0.2262638304531188,Low
7636-PEPNS,One year,58,44.1,DSL,0.22601436206804484,Low
9837-FWLCH,Month-to-month,12,19.2,No,0.225968872496002,Low
3442-ZHHCC,One year,68,76.9,DSL,0.22596787318741213,Low
6231-WFGFH,Month-to-month,4,20.5,No,0.2257323944320471,Low
6278-FEPBZ,Month-to-month,9,20.25,No,0.22573167733978466,Low
9938-ZREHM,One year,37,72.1,DSL,0.2254339450706477,Low
8439-LTUGF,Month-to-month,10,20.0,No,0.22533910101751572,Low
3806-YAZOV,Month-to-month,3,18.8,No,0.22533491772355974,Low
2732-ISEZX,Month-to-month,5,20.5,No,0.22515216449163328,Low
1557-EMYVT,Two year,43,115.05,Fiber optic,0.22504721857587873,Low
5671-RQRLP,Two year,70,75.65,Fiber optic,0.22498974443377848,Low
0197-PNKNK,One year,69,84.45,Fiber optic,0.22478719146125414,Low
0565-IYCGT,One year,69,78.6,DSL,0.22471166967854936,Low
3181-MIZBN,Month-to-month,16,19.75,No,0.22470210071488306,Low
0454-OKRCT,Two year,33,80.6,Fiber optic,0.22470115312686725,Low
4083-EUGRJ,Month-to-month,9,20.25,No,0.22467326215707709,Low
8788-DOXSU,One year,59,61.35,DSL,0.22451405826187917,Low
1814-DKOLC,Month-to-month,5,25.45,No,0.22448899753357623,Low
4003-OCTMP,One year,31,64.0,DSL,0.22429392651792066,Low
9695-IDRZR,Two year,34,116.15,Fiber optic,0.22414302607028241,Low
2877-VDUER,One year,35,40.9,DSL,0.224135218745372,Low
4906-ZHGPK,One year,54,70.7,DSL,0.2240718150155448,Low
3340-QBBFM,One year,36,54.1,DSL,0.22405111663060737,Low
9039-ZVJDC,Month-to-month,3,19.1,No,0.22379488227414293,Low
9432-RUVSL,Two year,48,102.5,Fiber optic,0.22372601943882317,Low
8659-HDIYE,Month-to-month,64,74.65,DSL,0.22350111646366988,Low
7471-MQPOS,One year,71,72.9,DSL,0.2234489262072011,Low
8785-EPNCG,Month-to-month,11,23.15,No,0.22330534411841352,Low
2332-EFBJY,Month-to-month,16,19.7,No,0.22324282720545321,Low
9027-YFHQJ,Month-to-month,7,25.05,No,0.2231028488002978,Low
2740-JFBOK,Month-to-month,10,24.0,No,0.2230889974833631,Low
1301-LOPVR,One year,29,55.35,DSL,0.22300072026600792,Low
4365-MSDYN,Month-to-month,8,19.55,No,0.22293304148518378,Low
6778-EICRF,One year,24,74.8,DSL,0.22258925681145436,Low
9364-YKUVW,Month-to-month,15,19.8,No,0.2225467524150577,Low
8573-CGOCC,Month-to-month,16,19.75,No,0.22252767364900725,Low
9796-MVYXX,Two year,14,39.7,DSL,0.22248179340885296,Low
7765-LWVVH,Two year,72,95.1,Fiber optic,0.22222926846949065,Low
9788-YTFGE,Month-to-month,7,19.95,No,0.222166513412261,Low
2522-WLNSF,One year,34,64.2,DSL,0.22182610810962203,Low
4159-NAAIX,Two year,63,97.45,Fiber optic,0.22175585321866437,Low
5204-HMGYF,One year,49,87.2,DSL,0.2217219811048533,Low
5012-YSPJJ,Month-to-month,31,54.35,DSL,0.2215979361721486,Low
4694-PHWFW,Month-to-month,8,19.95,No,0.22153012004046868,Low
1137-DGOWI,One year,30,70.25,DSL,0.2213419945327955,Low
0930-EHUZA,One year,36,76.35,DSL,0.22131321828468742,Low
7753-USQYQ,One year,55,64.2,DSL,0.22113225867758535,Low
2055-BFOCC,One year,63,84.0,DSL,0.22094799472991952,Low
8591-TKMZH,Two year,59,111.1,Fiber optic,0.2209282561753364,Low
8898-KASCD,One year,39,35.55,DSL,0.22084910334563423,Low
5855-EIBDE,Two year,49,106.65,Fiber optic,0.2205935649807309,Low
8041-TMEID,Two year,63,108.5,Fiber optic,0.22056051875691746,Low
4598-ZADCK,One year,53,53.6,DSL,0.22052076908663262,Low
5149-QYTTU,One year,71,95.15,Fiber optic,0.2202782362774301,Low
8847-GEOOQ,Month-to-month,60,60.2,DSL,0.22018869369586577,Low
9362-MWODR,Month-to-month,40,64.1,DSL,0.22014523050766102,Low
3530-CRZSB,Month-to-month,7,20.65,No,0.2200984917531997,Low
1226-JZNKR,One year,8,19.8,No,0.2199037546869119,Low
5574-NXZIU,Two year,63,109.2,Fiber optic,0.21980980443480358,Low
5396-IZEPB,Month-to-month,9,19.7,No,0.2197620431516204,Low
7868-TMWMZ,Two year,60,110.0,Fiber optic,0.21969862738033702,Low
9367-TCUYN,Month-to-month,12,20.1,No,0.21966154474147728,Low
5049-MUBWG,One year,26,75.0,DSL,0.21953836436051447,Low
7176-WRTNX,Two year,70,114.95,Fiber optic,0.21951821780413686,Low
1832-PEUTS,Two year,62,89.1,Fiber optic,0.21946891901441398,Low
6848-YLDFR,One year,58,75.2,DSL,0.21915477704431335,Low
4135-FRWKJ,One year,55,76.25,DSL,0.21881638165113146,Low
9199-PWQVC,One year,63,79.7,DSL,0.2187809215726278,Low
3658-QQJYD,One year,62,74.3,DSL,0.21871664096599816,Low
5345-BMKWB,Month-to-month,8,20.25,No,0.21870065282154666,Low
6736-DHUQI,One year,67,84.8,Fiber optic,0.2184819110480494,Low
3181-VTHOE,One year,70,51.05,DSL,0.21841193168643722,Low
2144-ESWKO,One year,43,35.2,DSL,0.21839477749879166,Low
0347-UBKUZ,Month-to-month,15,19.9,No,0.2183213376938735,Low
4895-TMWIR,Month-to-month,11,19.95,No,0.2182847946032562,Low
0254-KCJGT,One year,52,81.4,DSL,0.21822782521785375,Low
0310-VQXAM,Month-to-month,9,19.85,No,0.21806287523997905,Low
7083-YNSKY,Month-to-month,15,25.4,No,0.21802224139156184,Low
0496-AHOOK,One year,24,74.4,DSL,0.2180213495881912,Low
4104-PVRPS,Month-to-month,24,53.6,DSL,0.2177035936127326,Low
3407-QGWLG,Month-to-month,3,20.05,No,0.2176043348470693,Low
9817-APLHW,Month-to-month,12,25.0,No,0.21756537487636962,Low
0635-WKOLD,One year,40,70.75,DSL,0.21742290006773735,Low
4020-KIUDI,Month-to-month,6,19.85,No,0.2172481734048151,Low
4137-JOPHL,Two year,50,89.7,Fiber optic,0.21723476306463216,Low
6244-BESBM,Two year,69,95.2,Fiber optic,0.21722477794934994,Low
5203-XEHAX,One year,34,64.35,DSL,0.21694921071501572,Low
7531-GQHME,Month-to-month,12,20.05,No,0.21690708966591554,Low
5774-XZTQC,Month-to-month,7,20.45,No,0.2169061789778264,Low
5110-CHOPY,Two year,60,53.6,DSL,0.21679372465484192,Low
1150-WFARN,Two year,67,108.75,Fiber optic,0.21666314622678912,Low
6620-HVDUJ,Month-to-month,24,60.45,DSL,0.216641146866954,Low
4626-OZDTJ,One year,51,78.65,DSL,0.21659791673160253,Low
7610-TVOPG,Month-to-month,15,26.35,No,0.2163661179790643,Low
8221-EQDGL,Month-to-month,35,61.0,DSL,0.21620794355058384,Low
9101-NTIXF,Month-to-month,2,19.4,No,0.21611785369259753,Low
6048-UWKAL,Two year,69,105.4,Fiber optic,0.2159857757144727,Low
8152-VETUR,Two year,72,97.7,Fiber optic,0.21596378395648935,Low
6992-TKNYO,One year,38,69.0,DSL,0.21581492015373768,Low
6718-BDGHG,One year,43,64.85,DSL,0.21572788112482935,Low
2928-HLDBA,Month-to-month,6,20.7,No,0.21571212923714464,Low
7140-ADSMJ,Month-to-month,8,20.45,No,0.21560561307815257,Low
2469-DTSGX,Two year,72,111.65,Fiber optic,0.21555207534461474,Low
0756-MPZRL,One year,46,33.7,DSL,0.21533380119386364,Low
6114-TCFID,One year,29,39.5,DSL,0.21527838882196568,Low
8746-OQQRW,Month-to-month,4,25.25,No,0.21523046087816974,Low
9351-LZYGF,Month-to-month,42,66.4,DSL,0.21522037748438355,Low
1614-JBEBI,Month-to-month,8,20.7,No,0.21507881210292878,Low
7925-PNRGI,Month-to-month,45,81.3,DSL,0.21477473852116527,Low
5975-BAICR,One year,36,63.7,DSL,0.21466744270407412,Low
3696-XRIEN,One year,50,82.5,DSL,0.21445720843076505,Low
2371-JUNGC,Month-to-month,11,20.25,No,0.21441648835814486,Low
2511-MORQY,One year,50,54.9,DSL,0.21426710053709888,Low
8680-CGLTP,One year,29,58.75,DSL,0.21401281467922922,Low
8138-EALND,Month-to-month,15,19.75,No,0.2140059270221333,Low
7777-UNYHB,Month-to-month,12,20.1,No,0.21391211869478013,Low
3824-RHKVR,Month-to-month,17,19.7,No,0.21381599594073344,Low
5795-KTGUD,Two year,68,110.8,Fiber optic,0.21372524200623072,Low
0750-EKNGL,Month-to-month,7,20.75,No,0.21368076529079355,Low
6440-DKQGE,One year,30,64.5,DSL,0.21366325455163643,Low
5955-EPOAZ,Month-to-month,6,20.95,No,0.21364604483122812,Low
9518-IMLHK,Month-to-month,31,72.45,DSL,0.2135707109641367,Low
0366-NQSHS,Month-to-month,2,19.35,No,0.213461881721803,Low
1159-WFSGR,Month-to-month,16,20.4,No,0.21319502267447984,Low
2320-YKQBO,Month-to-month,7,19.3,No,0.2131459134908207,Low
6352-GIGGQ,One year,67,88.8,DSL,0.21307846079652742,Low
2363-BJLSL,Month-to-month,62,80.4,DSL,0.21297628198425153,Low
5120-ZBLAI,One year,50,75.7,DSL,0.21297546611309714,Low
5944-UGLLK,One year,53,54.9,DSL,0.21265381616750412,Low
4936-YPJNK,Month-to-month,10,19.9,No,0.2126271771156384,Low
6040-CGACY,Month-to-month,15,19.6,No,0.2124535386167823,Low
1735-XMJVH,Month-to-month,8,19.35,No,0.21240013399182517,Low
0303-WMMRN,Month-to-month,5,19.25,No,0.2123264538025979,Low
4032-RMHCI,One year,41,35.4,DSL,0.21213274281100297,Low
1088-CNNKB,One year,63,80.0,DSL,0.21212111853341253,Low
2023-VQFDL,Month-to-month,18,19.0,No,0.21210167683429573,Low
2150-WLKUW,One year,40,63.9,DSL,0.21201032389620547,Low
5756-OZRIO,One year,61,64.05,DSL,0.21174940986853832,Low
6598-RFFVI,One year,2,19.3,No,0.21166569170159633,Low
2546-KZAAT,One year,52,75.4,DSL,0.21165912235204415,Low
0074-HDKDG,One year,25,61.6,DSL,0.21164279534215713,Low
3675-YDUPJ,Month-to-month,10,19.85,No,0.2116281178603605,Low
4378-MYPGO,Two year,68,105.25,Fiber optic,0.21156978280804745,Low
7269-JISCY,One year,55,45.05,DSL,0.2114598812633255,Low
4486-EFAEB,Month-to-month,13,20.4,No,0.2112574826312085,Low
1834-ABKHQ,One year,52,50.95,DSL,0.21121593737494926,Low
2410-CIYFZ,Month-to-month,2,20.4,No,0.21114865427231233,Low
2739-CCZMB,Month-to-month,5,20.35,No,0.21105961062618542,Low
1563-IWQEX,Month-to-month,12,19.7,No,0.21101228754165272,Low
7971-HLVXI,Two year,72,84.5,Fiber optic,0.2109456868495068,Low
3441-CGZJH,One year,43,60.4,DSL,0.21071393448053763,Low
1338-CECEE,One year,41,68.5,DSL,0.21065195157307331,Low
6727-IOTLZ,Two year,14,81.95,DSL,0.2103853619432932,Low
7566-DSRLQ,Two year,72,110.15,Fiber optic,0.2103851081262379,Low
8044-BGWPI,Month-to-month,12,21.15,No,0.210328233875102,Low
8869-LIHMK,Two year,64,115.1,Fiber optic,0.21028913259992782,Low
4139-JPIAM,Month-to-month,51,44.45,DSL,0.21019271202768683,Low
6490-FGZAT,Month-to-month,6,20.65,No,0.2101156802220488,Low
0356-OBMAC,Two year,56,99.9,Fiber optic,0.20991318825953098,Low
4686-GEFRM,Two year,70,98.7,Fiber optic,0.20986907785581205,Low
4778-IZARL,Two year,63,110.1,Fiber optic,0.20980964697494928,Low
8099-MZPUJ,Two year,48,111.8,Fiber optic,0.20973587245688607,Low
1257-SXUXQ,Month-to-month,5,19.45,No,0.20949859774625118,Low
9640-ZSLDC,One year,53,60.6,DSL,0.20949013737966757,Low
4578-PHJYZ,One year,52,68.75,DSL,0.2094308234027694,Low
5414-OFQCB,Two year,57,90.45,Fiber optic,0.2094086427063548,Low
4627-MIHJH,Two year,69,110.25,Fiber optic,0.2093601553570396,Low
6979-TNDEU,Month-to-month,8,19.2,No,0.20920014833104947,Low
0667-NSRGI,One year,48,69.55,DSL,0.20916763843579825,Low
6061-GWWAV,One year,41,70.2,DSL,0.20914408686723956,Low
8261-GWDBQ,Two year,60,116.05,Fiber optic,0.2091155215729171,Low
5447-VYTKW,Month-to-month,27,53.45,DSL,0.20909800681395857,Low
4430-YHXGG,Month-to-month,4,25.45,No,0.2089380984491597,Low
0083-PIVIK,One year,64,81.25,DSL,0.20883849554724224,Low
9053-JZFKV,Two year,67,116.2,Fiber optic,0.2087720825233276,Low
5199-FPUSP,One year,33,34.05,DSL,0.2086574635027996,Low
5887-IKKYO,Two year,58,94.35,Fiber optic,0.20844280263637283,Low
0234-TEVTT,One year,48,45.0,DSL,0.20844024463101823,Low
6648-INWPS,Month-to-month,16,20.15,No,0.20833081235073514,Low
2890-WFBHU,One year,59,79.85,DSL,0.20828603673830207,Low
1183-CANVH,One year,23,60.0,DSL,0.2082342046116296,Low
0742-LAFQK,Two year,72,99.15,Fiber optic,0.20812853072078083,Low
1154-HYWWO,One year,38,70.6,DSL,0.2081089065360361,Low
4946-EDSEW,Month-to-month,11,19.25,No,0.20809596186734353,Low
0687-ZVTHB,One year,65,72.45,DSL,0.20798450055587817,Low
7801-CEDNV,One year,27,48.7,DSL,0.2079627503012991,Low
4079-ULGFR,Month-to-month,16,20.0,No,0.20795386384715706,Low
1929-ZCBHE,One year,47,40.3,DSL,0.20791941977458725,Low
4616-ULAOA,Two year,65,110.8,Fiber optic,0.20777220671894642,Low
6195-MELTI,One year,57,54.65,DSL,0.2077386748131846,Low
7521-YXVZY,Month-to-month,3,19.95,No,0.20762314270546442,Low
8328-SKJNO,One year,23,40.65,DSL,0.2076163257530443,Low
4730-AWNAU,One year,36,60.7,DSL,0.20751423990770146,Low
6258-NGCNG,Month-to-month,7,23.5,No,0.2073415692424731,Low
8932-CZHRQ,One year,68,76.75,DSL,0.20733719500721753,Low
8792-AOROI,Two year,8,65.5,DSL,0.20703288856209182,Low
9558-IHEZX,Two year,71,106.75,Fiber optic,0.20694669192853943,Low
1741-WTPON,Two year,56,115.85,Fiber optic,0.20674909920397783,Low
6614-FHDBO,Two year,72,109.2,Fiber optic,0.20671207943975284,Low
8311-UEUAB,Two year,67,75.5,DSL,0.206665226068403,Low
9932-WBWIK,Month-to-month,11,20.35,No,0.206535564221789,Low
7266-GSSJX,Month-to-month,11,20.45,No,0.20639135923540955,Low
3926-YZVVX,One year,41,50.05,DSL,0.2062357819993313,Low
0620-XEFWH,Month-to-month,4,18.85,No,0.2061121761662255,Low
5753-QQWPW,One year,28,59.9,DSL,0.20608118977664133,Low
3739-YBWAB,One year,36,35.35,DSL,0.20607646243679748,Low
4797-MIWUM,Month-to-month,7,20.25,No,0.2060197005885324,Low
9207-ZPANB,One year,37,67.45,DSL,0.2059869632780629,Low
0104-PPXDV,One year,58,50.3,DSL,0.20597698612398804,Low
8738-JOKAR,One year,42,67.7,DSL,0.2059721266178088,Low
8383-SGHJU,One year,33,59.4,DSL,0.20590391588242057,Low
1991-VOPLL,Month-to-month,9,19.05,No,0.2058830531497469,Low
6549-YMFAW,Month-to-month,9,21.25,No,0.20587293277147173,Low
7134-HBPBS,Two year,72,108.1,Fiber optic,0.20586101369498525,Low
9289-LBQVU,One year,64,70.15,DSL,0.20569728211326,Low
9578-FOMUK,Month-to-month,15,24.8,No,0.20566823625283515,Low
8097-OMULG,One year,59,76.75,DSL,0.20566634497062147,Low
5696-CEIQJ,Two year,67,103.15,Fiber optic,0.2056630977017812,Low
5061-PBXFW,Month-to-month,32,61.4,DSL,0.2054252125945166,Low
8760-ZRHKE,One year,71,69.2,DSL,0.20531061776096668,Low
3605-JISKB,One year,55,60.0,DSL,0.20520543267456687,Low
7100-FQPRV,One year,43,71.9,DSL,0.2051820153054619,Low
8259-DZLIZ,One year,64,53.85,DSL,0.20515327941730682,Low
9720-JJJOR,One year,41,60.3,DSL,0.20512555460905876,Low
8410-BGQXN,Month-to-month,4,19.4,No,0.2047619757009029,Low
5018-LXQQG,Month-to-month,30,66.3,DSL,0.20475259724527745,Low
9553-DLCLU,Two year,13,88.95,DSL,0.2047468626984036,Low
6598-KELSS,One year,50,43.05,DSL,0.2047101973437118,Low
3012-VFFMN,Month-to-month,7,20.65,No,0.20462084576893755,Low
8313-AFGBW,Two year,47,73.6,DSL,0.2045865565214389,Low
3908-MKIMJ,Two year,68,41.95,DSL,0.20457294107540677,Low
8404-VLQFB,Month-to-month,15,25.25,No,0.20446179015024651,Low
0862-PRCBS,Two year,68,103.75,Fiber optic,0.20443991466838923,Low
3969-JQABI,Month-to-month,58,65.25,DSL,0.204431287668018,Low
5985-TBABQ,One year,32,74.75,DSL,0.20421742292027775,Low
9412-ARGBX,Two year,48,95.5,Fiber optic,0.20418653024031946,Low
8295-FHIVV,Month-to-month,7,19.4,No,0.20393856817111108,Low
7711-YIJWC,One year,61,84.9,DSL,0.20382582195398652,Low
9411-TPQQV,One year,40,54.55,DSL,0.20370322977929206,Low
3205-MXZRA,One year,26,59.45,DSL,0.2036969587004251,Low
9928-BZVLZ,Two year,12,49.85,DSL,0.20346593448235797,Low
2930-UOTMB,Month-to-month,31,65.25,DSL,0.20334265394496584,Low
2927-CVULT,Two year,53,104.05,Fiber optic,0.20330649255444463,Low
1036-GUDCL,Month-to-month,60,79.05,DSL,0.20325177420440674,Low
1430-SFQSA,One year,29,35.6,DSL,0.20303161017993326,Low
0727-BNRLG,Two year,69,97.65,Fiber optic,0.20290640596466203,Low
9236-NDUCW,Two year,21,35.1,DSL,0.20288405395440054,Low
0868-VJRDR,Two year,64,104.05,Fiber optic,0.20284843176082065,Low
5090-EMGTC,Two year,59,100.05,Fiber optic,0.20277695263358766,Low
7706-DZNKK,Month-to-month,11,20.45,No,0.202746309593384,Low
2550-AEVRU,One year,57,53.45,DSL,0.2027028068129562,Low
7690-KPNCU,One year,64,73.05,DSL,0.2027008733564988,Low
8777-MBMTS,Two year,65,105.85,Fiber optic,0.20259311274106376,Low
7234-KMNRQ,Month-to-month,4,19.0,No,0.20233470230921685,Low
8071-SBTRN,Two year,70,111.15,Fiber optic,0.20230923647439136,Low
2202-OUTMO,Month-to-month,34,60.85,DSL,0.20230486702031872,Low
4568-TTZRT,Month-to-month,9,20.4,No,0.20221788469272942,Low
1702-CCFNJ,Month-to-month,52,61.35,DSL,0.2021350891858209,Low
7508-KBIMB,One year,24,56.25,DSL,0.20209934101147833,Low
4999-IEZLT,One year,66,29.45,DSL,0.20205181409799458,Low
0533-UCAAU,One year,57,71.1,DSL,0.2019002016417619,Low
4801-KFYKL,Month-to-month,8,19.45,No,0.20176767361001974,Low
0787-LHDYT,Month-to-month,16,20.6,No,0.20170234189337555,Low
6999-CHVCF,Two year,68,102.1,Fiber optic,0.20154527944961328,Low
6295-OSINB,Two year,72,109.65,Fiber optic,0.20153233011739474,Low
0056-EPFBG,Two year,20,39.4,DSL,0.20149799780578848,Low
7764-BDPEE,Month-to-month,3,20.85,No,0.20143306156577595,Low
6838-HVLXG,Month-to-month,12,20.3,No,0.20140265780377953,Low
7110-BDTWG,Two year,71,47.05,DSL,0.2013671439503565,Low
9746-YKGXB,One year,52,44.25,DSL,0.20134248184200765,Low
4881-GQJTW,Month-to-month,14,19.6,No,0.20126598896231718,Low
5161-UBZXI,Two year,69,106.35,Fiber optic,0.20101398066453852,Low
2453-SAFNS,One year,54,72.1,DSL,0.20097856679761833,Low
7311-MQJCH,One year,5,19.55,No,0.20096537548452637,Low
9955-QOPOY,One year,69,60.8,DSL,0.20095569593556184,Low
5863-OOKCL,Month-to-month,10,18.85,No,0.20075496534480844,Low
1303-SRDOK,Two year,55,69.05,Fiber optic,0.20036198611702882,Low
0254-WWRKD,One year,67,50.55,DSL,0.20034049573767557,Low
5222-JCXZT,Month-to-month,4,19.0,No,0.20015684694459707,Low
2812-ENYMO,One year,26,54.55,DSL,0.20006576377851745,Low
7707-PYBBH,Month-to-month,40,61.9,DSL,0.19998375193035056,Low
6103-QCKFX,Month-to-month,44,56.25,DSL,0.1998475793698001,Low
1386-ZIKUV,Month-to-month,7,18.95,No,0.19969176371831268,Low
8944-AILEF,Month-to-month,15,19.45,No,0.19955370648905824,Low
7356-AYNJP,One year,4,23.9,No,0.19912885347616108,Low
9577-WJVCQ,Month-to-month,68,54.45,DSL,0.19894218855501183,Low
6036-TTFYU,Month-to-month,16,19.6,No,0.1989252536034472,Low
5055-BRMNE,Two year,67,106.7,Fiber optic,0.19887070834110368,Low
7094-MSZAO,Month-to-month,10,20.05,No,0.19877121676850665,Low
3407-JMJQQ,Two year,71,109.0,Fiber optic,0.19876153935096233,Low
3055-VTCGS,One year,63,58.55,DSL,0.1985537560776073,Low
5384-ZTTWP,Month-to-month,15,19.8,No,0.19822441872141347,Low
3061-BCKYI,Month-to-month,14,19.9,No,0.1980924492914823,Low
7445-WMRBW,One year,48,73.85,DSL,0.1980558701998925,Low
8727-XDPUD,Two year,37,35.8,DSL,0.19793845975591542,Low
5214-NLTIT,Two year,72,90.8,Fiber optic,0.19784351497561242,Low
1162-ECVII,Two year,72,109.75,Fiber optic,0.19783262204678442,Low
0181-RITDD,Two year,62,108.15,Fiber optic,0.19781089262527843,Low
1936-UAFEH,Two year,68,110.25,Fiber optic,0.19774033676162997,Low
8189-DUKMV,One year,4,20.5,No,0.1977316470796942,Low
4732-RRJZC,Month-to-month,7,20.25,No,0.19755765463668898,Low
6434-TTGJP,Two year,10,53.7,DSL,0.1974033415373569,Low
4712-UYOOI,Month-to-month,20,20.0,No,0.19720297948875778,Low
0392-BZIUW,Two year,72,105.0,Fiber optic,0.19713711060274777,Low
5498-IBWPI,One year,66,49.4,DSL,0.19695141789671186,Low
6322-HRPFA,Month-to-month,49,59.6,DSL,0.1969417804176566,Low
7191-ADRGF,Two year,44,54.3,DSL,0.19665434502107504,Low
2667-WYLWJ,One year,8,19.75,No,0.19654198990291194,Low
6670-MFRPK,Two year,69,79.2,Fiber optic,0.1964821022489592,Low
5829-NVSQN,One year,23,68.75,DSL,0.19646310074150575,Low
5965-GGPRW,Two year,72,105.25,Fiber optic,0.19637186016274744,Low
3617-XLSGQ,Two year,66,109.25,Fiber optic,0.1961783422016429,Low
7998-ZLXWN,Month-to-month,15,20.45,No,0.195809331977938,Low
0020-JDNXP,One year,34,61.25,DSL,0.19552697477808362,Low
8659-IOOPU,Two year,71,100.45,Fiber optic,0.19547272967076382,Low
2038-YSEZE,Month-to-month,29,67.45,DSL,0.1952754039472242,Low
1784-BXEFA,Month-to-month,10,20.55,No,0.195112651380004,Low
8901-UPRHR,Two year,72,109.2,Fiber optic,0.1950217909825491,Low
3724-UCSHY,Month-to-month,6,19.55,No,0.19485263447291795,Low
2580-ASVVY,Two year,37,45.4,DSL,0.19459720210496922,Low
3156-QLHBO,Month-to-month,2,19.25,No,0.19450257297181284,Low
9025-ZRPVR,Month-to-month,9,18.95,No,0.1944915498162816,Low
0020-INWCK,Two year,71,95.75,Fiber optic,0.1944273905197577,Low
8166-ZZTFS,Two year,66,80.55,DSL,0.19441168199454628,Low
3750-RNQKR,Month-to-month,12,19.45,No,0.19417025623228387,Low
1492-KGETH,One year,70,78.35,DSL,0.19402140946747445,Low
9906-NHHVC,Two year,65,53.5,DSL,0.1939963955504056,Low
5857-XRECV,One year,2,20.5,No,0.1939433752736912,Low
4667-QONEA,One year,60,74.85,DSL,0.19390864694830973,Low
2192-CKRLV,Two year,72,49.2,DSL,0.19373219102790246,Low
5375-XLDOF,Two year,69,114.35,Fiber optic,0.1937088301916756,Low
0572-ZJKLT,Two year,46,99.65,Fiber optic,0.19361670908500492,Low
9294-TDIPC,Month-to-month,5,20.2,No,0.1934912029312916,Low
3318-ISQFQ,Month-to-month,20,19.5,No,0.19346479536121108,Low
5537-UXXVS,Month-to-month,20,19.25,No,0.19343896758247725,Low
7758-UJWYS,Two year,34,40.55,DSL,0.19313068227696983,Low
7995-ZHHNZ,One year,42,56.1,DSL,0.1931169567785017,Low
5025-GOOKI,Month-to-month,20,18.9,No,0.19306461387949286,Low
8782-NUUOL,One year,60,79.0,DSL,0.19294521263043926,Low
9715-SBVSU,Two year,14,61.4,DSL,0.19293951731233305,Low
3847-BAERP,Month-to-month,10,20.9,No,0.19266523241717054,Low
5018-HEKFO,Month-to-month,10,24.5,No,0.1925465393555406,Low
4636-OLWOE,One year,54,61.0,DSL,0.1925464831715078,Low
8480-PPONV,Two year,62,115.55,Fiber optic,0.19252985364826075,Low
0536-ACXIP,Two year,72,109.55,Fiber optic,0.19212354969261342,Low
2054-PJOCK,One year,60,80.55,DSL,0.19189640245883885,Low
4884-TVUQF,Two year,57,101.3,Fiber optic,0.1917863821362439,Low
6171-ZTVYB,Month-to-month,43,66.25,DSL,0.19157192006830379,Low
1641-BYBTK,Month-to-month,6,20.2,No,0.1913688216475332,Low
5073-RZGBK,One year,50,80.05,DSL,0.19130500321523322,Low
8387-UGUSU,Month-to-month,15,20.05,No,0.19129747205441563,Low
1032-MAELW,One year,68,78.45,DSL,0.1912740177421364,Low
4134-BSXLX,Month-to-month,28,60.9,DSL,0.19108049929610874,Low
8942-DBMHZ,Month-to-month,12,20.45,No,0.1909775071277742,Low
0254-FNMCI,Two year,72,109.9,Fiber optic,0.19095199034640856,Low
4670-TABXH,Two year,72,109.75,Fiber optic,0.19094412691385915,Low
7833-PKIHD,One year,51,76.4,DSL,0.1908828574978796,Low
8672-OAUPW,One year,51,47.85,DSL,0.19085353706059344,Low
6478-HRRCZ,One year,32,70.5,DSL,0.1907255107491529,Low
1474-JUWSM,One year,58,68.4,DSL,0.19048644970952047,Low
6131-JLWZM,Month-to-month,13,20.3,No,0.19046512742270344,Low
3621-CHYVB,Month-to-month,57,49.9,DSL,0.1903517460439414,Low
2434-EEVDB,Two year,64,94.6,Fiber optic,0.19015673133930508,Low
1325-USMEC,Two year,70,99.35,Fiber optic,0.1900044798522342,Low
7771-ZONAT,Two year,22,56.75,DSL,0.18991262557850078,Low
7994-XIRTR,One year,54,65.25,DSL,0.18991040988143837,Low
1904-WAJAA,Two year,24,64.35,DSL,0.1898943883615736,Low
8208-EUMTE,Two year,16,54.85,DSL,0.18982101680695065,Low
9512-PHSMG,Month-to-month,10,20.55,No,0.18977017872020965,Low
6211-WWLTF,Two year,63,99.7,Fiber optic,0.18943068176015895,Low
6112-KTHFQ,Month-to-month,13,19.3,No,0.18941064740273533,Low
4806-DXQCE,Two year,70,113.65,Fiber optic,0.1892902201541035,Low
1539-LNKHM,Month-to-month,12,20.4,No,0.1892333340348917,Low
8821-KVZKQ,One year,70,58.4,DSL,0.18916127900570828,Low
6543-JXSOO,One year,23,57.75,DSL,0.18898259988252494,Low
7968-QUXNS,Month-to-month,6,18.95,No,0.18836690724190744,Low
1206-EHBDD,Two year,56,80.3,Fiber optic,0.1883304737938467,Low
9500-IWPXQ,One year,61,79.4,DSL,0.1880713130963225,Low
1576-PFZIW,Two year,70,105.35,Fiber optic,0.18801087060366437,Low
8016-ZMGMO,One year,66,70.85,DSL,0.18794306734370833,Low
3487-EARAT,One year,70,74.1,DSL,0.18764278595460984,Low
7691-KGKGP,Month-to-month,53,65.0,DSL,0.18757537745200603,Low
3569-VLDHH,One year,66,75.1,DSL,0.18705270379449318,Low
6121-TNHBO,One year,63,83.0,DSL,0.18684168492726344,Low
3705-RHRFR,Two year,69,99.15,Fiber optic,0.18653982297512917,Low
2466-NEJOJ,Month-to-month,8,19.65,No,0.18587672807987113,Low
9330-DHBFL,One year,23,66.25,DSL,0.18578933750429674,Low
0530-IJVDB,Two year,70,114.6,Fiber optic,0.1853563411183514,Low
2541-YGPKE,One year,42,63.7,DSL,0.18511256712445381,Low
1237-WIYYZ,Month-to-month,18,19.55,No,0.18505637981684478,Low
8246-SHFGA,Month-to-month,17,21.1,No,0.18482284167407162,Low
5245-VDBUR,One year,52,35.45,DSL,0.18465669407781923,Low
0594-UFTUL,Month-to-month,13,19.85,No,0.1846388024047229,Low
1038-ZAGBI,One year,12,19.8,No,0.18450421857157148,Low
7923-IYJWY,Two year,67,116.1,Fiber optic,0.18449099104615546,Low
5998-DZLYR,Two year,61,94.35,Fiber optic,0.18448833245950158,Low
0310-SUCIN,One year,71,84.8,DSL,0.18442839045577794,Low
9560-BBZXK,Two year,36,31.05,DSL,0.1842762540887598,Low
7876-AEHIG,One year,51,60.15,DSL,0.18393353945863022,Low
6339-TBELP,Two year,71,86.4,Fiber optic,0.1839130606339946,Low
0617-AQNWT,Two year,64,47.85,DSL,0.1837063255452767,Low
1936-CZAKF,Two year,49,49.65,DSL,0.1829519798317712,Low
4054-CUMIA,Month-to-month,18,20.25,No,0.18281603320087042,Low
3566-CAAYU,Two year,64,49.85,DSL,0.18254865296317044,Low
5825-XJOCM,One year,48,64.4,DSL,0.18252283136070205,Low
6194-HBGQN,One year,51,81.15,DSL,0.1824604784610306,Low
7520-HQWJU,Month-to-month,66,67.45,DSL,0.1821114548134963,Low
2272-WUSPA,Two year,72,110.75,Fiber optic,0.18208673663475114,Low
9861-PDSZP,Two year,72,108.05,Fiber optic,0.1818621868950565,Low
2096-XOTMO,Month-to-month,16,19.35,No,0.18149068181756153,Low
5808-TOTXO,One year,3,20.55,No,0.181488162239438,Low
6202-JVYEU,One year,9,19.9,No,0.1814828861945256,Low
0106-UGRDO,Two year,69,116.0,Fiber optic,0.18123727954519425,Low
9830-ECLEN,One year,58,50.0,DSL,0.18117258404032932,Low
0378-XSZPU,One year,58,60.3,DSL,0.18101822327855183,Low
8085-MSNLK,Two year,62,113.95,Fiber optic,0.1807565685599712,Low
7812-FZHPE,Month-to-month,17,24.1,No,0.18067271445959668,Low
2690-DVRVK,One year,5,20.55,No,0.18061935749424507,Low
9730-DRTMJ,One year,32,72.8,DSL,0.18058634051786845,Low
5844-QVTAT,One year,33,58.45,DSL,0.18027267430691754,Low
4445-KWOKW,One year,42,60.15,DSL,0.1800813026534489,Low
1544-JJMYL,One year,27,69.35,DSL,0.17985190875996848,Low
4808-YNLEU,One year,35,62.15,DSL,0.1798440110721601,Low
5256-SKJGO,Two year,64,54.6,DSL,0.17981470586114742,Low
8498-XXGWA,Month-to-month,65,55.15,DSL,0.1797581329578376,Low
4086-ATNFV,One year,34,60.8,DSL,0.17962126471460743,Low
8883-ANODQ,Two year,68,84.4,Fiber optic,0.1793927590442489,Low
5555-RNPGT,Month-to-month,10,24.8,No,0.17885535904506097,Low
5271-YNWVR,Two year,68,113.15,Fiber optic,0.17875844212761527,Low
2361-UPSND,One year,46,70.6,DSL,0.1786947391210657,Low
3752-CQSJI,Month-to-month,13,20.45,No,0.17863997670257517,Low
9000-PLFUZ,Two year,60,49.45,DSL,0.17846156972377575,Low
8457-XIGKN,Month-to-month,20,19.6,No,0.1782564354529559,Low
4039-PIMHX,Two year,49,49.8,DSL,0.1779004024879749,Low
1218-VKFPE,Month-to-month,12,19.0,No,0.1775796092646527,Low
6682-VCIXC,One year,43,51.25,DSL,0.17738693732719862,Low
4922-CVPDX,Two year,26,73.5,DSL,0.1766333763272323,Low
7623-HKYRK,Month-to-month,6,19.7,No,0.17650734822931505,Low
7619-PLRLP,One year,53,74.1,DSL,0.1764224084282743,Low
7325-ENZFI,One year,39,40.3,DSL,0.17637900171642454,Low
7005-CYUIL,Two year,71,99.4,Fiber optic,0.17636823596661574,Low
9570-KYEUA,Two year,64,99.25,Fiber optic,0.1763163052402514,Low
0547-HURJB,Month-to-month,12,21.05,No,0.1762387820665957,Low
7762-ONLJY,One year,6,19.7,No,0.17622389207428962,Low
5499-ECUTN,One year,47,66.05,DSL,0.17592951559893172,Low
3682-YEUWS,Month-to-month,10,24.4,No,0.17537412401038485,Low
0661-KQHNK,One year,6,19.0,No,0.17511119507997522,Low
8232-CTLKO,Two year,66,59.75,DSL,0.17506889581429325,Low
3727-OWVYD,One year,35,61.2,DSL,0.17495413553444208,Low
4994-OBRSZ,Two year,14,76.1,DSL,0.17494148987357386,Low
2484-DGXPZ,Month-to-month,31,19.55,No,0.17466709423324467,Low
2325-ZUSFD,One year,57,70.1,DSL,0.1745954719540049,Low
9220-ZNKJI,Two year,55,88.8,Fiber optic,0.17454497204115996,Low
7321-ZNSLA,Two year,13,40.55,DSL,0.1744743960455575,Low
4719-UMSIY,Month-to-month,6,19.65,No,0.1742115860214291,Low
1345-GKDZZ,Month-to-month,6,19.55,No,0.17406986320360046,Low
4513-CXYIX,Two year,71,80.7,Fiber optic,0.17406106734514856,Low
4890-VMUAV,One year,63,71.5,DSL,0.17395049224281062,Low
1057-FOGLZ,Month-to-month,18,19.65,No,0.17389595562533533,Low
4547-FZJWE,One year,55,59.45,DSL,0.17360176095995494,Low
6693-DJWTY,One year,35,55.6,DSL,0.17351815954333158,Low
7375-WMVMT,Two year,71,95.5,Fiber optic,0.17318297280652453,Low
9546-KDTRB,Month-to-month,19,24.7,No,0.17295697853747954,Low
5777-ZPQNC,One year,12,20.15,No,0.17278973684194854,Low
5304-EFJLP,Two year,72,111.65,Fiber optic,0.1727764934073224,Low
2789-CZANW,Two year,64,110.3,Fiber optic,0.17274423546575268,Low
4909-JOUPP,Two year,72,109.7,Fiber optic,0.1726612049388529,Low
3249-VHRIP,Two year,62,43.6,DSL,0.17249652944150212,Low
8984-HPEMB,Two year,71,118.65,Fiber optic,0.17247623023028288,Low
9625-QNLUX,Two year,68,103.25,Fiber optic,0.17200329715764562,Low
6435-VWCCY,Two year,65,92.7,Fiber optic,0.17186273912410763,Low
4063-EIKNQ,Month-to-month,11,20.95,No,0.17184539381139943,Low
0743-HNPFG,One year,51,69.75,DSL,0.17152676466811823,Low
6371-NZYEG,Two year,16,64.25,DSL,0.17144473015026604,Low
9589-ABEPT,Two year,69,92.45,Fiber optic,0.17141013677031136,Low
2606-PKWJB,One year,40,40.25,DSL,0.17121129739189947,Low
4464-JCOLN,One year,2,19.85,No,0.17117804709450454,Low
1850-AKQEP,Month-to-month,8,20.35,No,0.17116019146316785,Low
4227-OJHAL,One year,68,73.0,DSL,0.1710393841799352,Low
1577-HKTFG,Month-to-month,30,19.65,No,0.17100294696285767,Low
3387-PLKUI,Month-to-month,13,18.8,No,0.17091478996645615,Low
4116-IQRFR,One year,4,24.1,No,0.17048701673131955,Low
9777-IQHWP,Two year,64,93.4,Fiber optic,0.17037524589383932,Low
9782-LGXMC,Month-to-month,49,61.75,DSL,0.1703383861075306,Low
9146-JRIOX,Month-to-month,14,25.55,No,0.1702756443106138,Low
7581-EBBOU,One year,60,70.15,DSL,0.1701732385633422,Low
3315-IKYZQ,One year,28,50.8,DSL,0.170093444826861,Low
6374-NTQLP,Two year,72,104.1,Fiber optic,0.16979718755450476,Low
9063-ZGTUY,Month-to-month,61,19.4,No,0.1697395569186543,Low
9670-BPNXF,One year,45,62.55,DSL,0.1696262693514616,Low
1661-CZBAU,One year,48,70.95,DSL,0.16934466831597064,Low
7710-JSYOA,Two year,69,93.3,Fiber optic,0.16888255173994188,Low
8853-TZDGH,Two year,72,111.6,Fiber optic,0.16861420753345194,Low
2703-AMTUL,One year,36,53.65,DSL,0.16819865997283426,Low
8469-SNFFH,One year,70,79.4,DSL,0.16801020182643753,Low
0253-ZTEOB,Two year,48,79.65,DSL,0.1678393338518351,Low
0320-DWVTU,Two year,53,99.5,Fiber optic,0.16765490005818912,Low
2632-IVXVF,Two year,68,111.75,Fiber optic,0.16728322961600953,Low
9581-GVBXT,One year,59,34.8,DSL,0.16723170636562842,Low
9967-ATRFS,Month-to-month,19,19.9,No,0.16693617388899248,Low
0956-SYCWG,One year,13,19.65,No,0.16652683412928637,Low
6726-NNFWD,Two year,71,89.45,Fiber optic,0.1663550644668252,Low
3190-FZATL,Month-to-month,14,19.95,No,0.16610282408268312,Low
2664-XJZNO,Two year,72,104.9,Fiber optic,0.16605011297596323,Low
1291-CUOCY,Two year,72,110.6,Fiber optic,0.16575681683441854,Low
8292-FRFZQ,One year,39,41.15,DSL,0.1656424276829855,Low
6504-VBLFL,Two year,55,58.6,DSL,0.16539730628574717,Low
1555-DJEQW,Two year,70,114.2,Fiber optic,0.1652499599909687,Low
2039-JONDJ,One year,27,55.45,DSL,0.16509225712395023,Low
3259-KNMRR,Two year,57,79.75,DSL,0.16498890316469494,Low
7542-CYDDM,Month-to-month,18,20.05,No,0.16478938107964453,Low
8735-NBLWT,Month-to-month,9,20.4,No,0.16471578943002443,Low
3244-CQPHU,Two year,72,110.1,Fiber optic,0.16467322606663432,Low
1140-UKVZG,Month-to-month,17,24.8,No,0.1645927608105848,Low
0230-UBYPQ,One year,63,36.1,DSL,0.16445817823202893,Low
6584-VQMYT,One year,27,56.2,DSL,0.16421087366256956,Low
4829-ZLJTK,Two year,72,112.4,Fiber optic,0.16402692822666565,Low
1222-LRYKO,Month-to-month,6,26.35,No,0.1636278832716049,Low
6993-YGFJV,Two year,69,112.55,Fiber optic,0.1636176325718008,Low
4393-OBCRR,One year,3,20.25,No,0.16345734701444944,Low
2878-RMWXY,Two year,72,102.65,Fiber optic,0.16344771525087706,Low
9867-XOBQA,Two year,21,53.15,DSL,0.1631550490991614,Low
5840-NVDCG,Two year,16,68.25,DSL,0.163086819814038,Low
6082-GLJIX,Month-to-month,18,19.25,No,0.16305041120727318,Low
2348-KCJLT,One year,44,61.5,DSL,0.1630417805866415,Low
2999-AANRQ,Two year,21,71.05,DSL,0.16298402712337104,Low
6674-KVJHG,One year,11,25.2,No,0.16271965352047893,Low
4877-TSOFF,One year,55,75.75,DSL,0.16255390665184466,Low
3134-DSHVC,Two year,63,98.0,Fiber optic,0.16239027807673587,Low
7032-LMBHI,One year,37,64.65,DSL,0.16230657448831495,Low
6506-EYCNH,Month-to-month,28,19.55,No,0.1621231013302551,Low
8963-MQVYN,Month-to-month,22,20.55,No,0.16206124805753294,Low
2351-RRBUE,One year,7,20.65,No,0.1619194040458703,Low
2926-JEJJC,One year,8,20.2,No,0.16191918122076848,Low
9127-QRZMH,One year,44,59.85,DSL,0.1618413680142486,Low
5917-HBSDW,Month-to-month,37,19.35,No,0.1614106538854068,Low
4697-LUPSU,One year,2,20.2,No,0.16134152239904911,Low
1122-YJBCS,One year,69,53.65,DSL,0.16127657688737204,Low
7247-XOZPB,One year,53,77.4,DSL,0.1612342088318263,Low
6870-ECSHE,One year,2,20.45,No,0.1611755566783879,Low
3882-IYOIJ,Two year,60,115.25,Fiber optic,0.16098623157773473,Low
5387-ASZNZ,One year,66,63.85,DSL,0.16090653546822495,Low
5327-XOKKY,Two year,72,73.45,DSL,0.16053430907256547,Low
1455-HFBXA,Two year,52,91.6,Fiber optic,0.1605292116005332,Low
8184-WMOFI,One year,62,71.4,DSL,0.16041502230116048,Low
1063-DHQJF,Two year,69,92.15,Fiber optic,0.16031968063926252,Low
0019-EFAEP,Two year,72,101.3,Fiber optic,0.1597738323411909,Low
8097-VBQTZ,Month-to-month,54,69.9,DSL,0.15974566155736153,Low
2368-GAKKQ,Two year,70,113.65,Fiber optic,0.1595517597724112,Low
7010-ZMVBF,Month-to-month,18,20.45,No,0.1595328551460481,Low
7945-HLKEA,One year,60,64.75,DSL,0.15946411794420137,Low
8879-XUAHX,Two year,71,116.25,Fiber optic,0.15922678435556503,Low
9359-UGBTK,One year,67,72.35,DSL,0.15901079747791416,Low
6827-IEAUQ,One year,27,66.15,DSL,0.15898838166701135,Low
9251-WNSOD,One year,67,75.1,DSL,0.15895805231497248,Low
6131-IUNXN,Month-to-month,19,20.2,No,0.15892183200345641,Low
6950-TWMYB,Two year,54,79.95,Fiber optic,0.15867919861093824,Low
7173-TETGO,Two year,72,78.5,Fiber optic,0.15858854830039576,Low
2137-DQMEV,One year,68,44.8,DSL,0.15853456459877033,Low
0098-BOWSO,Month-to-month,27,19.4,No,0.15828864211941707,Low
9926-PJHDQ,Two year,72,76.8,DSL,0.15812924197109635,Low
0014-BMAQU,Two year,63,84.65,Fiber optic,0.15785701812775227,Low
7338-ERIVA,One year,39,45.05,DSL,0.15761171499702042,Low
7253-UVNDW,Two year,46,54.35,DSL,0.15756954812045224,Low
0967-BMLBD,One year,11,20.0,No,0.15756717156574992,Low
9253-VIFJQ,One year,65,67.05,DSL,0.15755729338478539,Low
4537-CIBHB,One year,9,20.25,No,0.15721627754441475,Low
9924-JPRMC,Two year,72,118.2,Fiber optic,0.1571404226751966,Low
1265-HVPZB,One year,59,66.4,DSL,0.15671747120469856,Low
7570-WELNY,Two year,68,84.7,Fiber optic,0.1566351264382708,Low
8570-KLJYJ,One year,36,54.45,DSL,0.15651789305520342,Low
4291-YZODP,One year,7,20.05,No,0.15648964984842492,Low
0810-DHDBD,One year,52,74.0,DSL,0.15641806518050497,Low
7730-CLDSV,Two year,72,98.65,Fiber optic,0.1563515492382127,Low
9995-HOTOH,Two year,63,59.0,DSL,0.1563171538212649,Low
8909-BOLNL,One year,3,21.2,No,0.15608754191186028,Low
7244-QWYHG,One year,50,44.45,DSL,0.15605093132927775,Low
6810-VCAEX,One year,47,39.65,DSL,0.15602328660786935,Low
2091-GPPIQ,Two year,72,78.95,DSL,0.1559571514681879,Low
5575-GNVDE,One year,34,56.95,DSL,0.15590899532418034,Low
9522-ZSINC,One year,13,19.95,No,0.15552463464226896,Low
7055-JCGNI,Two year,70,111.95,Fiber optic,0.15541449241180927,Low
3518-FSTWG,Two year,72,109.55,Fiber optic,0.1551672439140767,Low
5468-BPMMO,Month-to-month,46,19.6,No,0.15491561598834802,Low
0866-QLSIR,One year,34,64.4,DSL,0.1548321722896379,Low
1431-CYWMH,Month-to-month,22,19.05,No,0.15477422199146001,Low
6332-FBZRI,One year,67,69.35,DSL,0.1547550674483601,Low
2495-TTHBQ,One year,4,20.4,No,0.15455407063275528,Low
0248-PGHBZ,Two year,67,92.45,Fiber optic,0.15453916074810026,Low
0191-EQUUH,Two year,25,35.05,DSL,0.15429610699769009,Low
7017-VFHAY,Two year,61,115.1,Fiber optic,0.15429290800006548,Low
9350-ZXYJC,Two year,4,25.3,No,0.15422653668338054,Low
7973-DZRKH,Two year,66,90.95,Fiber optic,0.15418150816720358,Low
0993-OSGPT,One year,68,60.65,DSL,0.15402204304147468,Low
7255-SSFBC,Two year,72,112.25,Fiber optic,0.1539561511815702,Low
1866-DIOQZ,One year,71,66.8,DSL,0.1538684297441451,Low
1271-UODNO,Two year,39,53.85,DSL,0.15364206609318012,Low
4942-VZZOM,One year,64,66.15,DSL,0.15355012926859743,Low
5791-KAJFD,One year,56,68.75,DSL,0.15300095256928573,Low
9470-YFUYI,One year,71,71.0,DSL,0.152822260783575,Low
8309-PPCED,Two year,72,110.45,Fiber optic,0.15279719309897755,Low
0813-TAXXS,Two year,55,77.8,DSL,0.15271225760059207,Low
0121-SNYRK,One year,50,35.4,DSL,0.1526407447216885,Low
2164-SOQXL,Month-to-month,20,20.05,No,0.15263123432407139,Low
3530-VWVGU,Month-to-month,22,19.9,No,0.15238314872181558,Low
9610-WCESF,Two year,67,43.9,DSL,0.15234640098051264,Low
3585-YNADK,One year,57,74.6,DSL,0.15223950759349617,Low
6878-GGDWG,Month-to-month,32,19.4,No,0.15222234498328827,Low
9102-OXKFY,Two year,59,54.15,DSL,0.15204875926114042,Low
9866-OCCKE,Two year,72,109.75,Fiber optic,0.1520370188972843,Low
5820-PTRYM,One year,56,68.45,DSL,0.15186767943488622,Low
4751-ERMAN,Two year,72,75.4,DSL,0.1518083781365008,Low
2188-SXWVT,One year,34,55.0,DSL,0.15154495390548625,Low
3259-QMXUN,Two year,58,86.1,DSL,0.15144329927515965,Low
2027-DNKIV,One year,37,58.75,DSL,0.15104506559249725,Low
1984-GPTEH,Month-to-month,29,25.15,No,0.15096936255447826,Low
5170-PTRKA,One year,49,35.8,DSL,0.15076292559574472,Low
6176-YJWAS,Two year,72,97.95,Fiber optic,0.15070564785213814,Low
1915-OAKWD,One year,16,19.3,No,0.150594384443185,Low
6064-PUPMC,One year,23,57.2,DSL,0.15045004791972774,Low
0516-VRYBW,One year,18,20.15,No,0.15040464403332807,Low
1813-JYWTO,Two year,72,80.45,Fiber optic,0.15027644072503826,Low
8024-XNAFQ,Two year,72,107.4,Fiber optic,0.1500976102199769,Low
6094-ZIVKX,One year,68,54.45,DSL,0.15000410148219995,Low
6286-ZHAOK,Month-to-month,20,25.55,No,0.14995841313564154,Low
3740-RLMVT,One year,67,60.95,DSL,0.1498611903418898,Low
9391-TTOYH,Month-to-month,23,19.5,No,0.14964210545574205,Low
8752-IMQOS,One year,5,20.1,No,0.14945956663199303,Low
2405-LBMUW,One year,61,50.7,DSL,0.14940826488735343,Low
1090-ESELR,Two year,72,105.5,Fiber optic,0.1491081487284676,Low
6476-EPYZR,Month-to-month,12,20.5,No,0.1490626239895781,Low
5906-DVAPM,One year,55,75.0,DSL,0.1490419424026468,Low
1937-OTUKY,Two year,72,98.2,Fiber optic,0.148615036858135,Low
3043-SUDUA,Month-to-month,32,19.9,No,0.14854555199586086,Low
9313-CDOGY,Month-to-month,38,19.6,No,0.14847651472699228,Low
8050-XGRVL,One year,62,54.75,DSL,0.14827685609533864,Low
3392-EHMNK,Two year,67,94.1,Fiber optic,0.14820776250092918,Low
3021-VLNRJ,One year,50,70.8,DSL,0.1480077749757291,Low
9473-CBZOP,One year,28,59.0,DSL,0.14798567183229794,Low
4342-HFXWS,One year,48,69.7,DSL,0.1479166654849828,Low
4981-FLTMF,Month-to-month,57,65.2,DSL,0.14789022271510796,Low
6461-PPAXN,One year,35,54.95,DSL,0.1475939445888771,Low
0013-SMEOE,Two year,71,109.7,Fiber optic,0.14733057741464156,Low
8639-NHQEI,Two year,72,95.9,Fiber optic,0.14724770468521584,Low
7677-SJJJK,One year,8,19.9,No,0.14720101870635774,Low
7103-ZGVNT,One year,69,73.7,DSL,0.1470703039960052,Low
0164-APGRB,Two year,72,114.9,Fiber optic,0.14705038523687736,Low
6445-TNRXS,Two year,68,114.7,Fiber optic,0.1469671982029462,Low
2430-RRYUW,One year,66,54.8,DSL,0.14689496767568605,Low
4565-EVZMJ,One year,47,58.9,DSL,0.14685727524977465,Low
2282-YGNOR,One year,29,58.0,DSL,0.14671669505521415,Low
6252-DFGTK,One year,37,68.1,DSL,0.14662269968126637,Low
8777-PVYGU,One year,52,64.3,DSL,0.14654147498876993,Low
4304-TSPVK,Two year,68,114.9,Fiber optic,0.14637493428412776,Low
9092-GDZKO,Month-to-month,22,24.85,No,0.14628020830063737,Low
8809-XKHMD,Two year,72,100.55,Fiber optic,0.14615259370716166,Low
1752-OZXFY,One year,60,59.8,DSL,0.1461384834995546,Low
1534-OULXE,One year,61,49.7,DSL,0.14588284480049465,Low
5173-ZXXXL,One year,2,19.95,No,0.1457094482975454,Low
3230-JCNZS,Two year,71,99.0,Fiber optic,0.14561907703690585,Low
8869-TORSS,One year,48,60.35,DSL,0.14559238492979987,Low
4616-EWBNJ,One year,16,20.1,No,0.14529934847029483,Low
5172-RKOCB,Two year,72,108.95,Fiber optic,0.145236549590703,Low
6463-HHXJR,Two year,71,100.5,Fiber optic,0.14519282368641273,Low
2243-FNMMI,Month-to-month,20,19.4,No,0.14508115752399137,Low
0872-CASZJ,One year,59,69.1,DSL,0.14501826686431502,Low
3280-MRDOF,Two year,30,69.1,DSL,0.14493786587648622,Low
4830-FAXFM,Month-to-month,19,24.1,No,0.14488066082018772,Low
9027-TMATR,Two year,43,78.8,DSL,0.1445592445021776,Low
1866-ZSLJM,Month-to-month,21,20.5,No,0.14439211534443575,Low
9150-HEPMB,One year,56,52.7,DSL,0.1443509656807939,Low
2516-XSJKX,Two year,41,78.45,DSL,0.14434618332350793,Low
8690-UPCZI,One year,29,69.05,DSL,0.14418361319470974,Low
5321-NTRKC,Two year,66,79.85,DSL,0.1440479190116623,Low
2225-ZRGSG,Two year,70,93.9,Fiber optic,0.14383187277541126,Low
4111-BNXIF,Two year,67,59.55,DSL,0.1438198171507369,Low
4056-QHXHZ,Two year,72,107.45,Fiber optic,0.14378369721435413,Low
6229-UOLQL,One year,56,52.0,DSL,0.14351286543458572,Low
2673-ZALNP,One year,7,19.9,No,0.14339636209665704,Low
1179-INLAT,One year,3,19.45,No,0.14337009952974672,Low
2061-VVFST,Month-to-month,37,19.5,No,0.14321833938496575,Low
2499-AJYUA,Two year,72,110.8,Fiber optic,0.1431179093132363,Low
7929-SKFGK,Two year,70,114.3,Fiber optic,0.14307367300816354,Low
7030-FZTFM,Two year,72,110.9,Fiber optic,0.1430168826368952,Low
5989-AXPUC,Two year,68,118.6,Fiber optic,0.1429591500308919,Low
0657-DOGUM,One year,48,60.6,DSL,0.14294115691265796,Low
1952-DVVSW,One year,10,20.1,No,0.14288985151988057,Low
2190-PHBHR,Two year,72,94.45,Fiber optic,0.14288414232229563,Low
8398-TBIYD,Two year,72,84.7,Fiber optic,0.14279423755661863,Low
6685-GBWJZ,One year,63,70.8,DSL,0.14265713513212833,Low
5716-EZXZN,Two year,65,99.05,Fiber optic,0.14265625218605724,Low
9351-HXDMR,Two year,72,110.9,Fiber optic,0.142631853349941,Low
9880-TDQAC,Two year,72,60.0,DSL,0.14253227414751607,Low
7353-YOWFP,One year,7,20.25,No,0.142383524670454,Low
4114-QMKVN,One year,56,68.75,DSL,0.14237837044080126,Low
1960-UOTYM,Two year,52,79.2,DSL,0.14187251381109536,Low
5619-XZZKR,One year,4,19.95,No,0.1418123248845544,Low
5186-PEIZU,Month-to-month,35,19.25,No,0.14172743703747825,Low
7795-CFOCW,One year,45,42.3,DSL,0.14161018975090636,Low
8075-GXIUB,One year,9,19.85,No,0.14158152504005703,Low
6427-FEFIG,Two year,24,78.6,DSL,0.1415462913343619,Low
0853-TWRVK,Two year,72,105.6,Fiber optic,0.14152639545175585,Low
3298-QEICA,Two year,23,34.6,DSL,0.14152141485340683,Low
2904-GGUAZ,Two year,72,84.05,Fiber optic,0.1415180505569378,Low
6242-FEGFD,Two year,66,96.6,Fiber optic,0.14150513266069667,Low
5539-HIVAK,Month-to-month,28,25.7,No,0.14143180282211965,Low
5546-BYZSM,Month-to-month,41,20.45,No,0.14110825217942977,Low
9442-JTWDL,One year,11,20.05,No,0.14108270587916105,Low
1171-TYKUR,Month-to-month,47,25.4,No,0.14065926359251965,Low
4597-ELFTS,One year,56,24.9,No,0.14051537239645898,Low
3623-FQBOX,Month-to-month,21,19.95,No,0.14028992572126622,Low
9867-NNXLC,Month-to-month,22,20.05,No,0.13991817549077715,Low
8780-RSYYU,Month-to-month,25,19.2,No,0.13978721325674,Low
3401-URHDA,One year,51,59.9,DSL,0.1392636168209907,Low
1699-UOTXU,Two year,60,61.4,DSL,0.13896531394895884,Low
2958-NHPPS,Month-to-month,23,20.85,No,0.13895232049043715,Low
1452-UZOSF,Two year,72,106.1,Fiber optic,0.13893686095466823,Low
3422-WJOYD,One year,28,54.35,DSL,0.13889088442577707,Low
5641-DMBFJ,Two year,58,84.3,DSL,0.1388795408677756,Low
4163-KIUHY,Month-to-month,35,25.6,No,0.1387916256540629,Low
6519-ZHPXP,Two year,72,108.3,Fiber optic,0.13830941716457545,Low
1930-QPBVZ,Two year,68,95.1,Fiber optic,0.13824656631813925,Low
2725-IWWBA,One year,46,56.9,DSL,0.13821065117635803,Low
1320-GVNHT,Two year,72,108.4,Fiber optic,0.13815068665181138,Low
3957-HHLMR,One year,70,65.2,DSL,0.13778072187955429,Low
4632-XJMEX,One year,53,62.85,DSL,0.13775039974773348,Low
9142-XMYJH,Month-to-month,29,19.35,No,0.13761040463487162,Low
1680-VDCWW,One year,12,19.8,No,0.1374843860178072,Low
9541-ZPSEA,Two year,68,80.35,Fiber optic,0.13740905208400062,Low
2239-CGBUZ,One year,51,60.5,DSL,0.13698246754747428,Low
3423-HHXAO,One year,14,19.5,No,0.1368275214394656,Low
8263-QMNTJ,Two year,72,115.55,Fiber optic,0.1368249792517063,Low
9803-FTJCG,One year,71,66.85,DSL,0.1367920244905349,Low
2129-ALKBS,Month-to-month,40,26.2,No,0.13643785320975796,Low
0221-NAUXK,One year,10,19.95,No,0.13615353278143588,Low
4825-XJGDM,One year,61,43.7,DSL,0.13614017559203737,Low
9018-PCIOK,Two year,55,64.75,DSL,0.1359673033432998,Low
7047-YXDMZ,Month-to-month,21,20.0,No,0.13589352350985742,Low
1841-YSJGV,Two year,72,109.95,Fiber optic,0.13550982550746346,Low
1744-JHKYS,Month-to-month,34,24.7,No,0.135430481684885,Low
7359-SSBJK,Two year,64,70.2,DSL,0.13527712378755724,Low
5453-YBTWV,Two year,70,101.1,Fiber optic,0.13513676111351897,Low
6522-OIQSX,Two year,69,54.95,DSL,0.13461675803461015,Low
0829-DDVLK,One year,15,20.1,No,0.1342888170646568,Low
2380-DAMQP,Two year,72,115.15,Fiber optic,0.1341303254053236,Low
6122-EFVKN,Two year,24,35.75,DSL,0.1340923774301333,Low
4835-YSJMR,Two year,39,49.8,DSL,0.13400803898164165,Low
1830-GGFNM,Two year,65,94.55,Fiber optic,0.13397981357654584,Low
3823-KYNQY,One year,12,24.95,No,0.1339116978943122,Low
0487-VVUVK,Month-to-month,25,19.15,No,0.1337036894974202,Low
2907-ILJBN,One year,11,20.6,No,0.1335517318525597,Low
7564-GHCVB,Two year,72,79.05,Fiber optic,0.13340111792111153,Low
8975-SKGRX,Two year,71,116.1,Fiber optic,0.13333496613259996,Low
6872-HXFNF,One year,64,58.35,DSL,0.13313957162485957,Low
6901-GOGZG,Two year,60,84.95,DSL,0.1330603392835608,Low
7279-NMVJC,One year,17,19.9,No,0.13304305355929252,Low
8331-ZXFOE,One year,58,71.1,DSL,0.13292927916522573,Low
0519-DRGTI,Month-to-month,20,20.35,No,0.132865863714645,Low
4403-BWPAY,One year,14,24.8,No,0.1327481180071392,Low
3482-ABPKK,One year,28,54.3,DSL,0.13252370479258826,Low
8204-TIFGJ,Month-to-month,23,20.3,No,0.13245822629815476,Low
5003-OKNNK,One year,15,20.35,No,0.13235886206094527,Low
8871-JLMHM,Two year,68,90.2,Fiber optic,0.13218820784027352,Low
4702-HDRKD,One year,67,49.35,DSL,0.1318803273562279,Low
2521-NPUZR,Two year,70,101.0,Fiber optic,0.13185583402042986,Low
7107-UBYKY,Month-to-month,35,25.75,No,0.1314874590034113,Low
9575-IWCAZ,One year,6,25.1,No,0.13143524783334415,Low
0619-OLYUR,Two year,72,111.9,Fiber optic,0.13109039305943435,Low
0516-QREYC,Month-to-month,24,20.3,No,0.1307703323304145,Low
5792-JALQC,Two year,52,59.85,DSL,0.13069965018180585,Low
1488-SYSFC,Month-to-month,31,20.65,No,0.13051321279633796,Low
9530-GRMJG,Two year,70,84.1,DSL,0.1304727957044856,Low
1498-DQNRX,Month-to-month,29,19.85,No,0.13036535356477774,Low
7029-IJEJK,One year,54,44.1,DSL,0.130305558458229,Low
7168-HDQHG,Month-to-month,36,19.2,No,0.13019241696514972,Low
5781-BKHOP,Two year,72,100.65,Fiber optic,0.1301782083527568,Low
3239-TPHPZ,Two year,12,20.05,No,0.13006986554472366,Low
4615-PIVVU,Two year,42,66.5,DSL,0.12985042447220366,Low
4549-ZDQYY,One year,52,57.95,DSL,0.12981378914404854,Low
0142-GVYSN,Month-to-month,26,20.3,No,0.12964151498523518,Low
3841-NFECX,Two year,71,96.35,Fiber optic,0.12956294494986645,Low
5458-CQJTA,Two year,65,74.8,DSL,0.12950409893353085,Low
1177-XZBJL,One year,53,64.15,DSL,0.12933073748695853,Low
2580-ATZSQ,One year,65,61.35,DSL,0.12898174936954454,Low
9297-FVVDH,Two year,57,84.5,DSL,0.12897414432428275,Low
1051-EQPZR,Month-to-month,44,19.6,No,0.12881639127485592,Low
0412-UCCNP,Two year,55,59.2,DSL,0.12868261904783646,Low
6837-BJYDQ,One year,3,19.6,No,0.1286560888611891,Low
1763-KUAAW,One year,18,20.35,No,0.12860671636834675,Low
3795-CAWEX,Two year,70,116.55,Fiber optic,0.12853639221249838,Low
0895-LNKRC,One year,6,19.45,No,0.12849386408558977,Low
0334-ZFJSR,One year,55,66.05,DSL,0.1282644275201679,Low
6023-GSSXW,Two year,69,61.45,DSL,0.12810383861165486,Low
5795-BKOYE,One year,69,59.1,DSL,0.1280597839902084,Low
9548-ZMVTX,Two year,72,90.45,Fiber optic,0.12793151568896718,Low
5127-BZENZ,One year,56,65.2,DSL,0.12786862799140977,Low
9769-TSBZE,Two year,70,66.0,DSL,0.12775723419004317,Low
3146-JTQHR,One year,10,19.6,No,0.12766376721787248,Low
3374-PZLXD,Month-to-month,34,19.7,No,0.12760458622045037,Low
9467-ROOLM,Month-to-month,25,19.05,No,0.12733979743204077,Low
4293-ETKAP,Two year,65,79.4,DSL,0.12721820159435615,Low
9968-FFVVH,One year,63,68.8,DSL,0.12710104036373732,Low
2466-FCCPT,One year,20,19.7,No,0.12704226631622342,Low
1053-MXTTK,Two year,72,108.65,Fiber optic,0.12646046248284676,Low
8029-XYPWT,Two year,71,115.05,Fiber optic,0.1263352969168232,Low
4318-RAJVY,One year,10,19.8,No,0.12606435829747087,Low
8631-XVRZL,One year,9,20.15,No,0.12606007754321183,Low
5961-VUSRV,One year,12,19.35,No,0.12602084977420044,Low
9498-FIMXL,One year,8,19.2,No,0.12601489936814136,Low
3133-PZNSR,Two year,72,97.75,Fiber optic,0.12596486771489288,Low
3131-NWVFJ,One year,14,19.55,No,0.12586025926676675,Low
3489-VSFRD,One year,56,60.25,DSL,0.12578503681602224,Low
9225-BZLNZ,Two year,72,85.25,DSL,0.1256731526856938,Low
8084-OIVBS,One year,11,20.0,No,0.1255638962995473,Low
3057-VJJQE,Two year,35,55.25,DSL,0.1255310032545974,Low
0484-JPBRU,Month-to-month,41,25.25,No,0.12544727860505883,Low
8007-YYPWD,Two year,15,25.05,No,0.12542724810451883,Low
4623-ZKHLY,Month-to-month,22,20.45,No,0.12534189118407568,Low
8165-CBKXO,Two year,66,56.75,DSL,0.12527566042603902,Low
9150-KPBJQ,Two year,6,19.65,No,0.12525452357824024,Low
8015-IHCGW,Two year,72,115.5,Fiber optic,0.12507439827987915,Low
6147-CBCRA,Month-to-month,33,20.05,No,0.12506335085940673,Low
1043-UXOVO,Two year,71,113.15,Fiber optic,0.12470885189217351,Low
6260-XLACS,One year,4,19.7,No,0.12463954398184242,Low
8815-LMFLX,Month-to-month,25,25.4,No,0.12461855487318797,Low
6754-LZUKA,Two year,61,80.9,DSL,0.12455786011959612,Low
0707-HOVVN,Two year,70,75.5,DSL,0.12452485877243838,Low
0357-NVCRI,Month-to-month,25,20.05,No,0.12422550572987788,Low
3508-CFVZL,Two year,71,111.3,Fiber optic,0.1242159268443391,Low
8631-NBHFZ,Two year,66,79.4,DSL,0.12415234984984691,Low
2335-GSODA,Two year,23,40.1,DSL,0.12411359947061504,Low
9070-BCKQP,Two year,72,110.15,Fiber optic,0.12401449445407577,Low
4872-VXRIL,One year,56,64.65,DSL,0.12401373365410935,Low
8915-NNTRC,Two year,72,107.7,Fiber optic,0.12400251621742228,Low
9127-FHJBZ,Two year,72,114.0,Fiber optic,0.12382311474475688,Low
7663-YJHSN,Two year,72,103.95,Fiber optic,0.12376576832943362,Low
6064-ZATLR,Two year,27,52.85,DSL,0.12328502720886947,Low
6177-PEVRA,Two year,48,55.5,DSL,0.12325279241062849,Low
4560-WQAQW,One year,59,68.7,DSL,0.12320017933497898,Low
2996-XAUVF,Two year,70,40.05,DSL,0.12294558266277167,Low
5125-CNDSP,One year,63,40.6,DSL,0.12292189312587005,Low
3933-DQPWX,Two year,50,39.7,DSL,0.12292180549918441,Low
6388-TABGU,One year,62,56.15,DSL,0.12288931455823521,Low
3161-ONRWK,One year,60,65.85,DSL,0.1224854554489016,Low
1839-UMACK,One year,42,25.05,No,0.12228260041609945,Low
7284-ZZLOH,Two year,45,53.3,DSL,0.12219474600339993,Low
5372-FBKBN,Month-to-month,21,20.75,No,0.12213963838107747,Low
8745-PVESG,One year,57,41.1,DSL,0.12213777906279712,Low
0907-HQNTS,Two year,70,113.0,Fiber optic,0.12209049135782969,Low
0422-OHQHQ,One year,15,20.55,No,0.12187608525973521,Low
4393-GEADV,Two year,70,114.75,Fiber optic,0.12150296140026032,Low
6691-CCIHA,Two year,62,84.95,DSL,0.12147191784249763,Low
3486-KHMLI,Month-to-month,21,24.7,No,0.12143908875433646,Low
7025-WCBNE,Two year,47,59.6,DSL,0.12115934042232183,Low
4311-QTTAI,One year,16,19.35,No,0.12111770402083276,Low
5312-TSZVC,One year,15,19.65,No,0.1210205120570893,Low
0203-HHYIJ,One year,25,25.3,No,0.1209479586452184,Low
1525-LNLOJ,Two year,66,63.3,DSL,0.1208694717145143,Low
7089-RKVSZ,One year,8,24.4,No,0.12069187254057219,Low
3750-YHRYO,One year,7,20.65,No,0.12062476961114475,Low
2171-UDMFD,Month-to-month,32,19.45,No,0.12046931759799927,Low
5260-UMPWX,Month-to-month,26,20.25,No,0.12043243957420044,Low
8144-DGHXP,Two year,54,80.6,DSL,0.12042008176293742,Low
0023-UYUPN,One year,50,25.2,No,0.1203378269623148,Low
7435-ZNUYY,One year,6,20.6,No,0.11990342540827892,Low
5789-LDFXO,One year,24,24.6,No,0.119899705738833,Low
2969-VAPYH,One year,67,60.5,DSL,0.11983997619546588,Low
7956-XQWGU,Month-to-month,27,19.4,No,0.11979524290954305,Low
3580-HYCSP,Two year,72,110.3,Fiber optic,0.11979295903583465,Low
9313-QOLTZ,Month-to-month,26,20.9,No,0.11969937248674019,Low
6924-TDGMT,One year,11,20.55,No,0.1196356244773822,Low
8597-CTXVJ,One year,70,64.95,DSL,0.11913356118199542,Low
3258-SYSWS,Two year,72,113.8,Fiber optic,0.11889496460441208,Low
7670-ZBPOQ,One year,58,61.05,DSL,0.1188448489016355,Low
2120-SMPEX,Month-to-month,25,20.15,No,0.11871505135503434,Low
7633-MVPUY,Two year,57,59.75,DSL,0.11864401996220275,Low
3372-CDXFJ,One year,13,24.5,No,0.1183262037988072,Low
4018-KJYUY,Month-to-month,22,20.15,No,0.11754167809499115,Low
8958-JPTRR,One year,56,24.3,No,0.11750727115183732,Low
2351-BKRZW,Two year,43,75.2,DSL,0.11743962059741904,Low
3950-VPYJB,One year,57,59.6,DSL,0.11736811507035666,Low
4304-XUMGI,Two year,50,75.15,DSL,0.11730473941671506,Low
7554-NEWDD,Two year,10,25.7,No,0.11722625249696234,Low
4359-INNWN,One year,17,20.05,No,0.1171979129076477,Low
8510-TMWYB,Two year,54,59.8,DSL,0.11714133550296024,Low
6867-ACCZI,Two year,24,52.5,DSL,0.1170754163163444,Low
6974-DAFLI,One year,55,19.7,No,0.1167315632556095,Low
0757-WCUUZ,Two year,54,63.35,DSL,0.11606618705912486,Low
6013-BHCAW,Two year,61,81.0,DSL,0.11598782123744465,Low
7817-OMJNA,One year,14,20.4,No,0.11583694089547641,Low
4203-QGNZA,Month-to-month,28,20.25,No,0.11564737655103723,Low
2256-YLYLP,Two year,68,72.95,DSL,0.11552914811274836,Low
2599-CIPQE,Two year,71,109.3,Fiber optic,0.11549185449309796,Low
9046-DQMTP,Month-to-month,35,20.75,No,0.11537926202296123,Low
7407-SUJIZ,Month-to-month,25,20.6,No,0.11534090643622108,Low
9860-LISIZ,Month-to-month,34,20.35,No,0.11533808400171618,Low
4500-HKANN,Two year,23,59.7,DSL,0.11527953059093465,Low
7779-ORAEL,Two year,45,75.15,DSL,0.11521544960067409,Low
8587-XYZSF,Two year,67,50.55,DSL,0.11520173261860686,Low
2984-TBYKU,Two year,72,104.9,Fiber optic,0.11515513744734703,Low
1552-CZCLL,Month-to-month,55,20.0,No,0.11509484500109465,Low
3243-ZHOHY,One year,16,20.1,No,0.11505924326816361,Low
4451-RWASJ,One year,15,19.5,No,0.1149135495230351,Low
0654-PQKDW,One year,62,70.75,DSL,0.11460622720726699,Low
8434-PNQZX,Two year,42,78.45,DSL,0.1143460056837652,Low
4178-EGMON,Two year,70,88.0,Fiber optic,0.11420559286645983,Low
8670-ERCJH,Two year,72,113.4,Fiber optic,0.11419044751850176,Low
0536-BGFMZ,Month-to-month,28,20.5,No,0.1141237435453666,Low
2302-OUZXB,Two year,72,82.15,DSL,0.11400152673769318,Low
3547-LQRIK,One year,47,26.9,No,0.11391947349972144,Low
6681-ZSEXG,Two year,56,59.5,DSL,0.11370964662790328,Low
2085-JVGAD,Month-to-month,37,20.35,No,0.11348069777700275,Low
2581-VKIRT,One year,59,65.5,DSL,0.11342110031270349,Low
2057-BOYKM,Two year,72,96.6,Fiber optic,0.11334516380162554,Low
0979-MOZQI,Two year,62,39.0,DSL,0.11315831327828021,Low
5993-BQHEA,One year,12,20.05,No,0.11305538597680823,Low
8565-WUXZU,Two year,72,84.8,Fiber optic,0.11305233540106085,Low
5442-BXVND,Month-to-month,33,24.25,No,0.1128928912797233,Low
2223-GDSHL,Two year,71,116.05,Fiber optic,0.11277482379464658,Low
5196-WPYOW,One year,67,60.05,DSL,0.1126330839200461,Low
8515-OCTJS,Two year,25,24.75,No,0.1126029688813824,Low
7665-VIGUD,One year,10,20.35,No,0.11212149150045037,Low
0455-ENTCR,Two year,66,85.25,DSL,0.11210577676508912,Low
6586-MYGKD,Two year,70,76.95,DSL,0.11206361274612417,Low
3396-DKDEL,Two year,70,115.15,Fiber optic,0.11186944084569087,Low
8595-SIZNC,One year,22,25.6,No,0.11177654120911804,Low
8681-ICONS,Month-to-month,29,20.65,No,0.11159167227112993,Low
7602-MVRMB,Two year,72,110.45,Fiber optic,0.11135398034077719,Low
9958-MEKUC,Two year,72,103.95,Fiber optic,0.11126121893361005,Low
4815-TUMEQ,One year,10,19.3,No,0.11116539968110911,Low
7322-OCWHC,Two year,72,93.05,Fiber optic,0.11097016786472617,Low
1131-ALZWV,One year,24,24.6,No,0.11069785942914086,Low
3512-IZIKN,Two year,70,65.3,DSL,0.11057713801837499,Low
3655-SNQYZ,Two year,69,113.25,Fiber optic,0.11055972263208687,Low
5702-KVQRD,Two year,71,82.55,DSL,0.11036882259635229,Low
9046-JBFWA,Month-to-month,27,19.15,No,0.11036564398415036,Low
3410-YOQBQ,Two year,31,79.2,DSL,0.10990115916349481,Low
9066-QRSDU,One year,69,26.3,No,0.10989344467142365,Low
1015-JPFYW,One year,7,19.45,No,0.10982543200335862,Low
2245-ADZFJ,Two year,31,80.55,DSL,0.10980634731366434,Low
1407-DIGZV,Two year,3,19.1,No,0.10978453366901908,Low
6234-RAAPL,Two year,72,99.9,Fiber optic,0.10961922736863979,Low
1038-RQOST,Month-to-month,19,20.6,No,0.10958006838960219,Low
2017-CCBLH,Two year,8,20.0,No,0.10957392476245136,Low
8573-JGCZW,One year,17,19.65,No,0.10951405424784684,Low
8169-SAEJD,Two year,69,56.55,DSL,0.10938813517850117,Low
8823-RLPWL,Two year,72,110.65,Fiber optic,0.10932063939927547,Low
1265-BCFEO,Two year,71,80.45,DSL,0.1092647882438484,Low
1821-BUCWY,Two year,30,55.65,DSL,0.10925825760568571,Low
3870-SPZSI,Two year,70,113.05,Fiber optic,0.10924465346486002,Low
0052-YNYOT,One year,67,20.55,No,0.10898801935616793,Low
9055-MOJJJ,One year,64,65.8,DSL,0.10895489523388768,Low
3174-AKMAS,Two year,46,64.2,DSL,0.10873947026406894,Low
6814-ZPWFQ,One year,51,25.0,No,0.10849161131249116,Low
4530-NDRKU,One year,42,19.05,No,0.10846480313889768,Low
6904-JLBGY,Two year,72,117.35,Fiber optic,0.1084130387187186,Low
3726-TBHQT,Two year,71,114.0,Fiber optic,0.10834502409604553,Low
0788-DXBFY,One year,58,19.55,No,0.10832017904518132,Low
1552-TKMXS,Month-to-month,42,20.35,No,0.10818765048117358,Low
3963-RYFNS,Two year,72,116.45,Fiber optic,0.10795744146376217,Low
9675-ICXCT,Two year,72,80.8,DSL,0.10795158657750742,Low
0771-CHWSK,Two year,66,74.6,DSL,0.10792259610561943,Low
7524-VRLPL,Two year,69,74.1,DSL,0.10788949240347447,Low
6532-YLWSI,One year,53,20.8,No,0.10781459076984731,Low
6016-LVTJQ,Month-to-month,34,20.65,No,0.10762641973710449,Low
2753-JMMCV,Two year,65,74.2,DSL,0.10761918699925616,Low
9028-LIHRP,Two year,71,100.2,Fiber optic,0.10735526143952233,Low
5726-CVNYA,Two year,8,19.85,No,0.1073143112706226,Low
6152-ONASV,One year,68,58.25,DSL,0.10729901880190004,Low
8332-OSJDW,One year,12,26.4,No,0.10727521130077357,Low
5324-KTGCG,One year,71,20.85,No,0.10719981199037519,Low
8884-MRNSU,One year,17,19.9,No,0.10715022166036682,Low
4115-BNPJY,Two year,29,75.55,DSL,0.10702125384945398,Low
8819-WFGGJ,Two year,68,54.1,DSL,0.10698528711349996,Low
9483-GCPWE,One year,9,20.1,No,0.10695212979978158,Low
5039-LZRQT,One year,13,20.2,No,0.10691219165635035,Low
0323-XWWTN,Two year,3,26.4,No,0.10572820304436507,Low
4024-CSNBY,Two year,72,94.25,Fiber optic,0.10527195106457382,Low
4717-GHADL,Two year,50,79.6,DSL,0.10507634661993386,Low
4676-WLUHT,Two year,54,46.2,DSL,0.10505310601442319,Low
2863-IMQDR,Two year,61,89.65,DSL,0.1049530033329712,Low
6509-TSGWN,Month-to-month,37,26.45,No,0.10461997713308638,Low
1480-BKXGA,Two year,72,116.05,Fiber optic,0.1044893903193218,Low
4915-BFSXL,Two year,70,68.95,DSL,0.10423909537993475,Low
6166-YIPFO,Two year,72,64.7,DSL,0.1042354832600178,Low
8265-HKSOW,Two year,72,107.45,Fiber optic,0.10414207344308955,Low
2676-SSLTO,Two year,49,66.15,DSL,0.10396732431982582,Low
2550-QHZGP,One year,7,19.5,No,0.10382845826930136,Low
3251-YMVWZ,One year,53,24.05,No,0.1037470548242987,Low
8461-EFQYM,One year,38,24.25,No,0.10362057818732537,Low
1535-VTJOQ,Two year,24,25.15,No,0.10360586642209399,Low
6510-UPNKS,One year,23,24.8,No,0.10346088345000752,Low
4685-TFLLS,One year,18,19.8,No,0.10345815565052084,Low
1178-PZGAB,One year,19,20.25,No,0.10316934819905212,Low
2612-PHGOX,Two year,64,76.1,DSL,0.10309439755512839,Low
3082-YVEKW,Two year,23,77.15,DSL,0.10296899414489581,Low
5602-BVFMK,One year,12,19.3,No,0.10285927645825366,Low
2649-HWLYB,Two year,65,76.15,DSL,0.10273890184302248,Low
5546-QUERU,One year,13,19.95,No,0.10258935696727833,Low
5668-MEISB,Two year,72,106.1,Fiber optic,0.10258735832753633,Low
1414-YADCW,Two year,70,84.6,Fiber optic,0.10240235144489995,Low
5505-OVWQW,One year,17,20.15,No,0.10238695622768045,Low
7153-CHRBV,One year,57,59.3,DSL,0.10233696021293565,Low
4933-IKULF,One year,17,20.65,No,0.10224288797345306,Low
1760-CAZHT,Month-to-month,25,20.8,No,0.10214522456755505,Low
7196-LIWRH,Two year,6,19.55,No,0.10204982058413338,Low
1429-UYJSV,One year,12,19.7,No,0.1019450511570635,Low
1354-YZFNB,Two year,4,19.55,No,0.10190538796360053,Low
4737-HOBAX,Two year,63,79.8,DSL,0.10177526554997962,Low
9184-GALIL,Month-to-month,38,20.45,No,0.10170253166420586,Low
8050-DVOJX,Two year,49,81.35,DSL,0.10168636583581989,Low
3669-WHAFY,Two year,71,115.15,Fiber optic,0.10164980723027722,Low
1023-BQXZE,Two year,57,74.35,DSL,0.10156653021902427,Low
1139-WUOAH,Two year,57,53.35,DSL,0.1015032457484485,Low
9073-ZZIAY,Two year,62,86.1,DSL,0.10148543194924334,Low
0307-BCOPK,One year,16,19.05,No,0.10136539409806353,Low
2862-JVEOY,One year,6,19.15,No,0.10134582203167607,Low
5512-IDZEI,One year,46,24.9,No,0.1012199727224022,Low
4323-ELYYB,One year,13,20.0,No,0.10082289186096605,Low
5914-XRFQB,Two year,72,115.8,Fiber optic,0.1008091766684744,Low
5762-TJXGK,Two year,52,58.75,DSL,0.10075480070126339,Low
8630-QSGXK,Two year,51,75.2,DSL,0.1003505886802225,Low
1093-YSWCA,Two year,11,19.55,No,0.10032789623813948,Low
8042-RNLKO,One year,66,25.45,No,0.10016169947231997,Low
5995-WWKKG,One year,37,19.8,No,0.10013106332809289,Low
8200-LGKSR,Two year,71,83.2,DSL,0.09993561927115209,Low
5135-GRQJV,Two year,72,114.5,Fiber optic,0.09981265938939296,Low
0754-EEBDC,Two year,4,19.9,No,0.09954664147408858,Low
5982-PSMKW,Two year,23,91.1,DSL,0.09943867385420022,Low
0859-YGKFW,One year,18,20.05,No,0.09928652799955229,Low
9030-QGZNL,Two year,8,20.85,No,0.09925796092443892,Low
4163-HFTUK,One year,51,19.1,No,0.09924573564533327,Low
1498-NHTLT,Two year,59,86.75,DSL,0.09923001009280151,Low
2324-AALNO,One year,48,24.55,No,0.0989804636536789,Low
5676-CFLYY,Two year,71,73.35,DSL,0.09893123693204557,Low
7337-CINUD,Two year,8,19.5,No,0.09888793835334644,Low
0536-ESJEP,Two year,54,74.55,DSL,0.09877779490351532,Low
6719-FGEDO,Two year,72,97.0,Fiber optic,0.09865932543023824,Low
7605-BDWDC,Two year,31,49.85,DSL,0.09854578166664607,Low
7996-BPXHY,Two year,13,25.0,No,0.09854141809087075,Low
4295-YURET,Two year,56,72.6,DSL,0.09847236723187941,Low
3067-SVMTC,One year,68,55.9,DSL,0.09845862674465528,Low
9229-RQABD,One year,18,23.75,No,0.09841234279436777,Low
3721-CNZHX,One year,15,19.8,No,0.09834414047682116,Low
3506-OVLKD,One year,35,26.2,No,0.09818551494047387,Low
6516-NKQBO,Two year,38,81.0,DSL,0.09816880521967902,Low
5232-NXPAY,Two year,47,74.45,DSL,0.09793755147926565,Low
1371-OJCEK,One year,48,24.35,No,0.09791382086578049,Low
8454-AATJP,Two year,72,115.05,Fiber optic,0.09788143279480463,Low
0906-QVPMS,Two year,72,115.15,Fiber optic,0.09785587142137192,Low
5183-KLYEM,Two year,72,112.75,Fiber optic,0.09764869380892817,Low
8513-OLYGY,Two year,72,115.8,Fiber optic,0.0976423146346862,Low
9802-CAQUT,Two year,72,109.55,Fiber optic,0.09761722189844158,Low
7469-LKBCI,Two year,16,18.95,No,0.09751421948279973,Low
5996-EBTKM,Two year,67,69.9,DSL,0.09715645387433818,Low
7277-KAMWT,Two year,13,20.0,No,0.0971336358959869,Low
8388-DMKAE,Two year,8,20.25,No,0.09700991517923453,Low
0487-CRLZF,Two year,49,74.45,DSL,0.09693431636275493,Low
2933-XEUJM,Two year,46,79.2,DSL,0.0968941887300367,Low
9766-HGEDE,One year,17,19.35,No,0.09672343249291977,Low
2332-TODQS,One year,48,25.05,No,0.0967002931130737,Low
5397-NSKQG,Two year,67,50.9,DSL,0.09668681038046391,Low
9746-UGFAC,One year,22,20.85,No,0.0966723589771787,Low
2809-ILCYT,One year,25,26.8,No,0.09666232990377012,Low
6368-TZZDT,Two year,4,19.5,No,0.0966038560477009,Low
9680-NIAUV,Two year,72,109.7,Fiber optic,0.09649935286132998,Low
1972-XMUWV,Two year,65,59.8,DSL,0.09634351018194658,Low
2706-QZIHY,Two year,15,25.2,No,0.09633620664502059,Low
5696-JVVQY,Two year,48,70.1,DSL,0.09629994459523075,Low
9541-PWTWO,Two year,52,80.95,DSL,0.096275351037949,Low
9867-JCZSP,One year,17,20.75,No,0.0962535298096913,Low
8571-ZCMCX,Two year,47,60.0,DSL,0.09613003330917348,Low
4568-KNYWR,Two year,52,63.25,DSL,0.09578702985149395,Low
5684-FJVYR,Two year,72,90.35,Fiber optic,0.09539840031633649,Low
8314-HTWVE,Two year,7,19.85,No,0.09534996122752579,Low
3884-UEBXB,Two year,67,36.15,DSL,0.0953471704653633,Low
6120-RJKLU,Two year,62,79.95,DSL,0.09526308469966185,Low
2030-BTZRO,Two year,6,20.4,No,0.09526255397184351,Low
7665-NKLAV,Two year,36,40.65,DSL,0.0952157710799789,Low
9788-HNGUT,Two year,72,116.95,Fiber optic,0.0952027513865915,Low
2824-DXNKN,Two year,72,71.45,DSL,0.0951399708897402,Low
8468-FZTOE,Two year,72,74.35,DSL,0.09484655130790719,Low
9227-UAQFT,Two year,16,19.75,No,0.09470685716675,Low
3470-OBUET,Two year,67,74.0,DSL,0.0944196456585052,Low
2088-IEBAU,Two year,68,88.15,DSL,0.0943533633205004,Low
3078-ZKNTS,Two year,13,19.75,No,0.09433018363709282,Low
1222-KJNZD,Month-to-month,40,20.4,No,0.09412706805758221,Low
3638-WEABW,Two year,58,59.9,DSL,0.09398219616582912,Low
3082-WQRVY,One year,14,19.65,No,0.09382682248441578,Low
4584-LBNMK,One year,45,24.7,No,0.09382178497422383,Low
8241-JUIQO,One year,61,19.45,No,0.09365689481481419,Low
7639-LIAYI,Two year,52,79.75,DSL,0.09341298395470202,Low
0731-EBJQB,One year,52,20.4,No,0.09338284688455604,Low
2592-HODOV,One year,13,19.3,No,0.09282107545546997,Low
6323-AYBRX,Two year,59,19.35,No,0.09265675546118173,Low
4803-LBYPN,Month-to-month,34,20.8,No,0.09260442779499568,Low
3724-BSCVH,One year,10,20.45,No,0.09256120658491769,Low
7951-QKZPL,Two year,33,24.5,No,0.09242527520692816,Low
4378-BZYFP,One year,17,20.5,No,0.09240182875724615,Low
6419-ZTTLE,One year,23,20.75,No,0.09239830896286709,Low
7609-NRNCA,One year,17,19.55,No,0.09234645970693127,Low
6551-ZCOTS,One year,33,24.9,No,0.09234407818906837,Low
4452-ROHMO,Two year,15,19.6,No,0.09234030240529084,Low
1431-AIDJQ,Two year,33,82.1,DSL,0.09232749745861532,Low
6898-RBTLU,Two year,49,79.3,DSL,0.0922424920974502,Low
4709-LKHYG,One year,29,20.0,No,0.09222248172930599,Low
9108-EQPNQ,Two year,10,26.1,No,0.09211487854861711,Low
6765-MBQNU,One year,26,26.0,No,0.09196143031683159,Low
4654-ULTTN,Two year,70,74.8,DSL,0.09191533369636365,Low
0607-DAAHE,Two year,53,19.75,No,0.0918039379708718,Low
5322-TEUJK,Two year,71,114.6,Fiber optic,0.09164356529547284,Low
2387-KDZQY,One year,17,20.1,No,0.09149229864020482,Low
9067-YGSCA,One year,70,26.05,No,0.09139185638675909,Low
3378-AJRAO,One year,44,24.85,No,0.0913900031363455,Low
6870-ZWMNX,Two year,70,76.1,DSL,0.09112149788008175,Low
4849-PYRLQ,Two year,56,73.25,DSL,0.09108806234702534,Low
7359-WWYJV,Two year,72,114.45,Fiber optic,0.0910012244272279,Low
9489-DEDVP,Two year,70,69.2,DSL,0.09047897773662447,Low
9891-NQDBD,One year,28,25.55,No,0.09036376452651235,Low
5313-FPXWG,One year,51,24.6,No,0.09034514962893643,Low
8606-OEGQZ,Two year,18,25.3,No,0.09033226997937471,Low
3511-BFTJW,Two year,72,38.5,DSL,0.09029460571207426,Low
8076-FEZKJ,One year,10,19.5,No,0.0902783336350826,Low
7471-WNSUF,One year,60,24.15,No,0.09014578517469964,Low
9674-EHPPG,Two year,46,40.4,DSL,0.09013273366403542,Low
2995-YWTCD,Two year,19,24.9,No,0.09003722649896818,Low
3500-NSDOA,Two year,68,70.8,DSL,0.09003234803794326,Low
0277-ORXQS,Two year,66,50.55,DSL,0.08999110594738494,Low
3546-GHEAE,Two year,7,19.45,No,0.08996787212061616,Low
7771-CFQRQ,Two year,47,63.8,DSL,0.08991764983555117,Low
6746-WAUWT,One year,19,19.7,No,0.08989208055438286,Low
8414-OOEEL,Two year,66,79.5,DSL,0.0896948527480502,Low
1272-ILHFG,One year,15,19.65,No,0.08969400025431082,Low
5063-IUOKK,Two year,13,19.75,No,0.08967621223036952,Low
9648-BCHKM,Two year,18,24.65,No,0.08955659970051914,Low
0343-QLUZP,Two year,60,39.6,DSL,0.08938707768119927,Low
7649-PHJVR,One year,11,19.5,No,0.08937107012637198,Low
2587-YNLES,Two year,6,20.1,No,0.08924773623723872,Low
0567-XRHCU,Two year,69,43.95,DSL,0.08922960467339136,Low
0298-XACET,Two year,52,50.2,DSL,0.0891065156071049,Low
2662-NNTDK,One year,65,24.8,No,0.08902339094845362,Low
5329-KRDTM,Two year,72,77.35,DSL,0.08899924899875895,Low
7319-ZNRTR,One year,25,19.6,No,0.0886448509357544,Low
9845-QOMAD,One year,14,19.75,No,0.08853875907837579,Low
6248-TKCQV,Two year,70,80.6,DSL,0.08845164040998493,Low
2661-GKBTK,Two year,60,76.95,DSL,0.08840687853587068,Low
5642-MHDQT,One year,53,19.85,No,0.08803936794746996,Low
0942-KOWSM,Two year,30,80.8,DSL,0.0880009217325275,Low
6953-PBDIN,Two year,70,72.95,DSL,0.08792920351199675,Low
9298-WGMRW,Two year,72,115.5,Fiber optic,0.08792145065878677,Low
0835-DUUIQ,One year,24,21.05,No,0.08791450013477385,Low
6439-PKTRR,Two year,70,80.7,DSL,0.08786989622699277,Low
4573-JKNAE,Two year,12,19.35,No,0.08768743211094603,Low
2388-LAESQ,Two year,72,114.85,Fiber optic,0.08752831249182787,Low
1779-PWPMG,Two year,72,114.65,Fiber optic,0.08752831249182787,Low
6339-RZCBJ,Two year,48,78.9,DSL,0.08748247238990751,Low
7813-TKCVO,One year,20,20.35,No,0.08746219772812476,Low
1642-HMARX,Two year,68,91.7,DSL,0.08730824233962421,Low
3556-BVQGL,One year,20,20.0,No,0.08729453372715405,Low
4992-LTJNE,Two year,72,55.3,DSL,0.08724975978011303,Low
6754-WKSHP,One year,30,25.35,No,0.08721326792220825,Low
6980-CDGFC,One year,67,20.85,No,0.08720017214587925,Low
1335-MXCSE,Two year,55,55.25,DSL,0.08718650543357023,Low
4950-HKQTE,Two year,22,26.25,No,0.08717880232959342,Low
4425-OWHWB,One year,20,19.35,No,0.08716708387058368,Low
0057-QBUQH,Two year,43,25.1,No,0.08713081850293769,Low
9871-ELEYA,Two year,34,67.65,DSL,0.08710760009070502,Low
0526-SXDJP,Two year,72,42.1,DSL,0.08693621011232298,Low
9637-CDTKZ,Two year,72,114.1,Fiber optic,0.0869241263489354,Low
0604-THJFP,Two year,59,75.95,DSL,0.08685150906869515,Low
1133-KXCGE,One year,18,20.1,No,0.08679165382151205,Low
2077-DDHJK,Two year,68,70.9,DSL,0.0867774272295915,Low
7706-YLMQA,One year,70,19.7,No,0.08670383888583696,Low
5129-HHMZC,Two year,43,86.45,DSL,0.08667672736509914,Low
9847-HNVGP,One year,17,19.95,No,0.08660953301226022,Low
5014-GSOUQ,Two year,13,19.95,No,0.0863728401401106,Low
4648-YPBTM,Two year,53,73.9,DSL,0.0860988114428907,Low
4163-NCJAK,One year,46,24.45,No,0.08607810723193804,Low
3891-NLXJB,Two year,37,40.55,DSL,0.08606956756151245,Low
7872-BAAZR,One year,53,19.55,No,0.08582258310342494,Low
0973-KYVNF,Two year,72,70.65,DSL,0.0857540813259392,Low
7073-QETQY,One year,66,20.35,No,0.0856532480122132,Low
5338-YHWYT,Two year,37,61.45,DSL,0.08553468816648763,Low
1716-LSAMB,Two year,45,54.65,DSL,0.0854334333464471,Low
8612-GXIDD,Two year,12,25.4,No,0.08542351282365551,Low
8722-PRFDV,Two year,71,77.55,DSL,0.08538297846468763,Low
6698-OXETB,Two year,11,20.4,No,0.08522454507208475,Low
8966-OIQHG,One year,22,20.75,No,0.0851819881944662,Low
6463-MVYRY,Two year,57,69.85,DSL,0.08498117450196098,Low
5197-YPYBZ,Two year,12,25.25,No,0.08494225125978946,Low
7061-OVMIM,One year,30,19.55,No,0.0849067350757883,Low
2193-SFWQW,Two year,72,111.95,Fiber optic,0.08482884760252518,Low
8205-VSLRB,Two year,70,77.3,DSL,0.08465350760935593,Low
0513-RBGPE,Two year,37,62.8,DSL,0.08459595759441174,Low
9885-MFVSU,Two year,35,46.35,DSL,0.08455886141926994,Low
9194-GFVOI,Two year,42,84.35,DSL,0.08449573140087496,Low
7138-GIRSH,Two year,50,69.5,DSL,0.08439374339517272,Low
6919-ELBGL,Two year,72,114.95,Fiber optic,0.084174252559976,Low
7501-IWUNG,Two year,61,73.8,DSL,0.08409597799648996,Low
5451-YHYPW,Two year,72,115.75,Fiber optic,0.08408659432917032,Low
8628-MFKAX,Two year,72,116.75,Fiber optic,0.08408659432917032,Low
2773-MADBQ,Two year,36,53.1,DSL,0.08394781707763681,Low
3258-ZKPAI,Two year,72,116.6,Fiber optic,0.0837969397216304,Low
2845-KDHVX,Two year,64,68.3,DSL,0.08371853035304704,Low
1734-ZMNTZ,Two year,11,25.0,No,0.08344903451373654,Low
6508-NJYRO,One year,15,18.8,No,0.0832719107748653,Low
8148-WOCMK,Two year,8,19.6,No,0.08325096637928474,Low
0739-UUAJR,Two year,72,53.8,DSL,0.08316316886810196,Low
5126-RCXYW,Two year,54,46.0,DSL,0.08297870287582754,Low
9361-YNQWJ,One year,64,24.4,No,0.0829062515035216,Low
1069-QJOEE,One year,25,19.9,No,0.08290404892654746,Low
1982-FEBTD,Two year,23,25.6,No,0.08287672338244571,Low
7054-DMVAS,Two year,54,65.3,DSL,0.08251636405912184,Low
2451-YMUXS,Two year,67,64.55,DSL,0.08237526227265271,Low
2229-DPMBI,Two year,8,19.5,No,0.08235726162954121,Low
7340-KEFQE,Two year,51,34.2,DSL,0.08227350481322884,Low
5038-ETMLM,Two year,72,113.65,Fiber optic,0.08226353738807818,Low
0064-SUDOG,Two year,12,20.3,No,0.08183414144169054,Low
5656-MJEFC,Two year,42,48.15,DSL,0.0817950695415643,Low
9359-JANWS,Two year,65,58.9,DSL,0.08175948284499901,Low
8592-PLTMQ,One year,64,24.7,No,0.08172356437598381,Low
3705-PSNGL,One year,45,20.4,No,0.08165974025552292,Low
6723-CEGQI,Two year,65,45.25,DSL,0.08159075583624974,Low
1813-JLKWR,One year,64,19.8,No,0.08158072250758833,Low
3525-DVKFN,Two year,17,19.4,No,0.08147521906034196,Low
5135-RDDQL,Two year,63,50.65,DSL,0.08128441226239926,Low
1043-YCUTE,Two year,56,25.15,No,0.08108240531558514,Low
2296-DKZFP,Two year,65,71.0,DSL,0.08101862794251737,Low
8221-HVAYI,Two year,35,69.15,DSL,0.08101098632526545,Low
4213-HKBJO,Two year,33,25.7,No,0.08082939681163369,Low
8069-RHUXK,Two year,67,35.7,DSL,0.08070676257771534,Low
8207-DMRVL,Two year,72,114.55,Fiber optic,0.08068680214173503,Low
1333-PBMXB,One year,54,24.75,No,0.08066664240577939,Low
2040-LDIWQ,Two year,65,84.2,DSL,0.08052527098484215,Low
8338-QIUNR,Two year,72,66.5,DSL,0.08048468768858562,Low
3745-HRPHI,Two year,66,54.65,DSL,0.08032476797979413,Low
5846-NEQVZ,Two year,71,70.85,DSL,0.08015406623190965,Low
2320-TZRRH,One year,20,19.5,No,0.08014578341305491,Low
7527-QNRUS,Two year,17,25.15,No,0.07998283403483347,Low
3283-WCWXT,Two year,6,25.4,No,0.07982351380394612,Low
8606-CIQUL,Two year,72,115.75,Fiber optic,0.0797943832867186,Low
7137-NAXML,One year,23,20.15,No,0.07976164514974306,Low
1790-NESIO,Two year,13,20.4,No,0.07973982739580388,Low
6650-BWFRT,Two year,72,117.15,Fiber optic,0.0796909645612935,Low
5696-EXCYS,Two year,17,19.45,No,0.07958537020298079,Low
9258-CNWAC,Two year,71,113.65,Fiber optic,0.07927162840991465,Low
2040-XBAVJ,Two year,72,114.45,Fiber optic,0.07915657012352816,Low
2121-JAFOM,Two year,72,115.55,Fiber optic,0.07914061685429813,Low
1345-ZUKID,One year,14,19.35,No,0.07904231573915231,Low
0420-TXVSG,Two year,66,66.1,DSL,0.07899552029794102,Low
4664-NJCMS,Two year,33,59.55,DSL,0.07896607227275,Low
6119-SPUDB,Two year,46,38.25,DSL,0.07883217085697818,Low
6518-KZXCB,Two year,22,25.25,No,0.07860056840049134,Low
8746-BFOAJ,One year,21,20.5,No,0.0784834974219352,Low
7452-FOLON,One year,39,25.45,No,0.07838214518122456,Low
6609-MXJHJ,Two year,30,25.1,No,0.07815778444590475,Low
2162-FRZAA,Two year,63,39.35,DSL,0.07800931264317293,Low
9481-WHGWY,Two year,70,75.35,DSL,0.07800896179850968,Low
1506-YJTYT,Two year,45,73.85,DSL,0.07778891001427815,Low
5158-RIVOP,Two year,11,20.9,No,0.07766756040447993,Low
8499-BRXTD,One year,18,20.1,No,0.07760466013837518,Low
3352-RICWQ,Two year,9,19.75,No,0.07748277426357612,Low
3831-YCPUO,Two year,72,109.5,Fiber optic,0.07743916429736283,Low
5181-OABFK,Two year,56,61.3,DSL,0.07743823597403213,Low
2560-QTSBS,One year,72,23.3,No,0.07739156979780004,Low
5227-JSCFE,Two year,71,46.35,DSL,0.0773811308274241,Low
3549-ZTMNH,Two year,12,24.0,No,0.077221194548328,Low
6625-IUTTT,Two year,67,65.55,DSL,0.07719037167401785,Low
8390-FESFV,Two year,62,84.5,DSL,0.07717913592146255,Low
1697-LYYYX,One year,61,19.1,No,0.077118838838087,Low
8242-PDSGJ,Two year,70,39.15,DSL,0.07694807814408296,Low
8908-SLFCJ,Two year,21,20.85,No,0.07688069852721854,Low
5647-URDKA,Two year,8,19.7,No,0.07680310341189918,Low
1074-WVEVG,One year,59,20.35,No,0.0767271902663077,Low
7446-SFAOA,One year,37,19.85,No,0.07667768939383307,Low
2589-AYCRP,One year,50,19.75,No,0.07660389588637402,Low
5310-NOOVA,Two year,46,19.95,No,0.07644791790333852,Low
0017-DINOC,Two year,54,45.2,DSL,0.07643211798023535,Low
2788-CJQAQ,One year,13,19.45,No,0.07623475884016229,Low
7622-FWGEW,Two year,56,85.65,DSL,0.07620653546252568,Low
9621-OUPYD,One year,25,20.2,No,0.07597621869675296,Low
5130-YPIRV,Two year,62,72.0,DSL,0.07590976966509434,Low
6048-NJXHX,Two year,41,19.75,No,0.07590188141567009,Low
2878-DHMIN,One year,35,19.9,No,0.07587422821512972,Low
3200-MNQTF,Two year,67,70.9,DSL,0.07581243946645237,Low
9617-UDPEU,One year,22,19.25,No,0.07570574179448276,Low
8763-KIAFH,One year,27,20.55,No,0.07553013088077867,Low
7349-ALMUX,Two year,37,65.6,DSL,0.0754754726749482,Low
2682-KEVRP,One year,22,20.05,No,0.07545039755831678,Low
3810-DVDQQ,Two year,72,117.6,Fiber optic,0.07544211771069657,Low
6007-TCTST,Two year,72,115.8,Fiber optic,0.07544211771069657,Low
1488-PBLJN,Two year,72,116.85,Fiber optic,0.07544211771069657,Low
7569-NMZYQ,Two year,72,118.75,Fiber optic,0.07544211771069657,Low
3717-FDJFU,Two year,5,20.45,No,0.0754296822299409,Low
7037-MTYVW,Two year,38,85.4,DSL,0.07535954518064317,Low
9447-YPTBX,One year,50,19.85,No,0.0752486036345872,Low
3533-UVMOM,Two year,68,70.95,DSL,0.0751680452536689,Low
3812-LRZIR,Two year,27,24.5,No,0.07515534128155303,Low
2138-VFAPZ,Two year,14,19.7,No,0.07513396379757403,Low
9919-FZDED,Two year,72,84.1,DSL,0.07506750215997722,Low
7643-RCHXS,Two year,63,19.35,No,0.07505926179242035,Low
8039-ACLPL,Two year,72,68.75,DSL,0.07503065681183489,Low
9798-OPFEM,Two year,46,21.1,No,0.07490786380201093,Low
1352-HNSAW,Two year,72,115.6,Fiber optic,0.0748917700037012,Low
6729-FZWSY,One year,67,19.45,No,0.07487199592928277,Low
4671-VJLCL,Two year,63,79.85,DSL,0.07471243039272239,Low
3474-BAFSJ,Two year,57,57.5,DSL,0.07466544718035033,Low
5451-MHQOF,One year,56,24.45,No,0.07459650919350742,Low
4750-UKWJK,One year,37,19.6,No,0.07455813128951524,Low
5788-YPOEG,Two year,34,84.75,DSL,0.0745148755692792,Low
7197-VOJMM,Two year,67,69.2,DSL,0.07450146834704356,Low
0378-CJKPV,Two year,72,112.1,Fiber optic,0.07438297386574795,Low
4893-GYUJU,One year,50,19.35,No,0.0743107537336285,Low
1092-WPIVQ,Two year,18,25.1,No,0.07429041277737422,Low
3887-PBQAO,One year,45,25.9,No,0.07426507475312911,Low
4837-PZTIC,Two year,47,41.9,DSL,0.07425342039208899,Low
1964-SVLEA,One year,20,19.7,No,0.07416511056012601,Low
2675-IJRGJ,Two year,53,19.65,No,0.07410212946240799,Low
8106-GWQOK,Two year,38,60.0,DSL,0.07406800037155328,Low
2005-DWQZJ,Two year,8,19.05,No,0.07404090888053753,Low
9451-WLYRI,One year,53,19.05,No,0.07399824206943044,Low
2167-FQSTQ,Two year,72,92.4,DSL,0.07397715594550797,Low
1022-RKXDR,One year,41,24.85,No,0.07397487087241257,Low
2498-XLDZR,Two year,32,73.6,DSL,0.07379940689294208,Low
2400-XIWIO,Two year,71,90.1,DSL,0.07375532444093365,Low
4980-URKXC,One year,36,20.85,No,0.07365046949640305,Low
9068-VPWQQ,Two year,61,75.35,DSL,0.07352914905897658,Low
6447-EGDIV,One year,31,20.95,No,0.07352821721884144,Low
3266-FTKHB,Two year,17,19.15,No,0.07335166773487847,Low
9281-CEDRU,Two year,68,64.1,DSL,0.07334047122846218,Low
3646-ITDGM,Two year,56,19.7,No,0.07333699406049783,Low
6437-UDQJM,Two year,72,84.1,DSL,0.07330507922816856,Low
4859-ZSRDZ,Two year,58,55.5,DSL,0.07318567788597412,Low
9814-AOUDH,Two year,53,19.5,No,0.07317133559259503,Low
3452-FLHYD,One year,25,20.95,No,0.07307988091588923,Low
7799-LGRDP,Two year,43,25.7,No,0.07303229589113626,Low
5067-WJEUN,Two year,67,54.2,DSL,0.07300325796432446,Low
9717-IOAAF,Two year,27,25.85,No,0.07297285561897987,Low
0459-SPZHJ,Two year,63,83.5,DSL,0.07292815042534954,Low
3399-BMLVW,Two year,51,60.5,DSL,0.07289236906740379,Low
2192-OZITF,Two year,45,73.55,DSL,0.07288819167725717,Low
5781-RFZRP,Two year,71,73.5,DSL,0.0728333185873204,Low
2277-AXSDC,One year,32,19.75,No,0.072578302348164,Low
4538-WNTMJ,One year,46,24.95,No,0.07256961873356221,Low
7921-BEPCI,Two year,72,59.75,DSL,0.07252398964049575,Low
9239-GZHZE,Two year,72,113.65,Fiber optic,0.07250576352429303,Low
5993-JSUWV,Two year,66,61.15,DSL,0.07247465310075597,Low
0784-GTUUK,One year,62,23.75,No,0.07242616299054921,Low
0048-PIHNL,One year,49,20.45,No,0.07242579115872738,Low
8008-OTEZX,One year,35,19.65,No,0.07238378289860291,Low
9945-PSVIP,Two year,25,18.7,No,0.07236315398070912,Low
1776-SPBWV,One year,34,20.1,No,0.07233308191140175,Low
5176-OLSKT,Two year,66,66.9,DSL,0.07223236490331879,Low
0440-EKDCF,Two year,62,60.15,DSL,0.07211118528368266,Low
4188-PCPIG,Two year,57,70.35,DSL,0.07207131644198404,Low
7860-KSUGX,Two year,72,64.45,DSL,0.07202179157362423,Low
6096-EGVTU,One year,64,24.9,No,0.07198838197780454,Low
7297-DVYGA,One year,51,19.85,No,0.0718836718246484,Low
7009-PCARS,One year,55,19.1,No,0.07174993973345108,Low
7688-AWMDX,Two year,71,54.5,DSL,0.07174221565878328,Low
3896-ZVNET,Two year,24,24.7,No,0.07164235830636267,Low
5918-VUKWP,One year,32,20.55,No,0.07151416228212783,Low
0263-FJTQO,Two year,50,70.5,DSL,0.07141507900971532,Low
5016-LIPDW,One year,57,19.4,No,0.07140907699336063,Low
1897-RCFUM,One year,39,24.2,No,0.07132813262420555,Low
9531-NSBMR,One year,36,19.25,No,0.07128295652888013,Low
5248-KWLAR,Two year,71,90.35,DSL,0.07121192409462171,Low
5893-PYOLZ,Two year,56,81.8,DSL,0.07115132633450828,Low
9220-CXRSC,Two year,69,61.4,DSL,0.07114032881476269,Low
7169-YWAMK,Two year,72,68.4,DSL,0.07113110177096015,Low
0795-LAFGP,Two year,71,90.4,DSL,0.07104127648171377,Low
8430-TWCBX,One year,49,20.7,No,0.07102978748634765,Low
3704-IEAXF,Two year,72,53.65,DSL,0.0710172820702821,Low
4737-AQCPU,Two year,72,72.1,DSL,0.0710046199011103,Low
5318-YKDPV,Two year,43,79.15,DSL,0.07095511311229921,Low
7157-SMCFK,Two year,61,19.75,No,0.07095446642102975,Low
8345-MVDYC,Two year,45,81.65,DSL,0.07084236669918874,Low
5075-JSDKI,Two year,59,24.45,No,0.07074270526689218,Low
8046-DNVTL,Two year,62,38.6,DSL,0.0705261661382658,Low
2808-CHTDM,Two year,23,25.1,No,0.07052119138893843,Low
3649-JPUGY,Two year,72,88.6,DSL,0.07046448737052566,Low
2123-VSCOT,Two year,59,72.1,DSL,0.07042808089596432,Low
1494-EJZDW,Two year,10,20.15,No,0.07038726036614833,Low
6603-YRDCJ,Two year,33,61.05,DSL,0.07035013907319695,Low
1245-HARPS,Two year,14,20.4,No,0.07028353265559639,Low
4883-KCPZJ,Two year,22,25.25,No,0.07011365819478542,Low
1088-AUUZZ,Two year,56,75.85,DSL,0.07007432391867112,Low
0804-YGEQV,One year,43,24.45,No,0.07004664757825586,Low
6741-QRLUP,Two year,63,80.3,DSL,0.06991833257253885,Low
4376-KFVRS,Two year,72,114.05,Fiber optic,0.06987681435399618,Low
3892-NXAZG,Two year,72,114.05,Fiber optic,0.06987681435399618,Low
1302-TPUBN,Two year,66,19.35,No,0.0698733190666695,Low
6217-KDYWC,Two year,57,19.6,No,0.0698481663346262,Low
6859-QNXIQ,Two year,72,113.1,Fiber optic,0.06970122050100507,Low
5495-GPSRW,Two year,20,19.7,No,0.06969634007979805,Low
0164-XAIRP,Two year,24,19.55,No,0.06964149852641681,Low
1561-BWHIN,One year,19,19.8,No,0.06951889121990143,Low
0848-SOMKO,Two year,70,48.4,DSL,0.06950777531827272,Low
9755-JHNMN,Two year,49,67.4,DSL,0.0694830363978716,Low
0602-DDUML,Two year,57,69.75,DSL,0.06945770013313733,Low
0916-KNFAJ,Two year,61,69.9,DSL,0.06929575712581978,Low
6922-NCEDI,One year,56,21.2,No,0.06918711420607826,Low
5148-HKFIR,Two year,20,19.7,No,0.06916122258617058,Low
3865-ZFZIB,Two year,19,19.65,No,0.06915209504344859,Low
1172-VIYBP,Two year,53,69.7,DSL,0.0691168775578131,Low
8395-ETZKQ,One year,68,19.5,No,0.06911245662031566,Low
3308-JSGML,Two year,59,64.05,DSL,0.06906013545461391,Low
5614-DNZCE,Two year,58,64.9,DSL,0.06901318970232795,Low
8748-HFWBO,One year,19,19.9,No,0.0690061792034156,Low
0608-JDVEC,Two year,50,19.8,No,0.06895638869345498,Low
2333-KWEWW,Two year,18,20.05,No,0.06892020947164794,Low
3520-FJGCV,Two year,72,112.6,Fiber optic,0.06890331412530022,Low
6546-OPBBH,One year,51,23.95,No,0.06882776975000947,Low
4475-NVTLU,Two year,45,19.2,No,0.06874300619239235,Low
6701-DHKWQ,Two year,61,51.35,DSL,0.06873980346099025,Low
3796-ENZGF,Two year,63,67.25,DSL,0.06872435550421983,Low
8645-KOMJQ,Two year,69,81.95,DSL,0.06868826009264264,Low
1266-NZYUI,Two year,72,66.85,DSL,0.06852255311581815,Low
1293-HHSHJ,One year,35,21.1,No,0.06851514395518493,Low
7018-FPXHH,Two year,56,59.8,DSL,0.0684860183722029,Low
5057-RKGLH,Two year,9,20.35,No,0.06835842225568566,Low
2812-REYAT,One year,49,20.05,No,0.06825225070370163,Low
0214-JHPFW,Two year,70,57.8,DSL,0.06814464352204043,Low
5583-EJXRD,Two year,44,54.05,DSL,0.06806846944952401,Low
4121-AGSIN,One year,58,24.5,No,0.06799378830890958,Low
3129-AAQOU,Two year,19,25.6,No,0.06796638413637593,Low
5736-YEJAX,Two year,69,79.45,DSL,0.06795042421024083,Low
0266-GMEAO,Two year,72,114.3,Fiber optic,0.06794067971119305,Low
8098-TDCBU,Two year,42,25.25,No,0.06792353338719827,Low
2616-FLVQC,Two year,64,19.55,No,0.06792032489303182,Low
6051-PTVNS,One year,55,19.15,No,0.06774359701086752,Low
0379-DJQHR,Two year,67,81.35,DSL,0.06771476536406017,Low
3108-PCCGG,Two year,72,84.45,DSL,0.06757819105267507,Low
9639-BUJXT,One year,63,20.5,No,0.0675773090667978,Low
0078-XZMHT,Two year,72,85.15,DSL,0.06755604505631232,Low
8464-EETCQ,Two year,57,18.8,No,0.06754729370061742,Low
5201-CBWYG,One year,62,24.8,No,0.06748475706859049,Low
7399-QHBJS,Two year,72,66.75,DSL,0.06747916833447916,Low
0674-GCDXG,Two year,63,71.9,DSL,0.0674628515561063,Low
2126-GSEGL,Two year,70,84.8,DSL,0.06733383048080817,Low
8670-MEFCP,Two year,36,92.9,DSL,0.06730818693879781,Low
5177-RVZNU,One year,37,20.3,No,0.06722747430989179,Low
4194-FJARJ,Two year,54,60.0,DSL,0.06722076105967054,Low
8590-YFFQO,Two year,70,64.95,DSL,0.067132241470823,Low
1231-YNDEK,Two year,58,19.15,No,0.06695301646259293,Low
6199-IPCAO,Two year,29,26.1,No,0.06694829898722583,Low
9227-YBAXE,Two year,65,82.5,DSL,0.06694203227724341,Low
5406-KGRMX,Two year,71,24.55,No,0.06677712031755943,Low
9499-XPZXM,Two year,72,64.75,DSL,0.06676901668578158,Low
5469-NUJUR,Two year,19,19.95,No,0.06675161675448942,Low
4381-MHQDC,Two year,47,65.0,DSL,0.06674296590520086,Low
8779-YIQQA,One year,21,19.8,No,0.06672165923957311,Low
3166-PNEOF,Two year,61,86.45,DSL,0.06657330166157546,Low
0114-IGABW,Two year,71,58.25,DSL,0.06636503851098126,Low
4312-GVYNH,Two year,70,49.85,DSL,0.06632706658027186,Low
3178-CIFOT,One year,23,19.65,No,0.0663077078821952,Low
0270-THENM,Two year,72,69.85,DSL,0.06629147846012534,Low
3557-HTYWR,Two year,47,74.05,DSL,0.06627250356885724,Low
9565-FLVCG,Two year,65,69.55,DSL,0.06624720893639297,Low
7369-TRPFD,One year,19,18.8,No,0.06622642380667307,Low
6828-HMKWP,Two year,12,21.05,No,0.0662222529505606,Low
0224-NIJLP,Two year,8,20.15,No,0.06601843567991057,Low
7963-SHNDT,Two year,52,39.1,DSL,0.06598623387830575,Low
3653-NCRDJ,One year,43,19.2,No,0.06589769234334505,Low
5394-MEITZ,Two year,60,80.6,DSL,0.065889915821321,Low
6061-PQHMK,One year,25,19.9,No,0.0658013555805847,Low
4707-YNOQA,One year,34,25.6,No,0.06571650747331817,Low
8969-PRHFK,One year,18,19.65,No,0.06571600645426291,Low
4644-OBGFZ,One year,55,19.5,No,0.06570980577222478,Low
9739-JLPQJ,Two year,72,117.5,Fiber optic,0.06567608417805292,Low
3913-FCUUW,Two year,72,70.45,DSL,0.06561675846784293,Low
2954-PIBKO,Two year,69,64.15,DSL,0.06561501240686189,Low
4299-OPXEJ,Two year,56,19.55,No,0.06551850811895031,Low
5751-USDBL,Two year,46,81.0,DSL,0.06548746071840254,Low
3594-BDSOA,One year,24,20.4,No,0.06542081447933003,Low
8277-RVRSV,One year,33,24.15,No,0.06540380170109357,Low
1439-LCGVL,One year,26,19.2,No,0.06534611743882617,Low
4703-MQYKT,Two year,21,19.6,No,0.06501035532807946,Low
0945-TSONX,Two year,47,85.3,DSL,0.06498391605279055,Low
3654-ARMGP,Two year,61,88.65,DSL,0.06481374860494789,Low
3935-TBRZZ,One year,44,25.7,No,0.06472198047637447,Low
7860-UXCRM,Two year,63,74.5,DSL,0.06470468688494187,Low
4940-KHCWD,Two year,60,37.7,DSL,0.06467213701664487,Low
9732-OUYRN,One year,49,19.0,No,0.06465938286289344,Low
5914-GXMDA,One year,32,19.3,No,0.06464027411035773,Low
8143-ETQTI,Two year,23,19.65,No,0.06451587886872677,Low
8191-XWSZG,One year,52,20.65,No,0.06440150684714957,Low
1699-TLDLZ,Two year,16,19.7,No,0.0643531845458593,Low
1089-XZWHH,Two year,24,19.7,No,0.06434953914930747,Low
7244-KXYZN,One year,24,20.45,No,0.06426815297599665,Low
6169-PGNCD,Two year,57,74.3,DSL,0.06414814921705153,Low
8194-PEEBY,One year,24,19.9,No,0.06403635750558408,Low
4526-EXKKN,Two year,40,24.6,No,0.06403486230011725,Low
6518-PPLMZ,Two year,53,19.4,No,0.06400575405296823,Low
0675-NCDYU,Two year,72,116.4,Fiber optic,0.06397663065651486,Low
0017-IUDMW,Two year,72,116.8,Fiber optic,0.06397663065651486,Low
0559-CKHUS,Two year,29,19.55,No,0.06370492239881655,Low
8060-HIWJJ,Two year,64,86.55,DSL,0.06361337802563247,Low
0428-AXXLJ,One year,25,19.5,No,0.06357473557660777,Low
1085-LDWAM,One year,69,20.35,No,0.06344966918371672,Low
3721-WKIIL,Two year,27,19.6,No,0.0633814980519327,Low
5816-JMLGY,Two year,70,80.4,DSL,0.0633423299231908,Low
8859-YSTWS,One year,48,19.95,No,0.06330910160747383,Low
3727-OVPRY,One year,66,25.7,No,0.06328372291466126,Low
1599-EAHXY,One year,60,23.95,No,0.06328346773602249,Low
1930-BZLHI,One year,21,20.35,No,0.06307589120777399,Low
7233-PAHHL,Two year,66,84.0,DSL,0.06305547116375321,Low
0556-FJEGU,Two year,58,70.1,DSL,0.06303293285135783,Low
1116-FRYVH,Two year,48,39.4,DSL,0.06297284159116105,Low
2885-HIJDH,Two year,69,86.9,DSL,0.06295728227189988,Low
7401-JIXNM,Two year,54,91.3,DSL,0.0629540437984692,Low
2211-RMNHO,Two year,68,85.3,DSL,0.06292797454444922,Low
0269-XFESX,One year,23,24.35,No,0.06283962352097705,Low
2650-GYRYL,One year,33,19.45,No,0.06282830631231598,Low
6253-GNHWH,Two year,71,71.1,DSL,0.06281895224990902,Low
6288-CHQJB,Two year,54,69.95,DSL,0.06273893420069776,Low
0019-GFNTW,Two year,56,45.05,DSL,0.06261388299211605,Low
5862-BRIXZ,Two year,46,60.75,DSL,0.06248248995351401,Low
0621-CXBKL,Two year,53,18.7,No,0.062343519310944596,Low
7139-JZFVG,Two year,60,60.5,DSL,0.062281288213298015,Low
2819-GWENI,One year,28,19.9,No,0.06226849946971771,Low
9178-JHUVJ,Two year,24,24.1,No,0.06224390339936569,Low
9170-ARBTB,One year,52,19.6,No,0.06223501629081531,Low
3911-RSNHI,Two year,71,61.4,DSL,0.06223344854562953,Low
7162-WPHPM,Two year,58,71.6,DSL,0.062218749508468,Low
5472-CVMDX,Two year,68,38.9,DSL,0.06209020126504512,Low
3976-HXHCE,Two year,72,19.3,No,0.06201221824915801,Low
6549-BTYPG,Two year,60,60.8,DSL,0.06195566668719634,Low
8510-BBWMU,One year,41,19.75,No,0.061954335608729656,Low
0621-TSSMU,One year,56,19.95,No,0.061922336324806426,Low
3902-MIVLE,Two year,63,75.7,DSL,0.06189739236313732,Low
9477-LGWQI,Two year,70,80.15,DSL,0.06183602689749672,Low
8295-KMENE,Two year,59,76.45,DSL,0.06173368524564797,Low
6374-AFWOX,Two year,46,65.65,DSL,0.06169901048485146,Low
9424-CMPOG,Two year,9,19.6,No,0.061667728106425956,Low
0839-QNXME,Two year,30,19.4,No,0.06164219725482635,Low
5730-DBDSI,Two year,66,19.7,No,0.06163701211635734,Low
8884-FEEWR,One year,35,20.6,No,0.06163311688963291,Low
7632-YUTXB,One year,25,20.05,No,0.06156710882276693,Low
1241-FPMOF,Two year,52,19.65,No,0.06149896515669777,Low
3795-GWTRD,Two year,63,75.55,DSL,0.06148854248169532,Low
3719-TDVQB,Two year,54,18.95,No,0.061375356294748426,Low
3050-RLLXC,Two year,56,81.25,DSL,0.0613604828714381,Low
3948-KXDUF,Two year,66,68.75,DSL,0.061334895921249764,Low
5876-QMYLD,One year,23,20.05,No,0.061225307422842226,Low
7977-HXJKU,Two year,21,19.6,No,0.06120623878817191,Low
9795-SHUHB,Two year,66,58.2,DSL,0.06118197837284656,Low
7427-AUFPY,Two year,54,19.65,No,0.06118181986361829,Low
7609-YBPXG,Two year,54,87.1,DSL,0.06115831322154051,Low
6072-NUQCB,One year,22,20.25,No,0.061148193688688623,Low
0562-FGDCR,Two year,72,74.55,DSL,0.06114563687681347,Low
7328-OWMOM,One year,31,20.1,No,0.06090700498271694,Low
3813-DHBBB,Two year,67,50.95,DSL,0.06088449740823179,Low
1568-BEKZM,Two year,70,90.05,DSL,0.06087250192270092,Low
9500-WBGRP,Two year,69,19.1,No,0.06077460864977703,Low
7639-OPLNG,Two year,70,79.25,DSL,0.06076288500171349,Low
3521-HTQTV,Two year,34,26.1,No,0.060759957280854544,Low
7301-ABVAD,Two year,72,86.6,DSL,0.060665843181824095,Low
9091-WTUUY,Two year,64,69.25,DSL,0.06065730373183406,Low
4092-OFQZS,One year,20,20.65,No,0.06063506524544195,Low
6631-HMANX,Two year,72,85.45,DSL,0.06062085804199652,Low
9668-PUGNU,Two year,71,24.5,No,0.060581983415299745,Low
0336-PIKEI,Two year,72,74.4,DSL,0.06057411868387953,Low
8336-TAVKX,Two year,72,78.45,DSL,0.06051285793741316,Low
1328-EUZHC,Two year,18,20.1,No,0.06042534577274199,Low
2150-OEGBV,One year,27,20.1,No,0.060351871940425725,Low
8766-PAFNE,Two year,71,79.1,DSL,0.06021801586353791,Low
1221-GHZEP,Two year,62,65.1,DSL,0.060207725168028796,Low
9339-FIIJL,Two year,72,85.95,DSL,0.06019687747936103,Low
8990-YOZLV,Two year,69,66.9,DSL,0.06007768631941269,Low
3125-RAHBV,One year,22,20.3,No,0.060023060027387276,Low
6188-UXBBR,One year,38,20.25,No,0.059964722472704964,Low
6203-HBZPA,Two year,52,63.9,DSL,0.059890013895437244,Low
2990-OGYTD,Two year,67,86.15,DSL,0.059820239528169,Low
4487-ZYJZK,One year,38,19.6,No,0.05980245968741724,Low
3712-PKXZA,One year,61,20.55,No,0.059801646331225214,Low
2821-WARNZ,One year,49,19.45,No,0.05980040854247072,Low
0562-KBDVM,Two year,70,44.6,DSL,0.05976356115959876,Low
5803-NQJZO,Two year,72,67.8,DSL,0.05965360560497043,Low
0229-LFJAF,Two year,72,69.65,DSL,0.05962381899246084,Low
6292-TOSSS,Two year,50,24.9,No,0.0595971372583251,Low
1627-AFWVJ,Two year,29,19.4,No,0.059505799070583516,Low
9993-LHIEB,Two year,67,67.85,DSL,0.05949575794760062,Low
6925-BAYGL,Two year,53,25.1,No,0.059474232249653154,Low
2805-AUFQN,Two year,25,19.8,No,0.059295681450280524,Low
2892-GESUL,Two year,18,19.35,No,0.05923857206217167,Low
0486-LGCCH,Two year,11,19.65,No,0.05917688170157844,Low
0071-NDAFP,Two year,25,25.5,No,0.059115618163339684,Low
7306-YDSOI,Two year,69,59.75,DSL,0.05911043392666598,Low
3572-UUHRS,One year,45,18.85,No,0.059043278740711025,Low
8619-IJNDK,Two year,71,64.05,DSL,0.05892796087127757,Low
8234-GSZYK,Two year,43,26.45,No,0.05891919487414582,Low
1635-HDGFT,Two year,19,20.5,No,0.05889007896364507,Low
2075-PUEPR,Two year,55,19.35,No,0.05888892239431865,Low
3389-KTRXV,Two year,23,23.85,No,0.05885488838716319,Low
3778-FOAQW,One year,24,20.15,No,0.05875624016973736,Low
6080-LNESI,Two year,51,24.75,No,0.05873331230937162,Low
8316-BBQAY,Two year,65,59.95,DSL,0.058523108750501,Low
1403-LKLIK,One year,33,20.1,No,0.05847739262275714,Low
5627-TVBPP,One year,35,20.1,No,0.0584221949296645,Low
7473-ZBDSN,Two year,14,18.8,No,0.05824814938482177,Low
6732-VAILE,Two year,70,85.95,DSL,0.058201786961044145,Low
8717-VCTXJ,One year,42,19.55,No,0.05819781884443213,Low
5095-ETBRJ,Two year,55,56.8,DSL,0.05818820424334641,Low
3638-VBZTA,Two year,68,86.5,DSL,0.05804882463219903,Low
4254-QPEDE,Two year,52,66.25,DSL,0.057949574168481705,Low
2160-GPFXD,Two year,54,65.65,DSL,0.05786642645065488,Low
4102-HLENU,Two year,67,65.65,DSL,0.05778785303606525,Low
0042-JVWOJ,One year,26,19.6,No,0.05764280098956465,Low
6527-PZFPV,One year,24,20.8,No,0.05757952626452427,Low
5320-BRKGK,Two year,58,75.8,DSL,0.057549760178217335,Low
5249-QYHEX,Two year,40,24.8,No,0.05754411210246786,Low
8174-LNWMW,Two year,31,20.9,No,0.057395794070437274,Low
0854-UYHZD,Two year,13,19.55,No,0.05724438343338316,Low
9507-HSMMZ,Two year,54,20.0,No,0.05707642656704969,Low
4636-TVXVG,One year,62,19.95,No,0.05705328317283116,Low
2882-WDTBA,Two year,69,75.75,DSL,0.05701779446953591,Low
3563-SVYLG,Two year,68,62.65,DSL,0.05694739430915301,Low
6384-VMJHP,Two year,72,73.0,DSL,0.0569313037547897,Low
3785-KTYSH,Two year,53,24.6,No,0.05688373513227718,Low
2176-OSJUV,Two year,71,65.15,DSL,0.056788664514659346,Low
5924-SNGKP,One year,41,20.25,No,0.05670613719439201,Low
8780-YRMTT,Two year,66,47.4,DSL,0.05669484112092892,Low
8590-OHDIW,One year,38,20.3,No,0.05655911169288474,Low
9286-BHDQG,Two year,72,45.25,DSL,0.056534153848844707,Low
2252-NKNSI,Two year,52,85.15,DSL,0.05652740043918187,Low
5986-WWXDV,One year,39,19.35,No,0.05651075649108987,Low
4716-MRVEN,One year,29,20.0,No,0.05646113122979006,Low
1998-VHJHK,One year,27,19.15,No,0.056421546048397185,Low
8148-NLEGT,Two year,42,22.95,No,0.05640605448762396,Low
4521-WFJAI,Two year,56,25.95,No,0.056404969495825,Low
3486-NPGST,One year,36,19.55,No,0.05640298971534619,Low
2253-KPMNB,Two year,69,46.25,DSL,0.056348997598578025,Low
1686-STUHN,One year,42,19.8,No,0.05634682736211541,Low
4990-ALDGW,Two year,57,20.75,No,0.056338186380977526,Low
5847-MXBEO,One year,22,20.3,No,0.05631137861078219,Low
1872-EBWSC,One year,29,20.35,No,0.05621166646134248,Low
5266-PFRQK,One year,52,20.85,No,0.05614206596197997,Low
6407-GSJNL,Two year,51,24.95,No,0.05611176738291712,Low
0531-XBKMM,Two year,66,65.7,DSL,0.05609974523294709,Low
3486-HOOGQ,Two year,70,79.7,DSL,0.05608319887986292,Low
7599-NTMDP,Two year,62,48.7,DSL,0.0559761511577723,Low
4955-VCWBI,One year,43,20.0,No,0.055875496367366016,Low
9509-MPYOD,One year,35,20.75,No,0.055782747922628446,Low
8022-BECSI,One year,22,19.6,No,0.055736271937714764,Low
6963-EZQEE,Two year,70,88.55,DSL,0.05567689652144936,Low
9348-ROUAI,Two year,59,90.3,DSL,0.05565823590780325,Low
7560-QJAVJ,Two year,70,79.6,DSL,0.05563427369440909,Low
4825-FUREZ,Two year,42,20.25,No,0.05548099694857823,Low
5622-UEJFI,Two year,35,25.4,No,0.05545972649397168,Low
9764-REAFF,Two year,59,18.4,No,0.05542166906908085,Low
5003-XZWWO,Two year,71,84.2,DSL,0.055394192736408596,Low
8514-VZHEB,Two year,59,19.5,No,0.05535089070390686,Low
5995-LFTLE,Two year,58,25.3,No,0.05530679214561515,Low
3978-YNKDD,Two year,19,20.85,No,0.05521189765604409,Low
9602-WCXPI,One year,50,20.15,No,0.05520372889404797,Low
8882-TLVRW,Two year,69,39.1,DSL,0.05519554378599525,Low
6695-FRVEC,Two year,67,60.4,DSL,0.055184359016776534,Low
9140-CZQZZ,Two year,68,79.6,DSL,0.05516674985458385,Low
1084-MNSMJ,Two year,51,85.5,DSL,0.05516485595784049,Low
6016-NXBNJ,One year,35,19.15,No,0.05511397934356225,Low
1722-LDZJS,One year,53,20.2,No,0.05507601114164103,Low
7190-XHTWJ,One year,38,19.3,No,0.05501713392557665,Low
5380-XPJNZ,One year,38,20.05,No,0.05487742348362856,Low
6283-GITPX,Two year,71,76.9,DSL,0.054869560863155385,Low
5197-LQXXH,Two year,71,83.3,DSL,0.054797406262052845,Low
7596-IIWYC,Two year,27,20.25,No,0.05474925675598696,Low
9795-NREXC,Two year,64,85.0,DSL,0.05470861072440682,Low
3079-BCHLN,One year,47,19.9,No,0.054706550986818196,Low
2274-XUATA,Two year,72,63.1,DSL,0.054581405254366056,Low
7274-CGTOD,Two year,62,43.7,DSL,0.05450661900058138,Low
0780-XNZFN,Two year,57,20.65,No,0.05428090390230168,Low
7305-ZWMAJ,One year,30,20.7,No,0.0542774499090494,Low
5208-FVQKB,Two year,70,67.95,DSL,0.05423901746370657,Low
9084-OAYKL,Two year,58,20.8,No,0.0542358296897385,Low
8067-NIOYM,Two year,24,21.1,No,0.054153184197923365,Low
0909-SELIE,Two year,61,80.8,DSL,0.05397754821266978,Low
3970-XGJDU,Two year,62,19.2,No,0.05394162593525055,Low
3308-DGHKL,Two year,69,19.3,No,0.05390445568113248,Low
6223-DHJGV,One year,42,20.65,No,0.053865955104055674,Low
3400-ESFUW,Two year,55,57.55,DSL,0.05381187603604667,Low
4334-HOWRP,Two year,72,64.95,DSL,0.05371052855121628,Low
7560-QRBXH,One year,48,19.95,No,0.05362629154047462,Low
2987-BJXIK,Two year,70,84.7,DSL,0.05360643436701874,Low
7242-EDTYC,Two year,44,19.55,No,0.05354468528019468,Low
2234-EOFPT,Two year,72,79.35,DSL,0.05351083070000495,Low
6087-YPWHO,Two year,72,68.15,DSL,0.05349031209729312,Low
1265-ZFOSD,Two year,64,81.3,DSL,0.053487501888630835,Low
6418-PIQSP,Two year,62,81.0,DSL,0.05347899599254262,Low
5456-ITGIC,Two year,72,64.45,DSL,0.053452521544695986,Low
4872-JCVCA,Two year,71,47.6,DSL,0.05338908493636549,Low
9631-RXVJM,Two year,35,19.25,No,0.05337533028201675,Low
7601-DHFWZ,Two year,48,24.0,No,0.05330437273537246,Low
7164-BPTUT,Two year,57,89.55,DSL,0.05327783680623529,Low
8374-UULRV,Two year,72,86.05,DSL,0.053246355115832526,Low
2000-DHJUY,Two year,70,92.2,DSL,0.053039644200039156,Low
3498-LZGQZ,Two year,63,19.15,No,0.05303934259733126,Low
7114-AEOZE,Two year,60,19.85,No,0.05300435901167529,Low
2176-LVPNX,Two year,71,89.85,DSL,0.05299175603880394,Low
2404-JIBFC,Two year,55,85.1,DSL,0.05297554265051621,Low
6100-FJZDG,One year,26,20.05,No,0.05296539674612746,Low
6479-OAUSD,One year,25,19.9,No,0.05295753620760346,Low
2266-FUBDZ,Two year,15,19.35,No,0.05280331403875099,Low
7596-ZYWBB,Two year,65,59.6,DSL,0.05265547758989242,Low
4782-OSFXZ,Two year,71,82.7,DSL,0.052403026020011186,Low
1843-TLSGD,Two year,13,20.85,No,0.05231856756562774,Low
8039-EQPIM,Two year,69,60.25,DSL,0.05231123293328517,Low
1970-KKFWL,Two year,35,23.3,No,0.05226258966178425,Low
4891-NLUBA,Two year,61,61.45,DSL,0.052249671281639445,Low
0436-TWFFZ,Two year,67,85.25,DSL,0.05207400536937027,Low
4335-UPJSI,Two year,24,19.75,No,0.05207207584839964,Low
0383-CLDDA,Two year,69,85.35,DSL,0.0517927585649204,Low
6248-BSHKG,One year,61,20.4,No,0.051745340762577904,Low
5296-PSYVW,Two year,72,24.55,No,0.05172362387337103,Low
8857-CUPFQ,Two year,63,19.25,No,0.05161090533809377,Low
4698-KVLLG,Two year,51,19.6,No,0.05155734820550247,Low
8249-THVEC,One year,51,19.4,No,0.051507030735046054,Low
5893-KCLGT,Two year,72,19.75,No,0.05147503724776057,Low
9661-JALZV,Two year,58,24.7,No,0.05145842762033671,Low
5010-IPEAQ,Two year,67,54.2,DSL,0.051249935972454815,Low
8626-PTQGE,Two year,69,60.05,DSL,0.05117189783599139,Low
1401-FTHFQ,One year,23,20.0,No,0.05117094983128401,Low
8204-YJCLA,Two year,72,64.8,DSL,0.05111526122463564,Low
2817-LVCPP,Two year,50,19.4,No,0.05111523575068497,Low
3458-IDMFK,Two year,25,20.75,No,0.05104630416789498,Low
3523-BRGUW,One year,26,19.3,No,0.051034169850757045,Low
8512-WIWYV,One year,32,20.35,No,0.050923930152052974,Low
8174-TBVCF,Two year,70,94.8,DSL,0.05091900595551656,Low
5917-RYRMG,One year,32,19.8,No,0.050915331310658785,Low
3764-MNMOI,Two year,46,19.2,No,0.05085908144036959,Low
0206-OYVOC,Two year,46,19.25,No,0.0508514931498688,Low
9347-AERRL,One year,23,19.3,No,0.05079488117037462,Low
3429-IFLEM,Two year,71,77.35,DSL,0.05079209961082316,Low
4335-BSMJS,Two year,62,25.8,No,0.05073800391168595,Low
3985-HOYPM,One year,26,19.4,No,0.0507036266745024,Low
3230-IUALN,Two year,45,81.0,DSL,0.05067722805984744,Low
7996-MHXLW,Two year,66,25.15,No,0.05063376940291081,Low
2263-SFSQZ,Two year,51,24.95,No,0.05060518320724667,Low
9372-TXXPS,Two year,60,59.85,DSL,0.05053722905947626,Low
2829-HYVZP,One year,29,19.8,No,0.05050830694284411,Low
1985-MBRYP,Two year,43,19.65,No,0.05049955724457275,Low
7026-YMSBE,One year,30,19.7,No,0.05041631625234682,Low
8219-VYBVI,Two year,39,25.0,No,0.05039124730224874,Low
1814-WFGVS,Two year,72,48.9,DSL,0.050355244521094154,Low
1955-IBMMB,Two year,59,20.2,No,0.05024331889145466,Low
8626-XHBIE,Two year,56,24.8,No,0.04994312703859873,Low
0827-ITJPH,Two year,36,18.55,No,0.04990253351785178,Low
6813-GZQCG,Two year,45,24.65,No,0.04981112716601231,Low
5457-COLHT,Two year,69,80.65,DSL,0.04976658961317692,Low
5915-ANOEI,Two year,70,79.15,DSL,0.04973980400029116,Low
3212-KXOCR,Two year,52,21.0,No,0.04966464660093946,Low
5519-TEEUH,One year,33,20.15,No,0.04959070105614377,Low
1047-RNXZV,Two year,43,19.55,No,0.049487738128858434,Low
5707-ZMDJP,Two year,53,69.7,DSL,0.049405882314686365,Low
3889-VWBID,Two year,68,82.85,DSL,0.04926831279814395,Low
9503-XJUME,One year,52,19.65,No,0.04912510818299838,Low
6349-JDHQP,Two year,53,19.85,No,0.04908780003167218,Low
5214-CHIWJ,One year,27,20.3,No,0.0490795381502301,Low
9534-NSXEM,One year,26,20.65,No,0.049022332754729066,Low
2228-BZDEE,Two year,54,20.1,No,0.04898684765941512,Low
5774-QPLTF,One year,50,20.35,No,0.04896115023911394,Low
9224-VTYID,Two year,47,90.5,DSL,0.04894863468818045,Low
5334-AFQJB,Two year,72,25.1,No,0.0489464637884875,Low
8327-WKMIE,One year,37,20.15,No,0.04892331164486817,Low
8999-EXMNO,Two year,19,20.15,No,0.048896955946173784,Low
2428-HYUNX,Two year,44,19.35,No,0.04882792785440599,Low
9385-NXKDA,Two year,72,82.65,DSL,0.048781003346500394,Low
8873-TMKGR,One year,29,19.1,No,0.04874128832548004,Low
6823-SIDFQ,One year,28,18.25,No,0.048652295726571836,Low
0885-HMGPY,Two year,62,69.4,DSL,0.04864234967058423,Low
7167-PCEYD,Two year,67,19.8,No,0.04861673740690397,Low
4006-HKYHO,Two year,63,86.7,DSL,0.048602872838888006,Low
6164-HAQTX,Two year,71,53.95,DSL,0.04858025808381865,Low
7216-KAOID,One year,41,19.5,No,0.04856562181067992,Low
9479-HYNYL,Two year,71,80.7,DSL,0.048554358922915736,Low
7722-VJRQD,Two year,72,60.95,DSL,0.04849480920963608,Low
0463-TXOAK,Two year,52,25.6,No,0.048435161056164994,Low
5930-GBIWP,Two year,69,81.5,DSL,0.04838915665865547,Low
0902-RFHOF,One year,38,20.1,No,0.04838269304991979,Low
6916-HIJSE,Two year,65,84.85,DSL,0.04836599667218943,Low
6139-ZZRBQ,Two year,64,20.05,No,0.048142660618916276,Low
2525-GVKQU,Two year,60,20.6,No,0.04811109134204073,Low
0613-WUXUM,Two year,70,19.2,No,0.04805613367743625,Low
0219-QAERP,One year,30,19.8,No,0.04803390533735873,Low
9110-HSGTV,Two year,69,82.45,DSL,0.04800500712057136,Low
5148-ORICT,Two year,64,74.35,DSL,0.04798933439976218,Low
1682-VCOIO,One year,23,20.45,No,0.04798457811467916,Low
2235-EZAIK,Two year,72,79.2,DSL,0.0479636501911745,Low
5656-JAMLX,Two year,62,19.85,No,0.04791314199152455,Low
3460-TJBWI,Two year,24,24.2,No,0.0478964924222535,Low
6772-WFQRD,One year,40,20.4,No,0.0477520154759924,Low
9824-QCJPK,One year,36,20.0,No,0.0477041552400049,Low
2122-SZZZD,One year,44,19.5,No,0.047669386454296976,Low
8292-ITGYJ,Two year,45,24.65,No,0.047576346071983,Low
7416-CKTEP,Two year,57,19.6,No,0.04752963543484962,Low
9385-EHGDO,Two year,35,19.85,No,0.047473158009146095,Low
5317-FLPJF,Two year,66,61.35,DSL,0.04737499354566021,Low
9565-AXSMR,Two year,52,19.2,No,0.047289065130032074,Low
6585-WCEWR,Two year,72,20.35,No,0.04720156915745599,Low
0847-HGRML,Two year,62,20.0,No,0.047157143693211986,Low
4795-UXVCJ,One year,26,19.8,No,0.04712124515721895,Low
1459-QNFQT,Two year,70,59.5,DSL,0.04710499213036032,Low
8181-YHCMF,Two year,68,60.3,DSL,0.04703221534712416,Low
5442-PPTJY,Two year,12,19.7,No,0.046979722663340266,Low
3662-FXJFO,Two year,54,20.5,No,0.046951294812152336,Low
9548-LIGTA,Two year,61,81.05,DSL,0.04694944283399819,Low
3938-YFPXD,Two year,72,84.3,DSL,0.046903416608094266,Low
3507-GASNP,Two year,60,19.95,No,0.046892706325891605,Low
6855-VLGOS,Two year,72,20.55,No,0.046838516902494416,Low
6696-YDAYZ,Two year,16,20.5,No,0.046539821536282604,Low
1837-YQUCE,Two year,70,58.35,DSL,0.0465373084717201,Low
3544-FBCAS,Two year,72,83.6,DSL,0.04652645825135967,Low
2908-WGAXL,Two year,56,24.95,No,0.04651424140205415,Low
1755-FZQEC,One year,39,19.9,No,0.046493304339400555,Low
0361-HJRDX,Two year,68,64.35,DSL,0.04643052163960439,Low
0732-OCQOC,Two year,52,25.05,No,0.046225594757752946,Low
7945-PRBVF,Two year,35,21.45,No,0.04620017346029403,Low
6656-GULJQ,Two year,72,83.55,DSL,0.04617550678854574,Low
7109-CQYUZ,Two year,52,89.25,DSL,0.046124879561111436,Low
3227-WLKLI,Two year,65,91.55,DSL,0.04609027186967207,Low
4302-ZYFEL,One year,69,20.55,No,0.046054673908845635,Low
0129-QMPDR,One year,44,20.5,No,0.046000611319651906,Low
8747-UDCOI,Two year,65,19.35,No,0.045991504935648485,Low
9888-ZCUMM,Two year,64,60.05,DSL,0.045900438353698295,Low
2481-SBOYW,Two year,61,25.0,No,0.04580173121316722,Low
5356-KZCKT,Two year,58,24.45,No,0.045793075485607126,Low
5871-DGTXZ,One year,32,19.8,No,0.04579010445904474,Low
9620-QJREV,One year,47,20.55,No,0.04576656575530329,Low
8807-OPMBM,Two year,55,25.65,No,0.04576052069372406,Low
1676-MQAOA,Two year,72,75.1,DSL,0.04573109021299185,Low
9805-FILKB,One year,46,20.2,No,0.04556049187583449,Low
4641-FROLU,Two year,30,19.3,No,0.04554776756163908,Low
4632-PAOYU,One year,22,19.95,No,0.045546381619808514,Low
9504-YAZWB,Two year,53,20.25,No,0.04550778712693568,Low
3280-NMUVX,One year,34,19.6,No,0.0454946118768716,Low
0362-RAOQO,Two year,40,19.65,No,0.04547712694201072,Low
5799-JRCZO,Two year,63,19.5,No,0.045309195695731545,Low
4458-KVRBJ,Two year,59,25.0,No,0.04525433206994148,Low
1395-WSWXR,Two year,24,20.75,No,0.0452390390349845,Low
5146-YYFRZ,Two year,67,19.95,No,0.045183057513235196,Low
7131-ZQZNK,Two year,60,59.85,DSL,0.045173070018491385,Low
7113-HIPFI,Two year,66,65.85,DSL,0.04514903859613193,Low
3720-DBRWL,Two year,51,83.85,DSL,0.04514045176225123,Low
7941-RCJOW,Two year,65,19.55,No,0.045123766770397436,Low
5699-BNCAS,Two year,71,24.65,No,0.04503254657642275,Low
3982-JGSFD,One year,36,20.35,No,0.04500486527453233,Low
7975-JMZNT,Two year,66,91.7,DSL,0.04497378238341949,Low
2452-MRMZF,Two year,72,25.7,No,0.04493892379825137,Low
0230-WEQUW,Two year,66,56.6,DSL,0.0448976894913245,Low
6418-HNFED,Two year,51,83.25,DSL,0.044883783145695834,Low
8755-OGKNA,Two year,57,19.5,No,0.044831990172151344,Low
5474-LAMUQ,One year,24,20.1,No,0.04476153219142534,Low
4774-HHGGS,Two year,30,19.05,No,0.04467341020276079,Low
2749-CTKAJ,One year,22,20.15,No,0.0446684607192114,Low
0839-JTCUD,Two year,66,89.9,DSL,0.044662402078183075,Low
1945-XISKS,Two year,67,19.65,No,0.04440505144820855,Low
5849-ASHZJ,One year,27,20.05,No,0.04436496005467008,Low
5322-ZSMZY,Two year,31,25.75,No,0.0443114594352369,Low
9646-NMHXE,Two year,47,19.65,No,0.04424726970183557,Low
0336-KXKFK,Two year,72,61.2,DSL,0.04418894526310734,Low
8999-YPYBV,Two year,45,84.35,DSL,0.0441871609755996,Low
3957-SQXML,Two year,34,24.95,No,0.04412055512249213,Low
3284-SVCRO,Two year,45,25.5,No,0.04409274252515082,Low
7503-MIOGA,Two year,72,89.85,DSL,0.04405451265629091,Low
4723-BEGSG,Two year,72,86.65,DSL,0.04401370224835362,Low
6762-QVYJO,Two year,58,59.75,DSL,0.04392718993422255,Low
2251-PYLPB,Two year,72,79.55,DSL,0.04376743084772085,Low
2595-KIWPV,Two year,27,19.7,No,0.04369591438697822,Low
9588-YRFHY,Two year,49,19.9,No,0.04361992121575071,Low
6082-OQFBA,One year,23,19.65,No,0.04350095468142715,Low
3274-NSDWE,Two year,68,19.6,No,0.04341288182381266,Low
7898-PDWQE,Two year,71,80.4,DSL,0.04338529852697264,Low
3120-FAZKD,Two year,54,24.05,No,0.0432242832560238,Low
8701-DGLVH,Two year,51,20.45,No,0.043201435863925684,Low
2977-CEBSX,Two year,66,90.05,DSL,0.04311871099163411,Low
6425-JWTDV,Two year,48,19.25,No,0.04302563686597879,Low
9548-LERKT,Two year,24,19.75,No,0.043007379396667385,Low
8859-AXJZP,Two year,39,23.8,No,0.04283246650005057,Low
8450-LUGUK,Two year,37,24.1,No,0.042708401864388325,Low
8966-SNIZF,Two year,70,19.45,No,0.04269860686815116,Low
5480-XTFFL,Two year,31,21.0,No,0.042505486854756976,Low
8404-VIOMB,Two year,66,62.5,DSL,0.04247895746805929,Low
7508-DQAKK,Two year,64,86.4,DSL,0.042465603551139125,Low
2429-AYKKO,Two year,72,19.85,No,0.042424552579999504,Low
3359-DSRKA,Two year,58,19.85,No,0.04237083873977103,Low
9067-SQTNS,One year,44,20.6,No,0.042337913417667704,Low
0301-KOBTQ,Two year,32,20.05,No,0.04232256908160983,Low
2535-PBCGC,Two year,70,64.55,DSL,0.042312484955230725,Low
9650-VBUOG,Two year,38,25.05,No,0.04227896660077612,Low
4176-RELJR,Two year,67,25.1,No,0.04217806541499014,Low
3219-JQRSL,Two year,72,89.1,DSL,0.0421234202836776,Low
6897-RWMUB,Two year,61,68.05,DSL,0.04206076091544256,Low
1194-BHJYC,Two year,61,62.15,DSL,0.04199404261081867,Low
1240-HCBOH,Two year,67,26.1,No,0.04196719012746829,Low
5171-EPLKN,Two year,27,19.85,No,0.041916404996293455,Low
8859-DZTGQ,Two year,33,20.35,No,0.041739886716923656,Low
5666-MBJPT,Two year,65,25.1,No,0.04169094099265737,Low
1187-WILMM,Two year,63,89.4,DSL,0.041643587606606414,Low
8413-YNHNV,Two year,69,90.65,DSL,0.041619274235563414,Low
5859-HZYLF,Two year,26,19.15,No,0.04150666896523395,Low
7602-DBTOU,Two year,71,19.6,No,0.041451471792875554,Low
2143-LJULT,Two year,67,25.25,No,0.04141667983485586,Low
8966-KZXXA,Two year,36,25.1,No,0.04137837832528219,Low
9801-NOSHQ,One year,23,19.8,No,0.04137369272244359,Low
6961-MJKBO,Two year,47,20.45,No,0.04132483402241659,Low
5231-FIQPA,Two year,41,19.85,No,0.041266720970166995,Low
5567-GZKQY,Two year,58,20.3,No,0.0412364313159507,Low
8173-RXAYP,Two year,24,19.7,No,0.0412161305204354,Low
2961-VNFKL,Two year,71,25.95,No,0.04119979021131444,Low
7729-XBTWX,Two year,66,19.75,No,0.041192082978418226,Low
7647-GYYKX,Two year,54,20.35,No,0.04118191783796025,Low
5248-RPYWW,Two year,72,90.15,DSL,0.04113654284174637,Low
4807-IZYOZ,Two year,51,20.65,No,0.04113074724253369,Low
4079-WWQQQ,Two year,72,65.55,DSL,0.041117942338409985,Low
3910-MRQOY,Two year,72,19.4,No,0.04092335669484964,Low
5346-BZCHP,Two year,69,19.4,No,0.04085951829448973,Low
1399-OUPJN,Two year,57,19.75,No,0.040853166285364555,Low
7552-KEYGT,Two year,27,19.55,No,0.040827237146776885,Low
4962-CHQPW,One year,29,19.85,No,0.04078529119313146,Low
9593-CVZKR,Two year,56,24.45,No,0.04077570354747739,Low
2068-WWXQZ,Two year,46,20.05,No,0.040754512767656376,Low
1657-DYMBM,Two year,53,19.9,No,0.040663576320475604,Low
5044-XDPYX,Two year,51,25.5,No,0.04063989606899339,Low
3279-DYZQM,Two year,71,19.45,No,0.04061352418162146,Low
1270-XKUCC,Two year,30,19.7,No,0.04056137444438219,Low
5598-IKHQQ,Two year,72,25.45,No,0.04054539274297289,Low
7815-PDTHL,Two year,35,20.2,No,0.04052221637999812,Low
7493-GVFIO,Two year,57,20.55,No,0.040463796457778735,Low
8043-PNYSD,Two year,63,19.55,No,0.04042131437842986,Low
8838-GPHZP,Two year,63,20.6,No,0.040405509038807214,Low
2146-EGVDT,Two year,59,19.3,No,0.040381580977507894,Low
4900-MSOMT,Two year,72,80.2,DSL,0.040367010837775004,Low
7293-LSCDV,Two year,60,19.25,No,0.040345668245467835,Low
1098-KFQEC,Two year,55,19.4,No,0.040313410148242176,Low
1269-FOYWN,One year,44,20.0,No,0.040303053910348406,Low
5006-MXVRN,Two year,39,20.7,No,0.04029324805973945,Low
8441-SHIPE,Two year,67,25.6,No,0.040257552998873694,Low
5848-FHRFC,Two year,68,20.05,No,0.04022473793315999,Low
9916-AYHTC,Two year,48,19.85,No,0.040153826413059805,Low
1757-TCATG,One year,35,20.05,No,0.040119119074253626,Low
5787-KXGIY,Two year,72,19.3,No,0.04007312803168019,Low
1027-LKKQQ,Two year,72,80.45,DSL,0.039977177363177414,Low
7321-KKSDU,Two year,32,20.5,No,0.039969702256944226,Low
1619-YWUBB,Two year,68,24.95,No,0.03990103777941961,Low
2384-OVPSA,Two year,38,20.2,No,0.03985539221352704,Low
3148-AOIQT,Two year,69,24.95,No,0.03984198800054014,Low
4361-FEBGN,Two year,48,20.15,No,0.03975892736384589,Low
4012-YCFAI,Two year,60,61.35,DSL,0.03975834048179696,Low
0969-RGKCU,One year,37,19.8,No,0.03974479871360871,Low
8580-QVLOC,Two year,72,92.45,DSL,0.03971989035058425,Low
8544-JNBOX,Two year,72,20.8,No,0.0396860363611721,Low
1073-XXCZD,Two year,55,25.7,No,0.03964589255156429,Low
9065-ZCPQX,Two year,72,78.85,DSL,0.039599258859712,Low
9953-ZMKSM,Two year,63,25.25,No,0.03957781213684864,Low
7998-WNZEM,Two year,71,80.6,DSL,0.039531332339962116,Low
2007-QVGAW,Two year,68,19.35,No,0.03938443755936194,Low
9418-RUKPH,Two year,38,19.95,No,0.03936383359649499,Low
9488-FVZCC,Two year,72,79.5,DSL,0.039285267525016966,Low
0795-XCCTE,Two year,72,25.4,No,0.03926835319445749,Low
9625-RZFUK,Two year,63,19.7,No,0.03920894495710475,Low
6625-FLENO,Two year,58,20.75,No,0.03920868068459723,Low
9337-SRRNI,Two year,66,25.3,No,0.0391687864398433,Low
9392-XBGTD,Two year,27,20.6,No,0.039155453223706095,Low
2097-YVPKN,Two year,65,25.75,No,0.03906898150252533,Low
8361-LBRDI,Two year,58,24.35,No,0.038969083679741716,Low
6115-ZTBFQ,Two year,72,65.5,DSL,0.03894834105197607,Low
8908-NMQTX,Two year,72,65.6,DSL,0.03890605208917352,Low
3472-QPRCH,Two year,40,25.25,No,0.03884234967037868,Low
6484-LATFU,Two year,68,24.55,No,0.03875421258756964,Low
0397-ZXWQF,Two year,67,20.5,No,0.03872457886897589,Low
6265-FRMTQ,Two year,31,20.4,No,0.0387217200674463,Low
8125-QPFJD,Two year,72,84.9,DSL,0.038706095263975095,Low
8577-QSOCG,Two year,38,20.2,No,0.038677336006529,Low
5124-EOGYE,Two year,31,20.45,No,0.03863991983475956,Low
9087-EYCPR,Two year,60,25.0,No,0.03862882109650183,Low
4933-BSAIP,Two year,40,19.1,No,0.03861660932406082,Low
4827-DPADN,Two year,72,83.3,DSL,0.03856375503290797,Low
5093-FEGLU,Two year,47,19.65,No,0.038490882179965935,Low
3146-MSEGF,Two year,72,88.05,DSL,0.03846726261347059,Low
3088-FVYWK,Two year,53,25.55,No,0.038434262806432716,Low
7608-RGIRO,Two year,62,24.4,No,0.03833155437105563,Low
9786-YWNHU,Two year,63,63.55,DSL,0.03832129629481128,Low
2796-NNUFI,Two year,46,19.95,No,0.03821174531898098,Low
2725-TTRIQ,Two year,72,84.2,DSL,0.03819638978324702,Low
1767-CJKBA,Two year,66,25.1,No,0.038191479774539495,Low
2346-CZYIL,Two year,27,20.35,No,0.038177163611682025,Low
5485-ITNPC,Two year,66,85.9,DSL,0.03808527601633151,Low
8146-QQKZH,Two year,71,81.85,DSL,0.03807150026073477,Low
1568-LJSZU,Two year,68,92.2,DSL,0.03802329660945175,Low
0123-CRBRT,Two year,61,88.1,DSL,0.03796597740658662,Low
6563-VRERX,One year,33,20.6,No,0.03789352050964452,Low
3398-GCPMU,Two year,72,89.55,DSL,0.03788663640748863,Low
6614-YOLAC,Two year,71,58.65,DSL,0.03785716768831216,Low
4804-NCPET,Two year,19,20.2,No,0.03784227301058868,Low
2900-PHPLN,Two year,70,19.55,No,0.037819831276840604,Low
3635-QQRQD,Two year,62,20.05,No,0.037725437655992775,Low
5542-NKVRU,Two year,42,20.75,No,0.03770174792365947,Low
7205-BAIAD,Two year,40,20.6,No,0.037686700429347145,Low
2804-ETQDK,Two year,66,20.55,No,0.03762061819977034,Low
0508-SQWPL,Two year,57,20.1,No,0.037554212137733106,Low
9397-TZSHA,Two year,69,24.6,No,0.037551243523938994,Low
0932-YIXYU,Two year,47,20.25,No,0.03743788270680153,Low
7649-SIJJF,Two year,71,80.1,DSL,0.037383677678286896,Low
0774-RMNUW,Two year,71,59.7,DSL,0.03737723273139262,Low
3373-DIUUN,Two year,30,21.25,No,0.03735733384056084,Low
3620-EHIMZ,Two year,52,19.35,No,0.03725750705282989,Low
1705-GUHPV,Two year,63,24.2,No,0.037250309123631024,Low
4896-CPRPF,Two year,35,25.45,No,0.03705619479870309,Low
3070-FNFZQ,Two year,23,20.4,No,0.03699317399136304,Low
9624-EGDEQ,Two year,37,19.8,No,0.0369234252290228,Low
5176-LMJXE,Two year,47,20.55,No,0.036918558966663816,Low
6258-PVZWJ,Two year,68,90.8,DSL,0.036882725280248746,Low
3071-MVJCD,Two year,72,82.3,DSL,0.03688030478323952,Low
9114-DPSIA,Two year,72,81.0,DSL,0.03674461163949096,Low
1080-BWSYE,Two year,64,25.65,No,0.03664609428311774,Low
1635-NZATJ,Two year,71,25.45,No,0.03660764514950936,Low
5821-MMEIL,Two year,57,19.9,No,0.03652820949696811,Low
1223-UNPKS,Two year,20,20.05,No,0.03652632120976341,Low
8922-NPKBJ,Two year,42,19.35,No,0.036501088068125666,Low
3696-DFHHB,Two year,68,25.5,No,0.036456897374731574,Low
8661-BOYNW,Two year,72,84.4,DSL,0.036440304956242925,Low
0386-CWRGM,Two year,46,19.4,No,0.036412057586764614,Low
8218-FFJDS,Two year,72,86.4,DSL,0.036409626107981034,Low
5680-LQOGP,Two year,68,82.45,DSL,0.036395447008093405,Low
5494-WOZRZ,Two year,71,82.0,DSL,0.0363939203966528,Low
4701-LKOZD,Two year,70,89.75,DSL,0.036361247000367636,Low
3454-JFUBC,Two year,68,20.0,No,0.03635165507936836,Low
1897-OKVMW,Two year,64,90.6,DSL,0.03633534341979394,Low
4635-EJYPD,Two year,32,18.95,No,0.03623551872917139,Low
9823-EALYC,Two year,72,80.85,DSL,0.03619944943946335,Low
5982-XMDEX,Two year,65,26.5,No,0.035960933761969745,Low
9972-EWRJS,Two year,67,19.25,No,0.03589427040320438,Low
6134-KWTBV,Two year,62,23.4,No,0.035776965640369154,Low
8347-GDTMP,Two year,64,19.45,No,0.035772734319317843,Low
6848-HJTXY,Two year,64,19.45,No,0.035772734319317843,Low
6582-PLFUU,Two year,51,19.55,No,0.03567585541957723,Low
8917-FAEMR,Two year,37,19.85,No,0.035638093508919465,Low
5968-HYJRZ,Two year,47,24.55,No,0.03558224494620797,Low
3262-EIDHV,Two year,72,84.7,DSL,0.035553682812769084,Low
0442-TDYUO,Two year,48,20.05,No,0.03551448374389039,Low
0016-QLJIS,Two year,65,90.45,DSL,0.035439839099859725,Low
8100-PNJMH,Two year,68,88.85,DSL,0.03527137914298269,Low
2418-TPEUN,Two year,56,19.8,No,0.03521442433606015,Low
5605-XNWEN,Two year,72,25.0,No,0.03521404025503706,Low
1215-EXRMO,Two year,50,20.55,No,0.03520010902389574,Low
1460-UZPRJ,Two year,60,19.95,No,0.0350825539328975,Low
8092-NLTGF,Two year,72,24.75,No,0.03504355564972748,Low
2560-WBWXF,Two year,68,24.15,No,0.035036902538261715,Low
9135-HSWOC,Two year,64,19.7,No,0.034933708011036915,Low
2990-IAJSV,Two year,72,92.0,DSL,0.034926360572573,Low
1834-WULEG,One year,24,20.25,No,0.03491333015966236,Low
6770-UAYGJ,Two year,49,25.25,No,0.03489809517273466,Low
6917-FIJHC,Two year,72,26.0,No,0.03489498453302388,Low
8917-SZTTJ,Two year,60,19.65,No,0.034802194578870266,Low
6725-TPKJO,Two year,44,20.05,No,0.034791160133605684,Low
1934-MKPXS,One year,33,20.1,No,0.03477102615593292,Low
7850-THJMU,Two year,26,19.65,No,0.034725968757272935,Low
3580-GICBM,Two year,61,24.2,No,0.034709115594731235,Low
4018-PPNDW,Two year,61,24.1,No,0.034709115594731235,Low
9173-IVZVP,Two year,53,20.9,No,0.03466501595396782,Low
5743-KHMNA,Two year,71,25.55,No,0.03455677414438449,Low
5115-GZDEL,Two year,72,67.2,DSL,0.03448946003242586,Low
2226-ICFDO,Two year,72,85.9,DSL,0.03446535213870915,Low
8540-ZQGEA,Two year,54,20.05,No,0.03446094891320993,Low
0040-HALCW,Two year,54,20.4,No,0.034323621161891436,Low
5529-GIBVH,Two year,47,20.15,No,0.03426819575293975,Low
3769-MHZNV,Two year,33,20.1,No,0.03425014136571409,Low
8902-ZEOVF,One year,47,20.05,No,0.03423411204899231,Low
4967-WPNCF,Two year,72,63.7,DSL,0.03419322837084294,Low
3777-XROBG,Two year,58,19.55,No,0.03417429060382483,Low
5939-SXWHM,Two year,48,26.3,No,0.034165015118629516,Low
6000-UKLWI,Two year,41,20.15,No,0.03407417546824583,Low
3967-VQOGC,Two year,67,24.9,No,0.03400579386776934,Low
8874-EJNSR,Two year,39,25.2,No,0.0339354855712049,Low
1209-VFFOC,Two year,68,56.4,DSL,0.033922953527231695,Low
2300-RQGOI,Two year,38,20.05,No,0.03391442934672125,Low
5549-ZGHFB,Two year,50,24.95,No,0.033883718892163905,Low
2314-TNDJQ,Two year,72,55.65,DSL,0.03383558745262746,Low
7601-GNDYK,Two year,35,19.6,No,0.03383413138312676,Low
7579-KKLOE,Two year,71,91.25,DSL,0.033787273959658165,Low
1764-VUUMT,Two year,66,19.95,No,0.0336859266485621,Low
6485-QXWWE,Two year,62,26.0,No,0.03366230500775447,Low
2400-FEQME,Two year,55,20.5,No,0.033458822869433094,Low
8690-ZVLCL,Two year,68,88.0,DSL,0.033429779154161426,Low
5360-XGYAZ,Two year,72,65.65,DSL,0.0334158583442175,Low
4625-LAMOB,Two year,44,20.4,No,0.033351115973352496,Low
4609-KNNWG,Two year,27,19.9,No,0.03335058581747735,Low
8380-MQINP,Two year,55,20.3,No,0.03325189567116692,Low
8727-JQFHV,Two year,57,20.75,No,0.03310559048477063,Low
1248-DYXUB,Two year,52,24.8,No,0.033086355018550596,Low
7267-FRMJW,Two year,25,20.1,No,0.033073660886268556,Low
2718-YSKCS,Two year,71,19.6,No,0.03295470740247606,Low
4656-CAURT,Two year,69,23.95,No,0.032914468273521846,Low
8711-LOBKY,Two year,59,19.85,No,0.03289111204401864,Low
7515-LODFU,Two year,69,20.3,No,0.03284292357493317,Low
2984-RGEYA,Two year,69,19.75,No,0.03274830953135824,Low
9365-CSLBQ,Two year,71,24.35,No,0.032738196597933464,Low
9950-MTGYX,Two year,28,20.3,No,0.03264126362148869,Low
0506-YLVKJ,Two year,46,20.2,No,0.032602928751018015,Low
2569-WGERO,Two year,72,21.15,No,0.03254368418591325,Low
0582-AVCLN,Two year,38,20.3,No,0.032534818750007355,Low
0988-AADSA,Two year,72,80.85,DSL,0.03252518171121125,Low
6122-LJADA,Two year,70,90.15,DSL,0.0324875632373418,Low
8129-GMVGI,Two year,56,20.05,No,0.03247536631306555,Low
8957-THMOA,Two year,50,20.15,No,0.03234145448384831,Low
4742-TXUEX,Two year,47,19.3,No,0.03231034847797597,Low
8402-OOOHJ,Two year,41,20.65,No,0.03229855052624415,Low
5296-BFCYD,Two year,46,20.1,No,0.03226449727746334,Low
2511-ALLCS,Two year,35,24.3,No,0.032237791331455705,Low
7606-BPHHN,Two year,72,19.8,No,0.03215791492083532,Low
0825-CPPQH,Two year,71,19.1,No,0.03215317825956342,Low
4518-FZBSX,One year,42,20.25,No,0.032123108068943806,Low
6348-SNFUS,Two year,72,55.45,DSL,0.03205898577850205,Low
0318-ZOPWS,Two year,49,20.15,No,0.032039482443021114,Low
8896-RAZCR,Two year,44,19.9,No,0.03199987257209701,Low
2230-XTUWL,Two year,48,19.55,No,0.0319991283286189,Low
6369-MCAKO,Two year,68,89.05,DSL,0.03191596327669138,Low
2626-VEEWG,Two year,67,19.4,No,0.03186863233692853,Low
5793-YOLJN,Two year,55,21.0,No,0.03183668927087506,Low
0625-AFOHS,Two year,29,20.2,No,0.03182469659562719,Low
3097-FQTVJ,Two year,41,20.0,No,0.031811804687992586,Low
1167-OYZJF,Two year,67,20.05,No,0.03179176256762872,Low
9710-NJERN,Two year,39,20.15,No,0.03174535458419128,Low
4735-BJKOU,Two year,40,20.15,No,0.03174535458419128,Low
3612-YVGSJ,Two year,71,24.45,No,0.031736211281775534,Low
0354-VXMJC,Two year,23,19.6,No,0.031661542012993406,Low
4652-ODEVH,Two year,45,24.45,No,0.0315854413546483,Low
9415-ZNBSX,Two year,70,89.0,DSL,0.031461679718513075,Low
6345-FZOQH,Two year,69,19.9,No,0.03138851746164375,Low
9297-EONCV,Two year,72,91.35,DSL,0.031359198503027735,Low
6614-YWYSC,Two year,61,25.0,No,0.03133130967915759,Low
9585-KKMFD,Two year,41,20.0,No,0.031284049275479175,Low
0769-MURVM,Two year,72,65.7,DSL,0.031235698087413825,Low
0042-RLHYP,Two year,69,19.7,No,0.031229072837535038,Low
7328-ZJAJO,Two year,59,19.5,No,0.031132610648049022,Low
1306-RPWXZ,Two year,49,20.45,No,0.031120880702346938,Low
1839-FBNFR,Two year,39,19.85,No,0.031073101702770303,Low
1106-HRLKZ,Two year,40,19.6,No,0.03106732112817979,Low
2208-NKVVH,Two year,43,24.25,No,0.03106606676246841,Low
6551-VLJMV,Two year,34,20.05,No,0.030924841585579822,Low
5465-BUBFA,Two year,41,19.3,No,0.030856575166644973,Low
9964-WBQDJ,Two year,71,24.4,No,0.030837493458327234,Low
3973-SKMLN,Two year,71,19.9,No,0.03080909197147171,Low
8207-VVMYB,Two year,70,26.0,No,0.03078337121616654,Low
0404-AHASP,Two year,72,19.7,No,0.0306378709460738,Low
1207-BLKSA,Two year,52,23.05,No,0.03061207116759155,Low
7014-ZZXAW,Two year,71,24.25,No,0.03052748387117402,Low
7008-LZVOZ,Two year,66,25.3,No,0.030500563868960846,Low
8232-UTFOZ,Two year,69,19.95,No,0.03046073634021006,Low
7503-EPSZW,Two year,64,24.05,No,0.030422171544814112,Low
4139-DETXS,Two year,72,64.45,DSL,0.03034706615258949,Low
6923-AQONU,Two year,23,20.9,No,0.0303445969327346,Low
1709-EJDOX,Two year,47,19.75,No,0.030248343417959223,Low
1166-PQLGG,Two year,72,19.55,No,0.030200522896344742,Low
7873-CVMAW,Two year,72,88.55,DSL,0.03019771766371512,Low
2207-RYYRL,Two year,52,24.55,No,0.03006154454692977,Low
3154-HMWUU,Two year,60,20.5,No,0.03004452442515043,Low
0363-SVHYR,Two year,71,86.85,DSL,0.029985036836304466,Low
3873-WOSBC,Two year,67,25.6,No,0.029978622251301712,Low
0301-FIDRB,Two year,72,63.8,DSL,0.029967832792583877,Low
0784-ZQJZX,Two year,72,19.9,No,0.029917858234439276,Low
2509-TFPJU,Two year,72,25.75,No,0.029753361497529357,Low
4707-MAXGU,Two year,72,25.85,No,0.029753361497529357,Low
4291-TPNFG,Two year,72,82.3,DSL,0.02963237659117199,Low
0626-QXNGV,Two year,72,24.15,No,0.029581694480141765,Low
4884-LEVMQ,Two year,39,20.45,No,0.02955909132893419,Low
4779-ZGICK,Two year,48,23.55,No,0.02954189739626953,Low
1830-IPXVJ,Two year,61,19.75,No,0.02941424967283487,Low
0936-NQLJU,Two year,41,20.65,No,0.029409589223830957,Low
4565-NLZBV,Two year,71,24.65,No,0.02933384198981139,Low
0744-BIKKF,Two year,72,86.65,DSL,0.029315366032100644,Low
2208-MPXIO,Two year,45,20.0,No,0.029265919494923014,Low
0281-CNTZX,Two year,63,19.95,No,0.02912602460129171,Low
2888-ADFAO,Two year,47,21.3,No,0.029073784246780487,Low
5804-JMYIO,Two year,39,19.75,No,0.029070259713455535,Low
6695-AMZUF,Two year,70,86.45,DSL,0.02903095311236733,Low
7781-HVGMK,Two year,72,65.2,DSL,0.02896181200891935,Low
1852-QSWCD,Two year,64,24.8,No,0.02892781900585129,Low
1926-QUZNN,Two year,72,25.25,No,0.02892639964441376,Low
9242-TKFSV,Two year,72,65.1,DSL,0.028880383346406465,Low
9430-NKQLY,Two year,72,25.1,No,0.028857211973071267,Low
3967-KXAPS,Two year,72,92.3,DSL,0.028769891404065263,Low
7695-PKLCZ,Two year,68,20.5,No,0.02872650259735657,Low
6997-UVGOX,Two year,71,85.45,DSL,0.028661141806226892,Low
0505-SPOOW,Two year,70,19.8,No,0.028637912473987347,Low
9778-OGKQZ,Two year,72,92.0,DSL,0.02823607828981504,Low
2848-YXSMW,Two year,72,19.4,No,0.02818576670972749,Low
3118-UHVVQ,Two year,68,25.8,No,0.028106355822606677,Low
2169-RRLFW,Two year,71,25.6,No,0.028106355822606677,Low
2642-MAWLJ,Two year,36,20.25,No,0.028055502546862416,Low
6685-XSHHU,Two year,60,20.95,No,0.028008848249528165,Low
7096-ZNBZI,Two year,72,26.45,No,0.027951131042857215,Low
1293-BSEUN,Two year,72,20.7,No,0.02785989381512261,Low
7083-MIOPC,Two year,72,20.25,No,0.02784828416510037,Low
7558-IMLMT,Two year,67,20.8,No,0.027817374161886517,Low
3836-FZSDJ,Two year,71,24.85,No,0.02770095938391161,Low
8532-UEFWH,Two year,52,25.75,No,0.02763728760736979,Low
4077-HWUYD,Two year,72,87.55,DSL,0.027521953493449818,Low
1468-DEFNC,Two year,64,24.4,No,0.027483617514305867,Low
0730-BGQGF,Two year,71,90.3,DSL,0.02744528998046319,Low
4674-HGNUA,Two year,71,89.9,DSL,0.02744528998046319,Low
9938-PRCVK,Two year,41,19.7,No,0.027417718275420597,Low
4086-WITJG,Two year,71,19.7,No,0.027405973120842392,Low
8774-GSBUN,Two year,72,25.4,No,0.02731103880757392,Low
4312-KFRXN,Two year,72,25.4,No,0.02731103880757392,Low
5275-PMFUT,Two year,72,64.8,DSL,0.027238488816272475,Low
1241-EZFMJ,Two year,61,25.45,No,0.027027488197102968,Low
6408-WHTEF,Two year,72,89.4,DSL,0.026853111620638092,Low
8164-OCKUJ,Two year,59,20.6,No,0.02658896770169054,Low
7398-HPYZQ,Two year,71,90.55,DSL,0.026413427374992113,Low
6762-NSODU,Two year,46,19.4,No,0.026408382943928787,Low
9975-GPKZU,Two year,46,19.75,No,0.026363887431729974,Low
4718-WXBGI,Two year,72,91.95,DSL,0.026311978596105207,Low
3027-YNWZU,Two year,64,25.0,No,0.026300279412823424,Low
9135-MGVPY,Two year,69,84.7,DSL,0.026220414288813918,Low
3768-VHXQO,Two year,67,24.85,No,0.026209084884011517,Low
4785-FCIFB,Two year,61,24.4,No,0.026197652929017858,Low
0603-TPMIB,Two year,59,25.45,No,0.02610447076042933,Low
2696-RZVZW,Two year,68,25.05,No,0.026091110270616513,Low
4979-HPRFL,Two year,56,24.15,No,0.02593387784578394,Low
3451-VAWLI,Two year,35,19.7,No,0.02590505666370423,Low
1087-GRUYI,Two year,38,20.4,No,0.025771216287282763,Low
1987-AUELQ,Two year,71,25.05,No,0.02556010086818425,Low
1131-QQZEB,Two year,71,23.95,No,0.025444826363368464,Low
5727-MYATE,Two year,72,90.8,DSL,0.025433241367157803,Low
6010-DDPPW,Two year,70,25.15,No,0.025401066851920614,Low
9443-JUBUO,Two year,72,65.25,DSL,0.025299047799785337,Low
2729-VNVAP,Two year,33,19.8,No,0.025294719599502538,Low
5980-BDHPY,Two year,72,87.1,DSL,0.025242684867453374,Low
3913-RDSJZ,Two year,64,25.55,No,0.02521749973762983,Low
8749-TZYEC,Two year,72,24.8,No,0.02513420974007689,Low
0831-JNISG,Two year,71,19.8,No,0.02513114536787045,Low
1951-IEYXM,Two year,72,90.6,DSL,0.025123231780004585,Low
4625-XMOYM,Two year,72,26.25,No,0.025113272903318072,Low
6619-RPLQZ,Two year,45,20.85,No,0.025061078508803507,Low
2378-YIZKA,Two year,68,85.0,DSL,0.025003343657178215,Low
6479-VDGRK,Two year,72,85.3,DSL,0.02497081652501701,Low
6701-YVNQG,Two year,72,88.7,DSL,0.024963719440409527,Low
8237-ULIXL,Two year,72,24.85,No,0.02493553802292349,Low
5997-OPVFA,Two year,72,89.05,DSL,0.0249349515551361,Low
7696-CFTAT,Two year,37,19.8,No,0.024899244052780614,Low
4836-WNFNO,Two year,72,25.0,No,0.024887599383551378,Low
9453-PATOS,Two year,72,85.1,DSL,0.024827077304852393,Low
4534-WGCIR,Two year,58,25.15,No,0.024810380867975376,Low
2925-VDZHY,Two year,72,88.7,DSL,0.02479403800580901,Low
2799-TSLAG,Two year,65,25.3,No,0.02475840664928513,Low
6479-SZPLM,Two year,36,19.45,No,0.02473010452282015,Low
5377-NDTOU,Two year,71,91.05,DSL,0.024650997317643194,Low
2181-TIDSV,Two year,68,19.95,No,0.0246402833378888,Low
6734-PSBAW,Two year,72,23.55,No,0.024510725121672412,Low
7480-SPLEF,Two year,69,26.0,No,0.02450809970309482,Low
5248-YGIJN,Two year,72,90.25,DSL,0.0243853695092635,Low
9371-BITHB,Two year,52,19.85,No,0.02425709239966473,Low
4443-EMBNA,Two year,71,24.75,No,0.02423388130109862,Low
6370-ZVHDV,Two year,61,25.3,No,0.02420375298999394,Low
0374-FIUCA,Two year,65,20.4,No,0.024174966029250698,Low
7463-IFMQU,Two year,72,20.05,No,0.024136979578861458,Low
7969-FFOWG,Two year,65,19.9,No,0.0240717545065087,Low
7717-BICXI,Two year,60,20.55,No,0.02401355498567209,Low
9257-AZMTZ,Two year,52,20.1,No,0.02396634605028092,Low
2545-LXYVJ,Two year,72,20.7,No,0.023858743403400016,Low
0244-LGNFY,Two year,72,92.65,DSL,0.02381169697410118,Low
5115-SQAAU,Two year,69,25.6,No,0.023676120752987258,Low
1227-UDMZR,Two year,72,91.15,DSL,0.02352726437069478,Low
7161-DFHUF,Two year,71,23.85,No,0.02347282101395876,Low
3779-OSWCF,Two year,71,93.2,DSL,0.023464872073709744,Low
6365-HITVU,Two year,71,87.25,DSL,0.02330258770905587,Low
0704-VCUMB,Two year,61,20.25,No,0.023273126384768052,Low
1574-DYCWE,Two year,51,19.95,No,0.023160842626866684,Low
1862-QRWPE,Two year,48,20.65,No,0.023095956778675288,Low
1775-KWJKQ,Two year,72,89.85,DSL,0.023066436400343192,Low
0238-WHBIQ,Two year,72,89.7,DSL,0.023066436400343192,Low
8735-SDUFN,Two year,72,24.3,No,0.023058132085284372,Low
5117-ZSMHQ,Two year,71,89.9,DSL,0.02303130092990721,Low
4821-WQOYN,Two year,72,20.1,No,0.02302570262049628,Low
6885-PKOAM,Two year,71,85.75,DSL,0.022963276654670198,Low
9435-JMLSX,Two year,71,86.1,DSL,0.022947642974560502,Low
5766-FTRTS,Two year,72,84.45,DSL,0.022915863837218834,Low
8197-BFWVU,Two year,72,93.25,DSL,0.022861669414525655,Low
6461-SZMCV,Two year,71,87.95,DSL,0.022859063447467434,Low
2072-ZVJJX,Two year,68,25.25,No,0.022830355109941802,Low
7101-HRBLJ,Two year,72,83.7,DSL,0.022620428081730214,Low
3170-NMYVV,Two year,50,20.15,No,0.02242283222434989,Low
8750-QWZAJ,Two year,70,19.8,No,0.022375831349913076,Low
3190-ITQXP,Two year,46,20.25,No,0.022360118005198416,Low
4277-BWBML,Two year,72,19.95,No,0.022331016896038117,Low
6024-RUGGH,Two year,72,25.2,No,0.02232789457235174,Low
7033-CLAMM,Two year,48,20.2,No,0.022321509976429413,Low
3173-WSSUE,Two year,71,19.7,No,0.022209071234411633,Low
6928-ONTRW,Two year,72,19.7,No,0.022209071234411633,Low
8028-PNXHQ,Two year,62,24.25,No,0.022195728963386594,Low
6892-BOGQE,Two year,71,20.9,No,0.02198375036742217,Low
2194-IIQOF,Two year,71,89.3,DSL,0.021820924335140865,Low
6963-KQYQB,Two year,70,24.05,No,0.021452607353278672,Low
9068-FHQHD,Two year,40,20.15,No,0.021428528776457283,Low
9251-AWQGT,Two year,48,20.0,No,0.021402254446336266,Low
1971-DTCZB,Two year,72,90.95,DSL,0.02131954461668784,Low
3774-VBNXY,Two year,64,20.2,No,0.0212114960249128,Low
6060-QBMGV,Two year,70,19.85,No,0.02117959185971557,Low
6734-JDTTV,Two year,65,19.85,No,0.021137647460102212,Low
3084-DOWLE,Two year,72,92.0,DSL,0.021125199313989488,Low
3569-JFODW,Two year,72,90.95,DSL,0.021110827965979892,Low
4231-LZUYM,Two year,72,25.65,No,0.021066203851933737,Low
7115-IRDHS,Two year,72,24.65,No,0.021047678950089976,Low
5845-BZZIB,Two year,35,20.1,No,0.02090167644049247,Low
9153-BTBVV,Two year,71,25.0,No,0.02087963645273368,Low
8215-NGSPE,Two year,42,20.0,No,0.020876598582572445,Low
7268-WNTCP,Two year,62,20.45,No,0.020872395572238155,Low
5879-HMFFH,Two year,72,88.05,DSL,0.020740912992403285,Low
3508-VLHCZ,Two year,71,90.55,DSL,0.02070438371113752,Low
0962-CQPWQ,Two year,62,20.3,No,0.020642294530073036,Low
7980-MHFLQ,Two year,72,24.9,No,0.020480510430896954,Low
2050-ONYDQ,Two year,65,26.0,No,0.020418094703720895,Low
2632-TACXW,Two year,62,23.65,No,0.020345352122821993,Low
5902-WBLSE,Two year,70,20.15,No,0.020166746366355945,Low
4817-KEQSP,Two year,71,19.85,No,0.02015276005093424,Low
3457-PQBYH,Two year,58,20.3,No,0.020071841477225127,Low
6340-DACFT,Two year,50,20.55,No,0.020043279886884865,Low
5846-ABOBJ,Two year,71,24.45,No,0.020028460510734588,Low
6169-PPETC,Two year,35,20.5,No,0.019996379028188304,Low
2346-LOCWC,Two year,58,20.5,No,0.01989406010999665,Low
9537-JALFH,Two year,69,19.9,No,0.01987052767127708,Low
3678-MNGZX,Two year,68,19.95,No,0.01987052767127708,Low
1820-DJFPH,Two year,72,24.05,No,0.01986384773635851,Low
4589-IUAJB,Two year,70,24.25,No,0.01977936150789295,Low
5242-UOWHD,Two year,45,20.35,No,0.019718304512942642,Low
5220-AGAAX,Two year,68,24.0,No,0.019547650859316736,Low
3996-ZNWYK,Two year,71,19.8,No,0.019443429709366616,Low
5970-GHJAW,Two year,46,19.95,No,0.0193637635215701,Low
4973-MGTON,Two year,71,84.4,DSL,0.01923674549578426,Low
9489-JMTTN,Two year,72,89.75,DSL,0.019114182682592108,Low
1299-AURJA,Two year,70,24.7,No,0.019076571534472637,Low
0640-YJTPY,Two year,72,21.0,No,0.018860890642115945,Low
0971-QIFJK,Two year,69,24.25,No,0.01884960582220532,Low
8285-ABVLB,Two year,70,19.85,No,0.01881441090683262,Low
4878-BUNFV,Two year,42,20.7,No,0.01876738121373069,Low
0394-YONDK,Two year,70,25.15,No,0.01873923996448881,Low
0902-XKXPN,Two year,69,20.2,No,0.018716543330451158,Low
7711-GQBZC,Two year,71,24.7,No,0.01867125214592812,Low
0794-YVSGE,Two year,72,20.3,No,0.018607941446804745,Low
1591-XWLGB,Two year,71,19.85,No,0.01840909151828811,Low
0174-QRVVY,Two year,71,25.35,No,0.018355118045094723,Low
8434-VGEQQ,Two year,61,20.55,No,0.018286082004101787,Low
0485-ZBSLN,Two year,65,24.75,No,0.018285927813306235,Low
3642-BYHDO,Two year,71,19.9,No,0.018282436725564663,Low
6285-FTQBF,Two year,72,25.55,No,0.018153173090091162,Low
1927-QEWMY,Two year,72,20.5,No,0.017988129296613805,Low
2607-DHDAK,Two year,72,19.8,No,0.01782547957888936,Low
0264-CNITK,Two year,71,20.1,No,0.017782870776124893,Low
0464-WJTKO,Two year,72,20.1,No,0.017782870776124893,Low
7673-BQGKU,Two year,69,20.15,No,0.017782870776124893,Low
6651-RLGGM,Two year,67,26.3,No,0.0177131135884849,Low
5854-KSRBJ,Two year,70,25.4,No,0.01762776581629649,Low
9838-BFCQT,Two year,72,26.1,No,0.01757510503340893,Low
9081-WWXKP,Two year,47,20.25,No,0.01753686466711794,Low
6181-AXXYF,Two year,72,24.75,No,0.017524893823468553,Low
7408-OFWXJ,Two year,72,89.8,DSL,0.017471185855981394,Low
3810-PJUHR,Two year,70,25.35,No,0.01739999946073717,Low
7634-HLQJR,Two year,47,20.05,No,0.017389839798282312,Low
6980-IMXXE,Two year,69,20.2,No,0.01727547725357437,Low
7225-IILWY,Two year,68,25.75,No,0.01686070769824217,Low
8780-IHCRN,Two year,63,24.65,No,0.016729370294812092,Low
1555-HAPSU,Two year,71,23.9,No,0.016570966058425736,Low
8946-BFWSG,Two year,63,25.25,No,0.01642750657661301,Low
2236-HILPA,Two year,62,20.65,No,0.01634671235303238,Low
7064-JHXCE,Two year,62,20.05,No,0.01619167127289945,Low
8229-BUJHX,Two year,71,20.5,No,0.015657034529007925,Low
0480-KYJVA,Two year,72,24.25,No,0.01565337908721039,Low
6857-TKDJV,Two year,67,24.65,No,0.015257953703428504,Low
0562-HKHML,Two year,71,23.9,No,0.015249085929114371,Low
0402-OAMEN,Two year,72,24.45,No,0.015118097717705448,Low
3261-CQXOL,Two year,71,25.45,No,0.014998762661869931,Low
4193-IBKSW,Two year,72,24.75,No,0.014878680900373439,Low
8165-ZJRNM,Two year,72,23.75,No,0.014834310863163027,Low
6621-NRZAK,Two year,63,20.0,No,0.014814152233492509,Low
5884-FBCTL,Two year,72,25.1,No,0.014720428969059292,Low
7010-BRBUU,Two year,72,24.1,No,0.014331498957899026,Low
9800-OUIGR,Two year,66,20.0,No,0.014042227627077101,Low
9574-BOSMD,Two year,68,25.4,No,0.013990287541058022,Low
1403-GYAFU,Two year,70,20.05,No,0.013847994952254318,Low
6976-BWGLQ,Two year,72,25.2,No,0.013789536424832232,Low
7876-DNYAP,Two year,69,19.8,No,0.013767141908472396,Low
4195-PNGZS,Two year,69,24.45,No,0.013717938821481186,Low
4957-SREEC,Two year,70,20.35,No,0.013298581597595666,Low
7684-XSZIY,Two year,72,24.3,No,0.013132689535544707,Low
1052-QJIBV,Two year,71,19.9,No,0.012667376216195625,Low
8224-KDLKN,Two year,72,25.0,No,0.011624778417510967,Low
